symbol,ensembl_id,source
TSPAN6,ENSG00000000003,gencode
TNMD,ENSG00000000005,gencode
DPM1,ENSG00000000419,gencode
SCYL3,ENSG00000000457,gencode
C1orf112,ENSG00000000460,gencode
FGR,ENSG00000000938,gencode
CFH,ENSG00000000971,gencode
FUCA2,ENSG00000001036,gencode
GCLC,ENSG00000001084,gencode
NFYA,ENSG00000001167,gencode
STPG1,ENSG00000001460,gencode
NIPAL3,ENSG00000001461,gencode
LAS1L,ENSG00000001497,gencode
ENPP4,ENSG00000001561,gencode
SEMA3F,ENSG00000001617,gencode
CFTR,ENSG00000001626,gencode
ANKIB1,ENSG00000001629,gencode
CYP51A1,ENSG00000001630,gencode
KRIT1,ENSG00000001631,gencode
RAD52,ENSG00000002016,gencode
BAD,ENSG00000002330,gencode
LAP3,ENSG00000002549,gencode
CD99,ENSG00000002586,gencode
HS3ST1,ENSG00000002587,gencode
AOC1,ENSG00000002726,gencode
WNT16,ENSG00000002745,gencode
HECW1,ENSG00000002746,gencode
MAD1L1,ENSG00000002822,gencode
LASP1,ENSG00000002834,gencode
SNX11,ENSG00000002919,gencode
TMEM176A,ENSG00000002933,gencode
M6PR,ENSG00000003056,gencode
KLHL13,ENSG00000003096,gencode
CYP26B1,ENSG00000003137,gencode
ICA1,ENSG00000003147,gencode
DBNDD1,ENSG00000003249,gencode
ALS2,ENSG00000003393,gencode
CASP10,ENSG00000003400,gencode
CFLAR,ENSG00000003402,gencode
TFPI,ENSG00000003436,gencode
NDUFAF7,ENSG00000003509,gencode
RBM5,ENSG00000003756,gencode
MTMR7,ENSG00000003987,gencode
SLC7A2,ENSG00000003989,gencode
ARF5,ENSG00000004059,gencode
SARM1,ENSG00000004139,gencode
POLDIP2,ENSG00000004142,gencode
PLXND1,ENSG00000004399,gencode
CD38,ENSG00000004468,gencode
FKBP4,ENSG00000004478,gencode
KDM1A,ENSG00000004487,gencode
RBM6,ENSG00000004534,gencode
CAMKK1,ENSG00000004660,gencode
RECQL,ENSG00000004700,gencode
VPS50,ENSG00000004766,gencode
HSPB6,ENSG00000004776,gencode
ARHGAP33,ENSG00000004777,gencode
NDUFAB1,ENSG00000004779,gencode
PDK4,ENSG00000004799,gencode
SLC22A16,ENSG00000004809,gencode
ZMYND10,ENSG00000004838,gencode
ABCB5,ENSG00000004846,gencode
ARX,ENSG00000004848,gencode
SLC25A13,ENSG00000004864,gencode
ST7,ENSG00000004866,gencode
CDC27,ENSG00000004897,gencode
SLC4A1,ENSG00000004939,gencode
CALCR,ENSG00000004948,gencode
HCCS,ENSG00000004961,gencode
DVL2,ENSG00000004975,gencode
PRSS22,ENSG00000005001,gencode
UPF1,ENSG00000005007,gencode
SKAP2,ENSG00000005020,gencode
SLC25A5,ENSG00000005022,gencode
MCUB,ENSG00000005059,gencode
HOXA11,ENSG00000005073,gencode
DHX33,ENSG00000005100,gencode
MEOX1,ENSG00000005102,gencode
THSD7A,ENSG00000005108,gencode
LIG3,ENSG00000005156,gencode
RPAP3,ENSG00000005175,gencode
ACSM3,ENSG00000005187,gencode
REXO5,ENSG00000005189,gencode
CIAPIN1,ENSG00000005194,gencode
SPPL2B,ENSG00000005206,gencode
FAM214B,ENSG00000005238,gencode
COPZ2,ENSG00000005243,gencode
PRKAR2B,ENSG00000005249,gencode
MSL3,ENSG00000005302,gencode
CREBBP,ENSG00000005339,gencode
TSPOAP1,ENSG00000005379,gencode
MPO,ENSG00000005381,gencode
PON1,ENSG00000005421,gencode
GCFC2,ENSG00000005436,gencode
WDR54,ENSG00000005448,gencode
CROT,ENSG00000005469,gencode
ABCB4,ENSG00000005471,gencode
KMT2E,ENSG00000005483,gencode
RHBDD2,ENSG00000005486,gencode
SOX8,ENSG00000005513,gencode
IBTK,ENSG00000005700,gencode
ZNF195,ENSG00000005801,gencode
MYCBP2,ENSG00000005810,gencode
FBXL3,ENSG00000005812,gencode
ITGAL,ENSG00000005844,gencode
PDK2,ENSG00000005882,gencode
ITGA3,ENSG00000005884,gencode
ZFX,ENSG00000005889,gencode
LAMP2,ENSG00000005893,gencode
ITGA2B,ENSG00000005961,gencode
ASB4,ENSG00000005981,gencode
GDE1,ENSG00000006007,gencode
REX1BD,ENSG00000006015,gencode
CRLF1,ENSG00000006016,gencode
OSBPL7,ENSG00000006025,gencode
TMEM98,ENSG00000006042,gencode
YBX2,ENSG00000006047,gencode
KRT33A,ENSG00000006059,gencode
MAP3K14,ENSG00000006062,gencode
ABCC8,ENSG00000006071,gencode
CACNG3,ENSG00000006116,gencode
TMEM132A,ENSG00000006118,gencode
AP2B1,ENSG00000006125,gencode
TAC1,ENSG00000006128,gencode
ZNF263,ENSG00000006194,gencode
CX3CL1,ENSG00000006210,gencode
SPATA20,ENSG00000006282,gencode
CACNA1G,ENSG00000006283,gencode
TNFRSF12A,ENSG00000006327,gencode
DLX6,ENSG00000006377,gencode
MAP3K9,ENSG00000006432,gencode
RALA,ENSG00000006451,gencode
BAIAP2L1,ENSG00000006453,gencode
KDM7A,ENSG00000006459,gencode
ETV1,ENSG00000006468,gencode
AGK,ENSG00000006530,gencode
ALDH3B1,ENSG00000006534,gencode
TTC22,ENSG00000006555,gencode
PHTF2,ENSG00000006576,gencode
CCL26,ENSG00000006606,gencode
FARP2,ENSG00000006607,gencode
USH1C,ENSG00000006611,gencode
GGCT,ENSG00000006625,gencode
DBF4,ENSG00000006634,gencode
TBXA2R,ENSG00000006638,gencode
IFRD1,ENSG00000006652,gencode
LGALS14,ENSG00000006659,gencode
COX10,ENSG00000006695,gencode
GTF2IRD1,ENSG00000006704,gencode
PAF1,ENSG00000006712,gencode
VPS41,ENSG00000006715,gencode
ARHGAP44,ENSG00000006740,gencode
ELAC2,ENSG00000006744,gencode
SCIN,ENSG00000006747,gencode
ARSD,ENSG00000006756,gencode
PNPLA4,ENSG00000006757,gencode
MYH13,ENSG00000006788,gencode
ADIPOR2,ENSG00000006831,gencode
CDKL3,ENSG00000006837,gencode
UPP2,ENSG00000007001,gencode
PRSS21,ENSG00000007038,gencode
MARK4,ENSG00000007047,gencode
PROM1,ENSG00000007062,gencode
CCDC124,ENSG00000007080,gencode
CEACAM21,ENSG00000007129,gencode
PAFAH1B1,ENSG00000007168,gencode
NOS2,ENSG00000007171,gencode
DNAH9,ENSG00000007174,gencode
KIAA0100,ENSG00000007202,gencode
SLC13A2,ENSG00000007216,gencode
GAS7,ENSG00000007237,gencode
TRAPPC6A,ENSG00000007255,gencode
MATK,ENSG00000007264,gencode
CEACAM7,ENSG00000007306,gencode
CD79B,ENSG00000007312,gencode
SCN4A,ENSG00000007314,gencode
ST7L,ENSG00000007341,gencode
TKTL1,ENSG00000007350,gencode
PAX6,ENSG00000007372,gencode
RPUSD1,ENSG00000007376,gencode
RHBDF1,ENSG00000007384,gencode
LUC7L,ENSG00000007392,gencode
CACNA2D2,ENSG00000007402,gencode
BAIAP3,ENSG00000007516,gencode
TSR3,ENSG00000007520,gencode
PIGQ,ENSG00000007541,gencode
CRAMP1,ENSG00000007545,gencode
TEAD3,ENSG00000007866,gencode
SELE,ENSG00000007908,gencode
DNAJC11,ENSG00000007923,gencode
FMO3,ENSG00000007933,gencode
MYLIP,ENSG00000007944,gencode
NOX1,ENSG00000007952,gencode
E2F2,ENSG00000007968,gencode
PSMB1,ENSG00000008018,gencode
SYN1,ENSG00000008056,gencode
JARID2,ENSG00000008083,gencode
CDKL5,ENSG00000008086,gencode
CAMK1G,ENSG00000008118,gencode
CDK11A,ENSG00000008128,gencode
NADK,ENSG00000008130,gencode
TFAP2B,ENSG00000008196,gencode
TFAP2D,ENSG00000008197,gencode
DLEC1,ENSG00000008226,gencode
CYTH3,ENSG00000008256,gencode
ADAM22,ENSG00000008277,gencode
SYPL1,ENSG00000008282,gencode
CYB561,ENSG00000008283,gencode
SPAG9,ENSG00000008294,gencode
CELSR3,ENSG00000008300,gencode
AASS,ENSG00000008311,gencode
PLEKHG6,ENSG00000008323,gencode
SS18L2,ENSG00000008324,gencode
MPND,ENSG00000008382,gencode
MGST1,ENSG00000008394,gencode
CRY1,ENSG00000008405,gencode
PGLYRP1,ENSG00000008438,gencode
NFIX,ENSG00000008441,gencode
ST3GAL1,ENSG00000008513,gencode
MMP25,ENSG00000008516,gencode
IL32,ENSG00000008517,gencode
PKD1,ENSG00000008710,gencode
MAPK8IP2,ENSG00000008735,gencode
MED24,ENSG00000008838,gencode
RHOBTB2,ENSG00000008853,gencode
HEATR5B,ENSG00000008869,gencode
SEC62,ENSG00000008952,gencode
CSDE1,ENSG00000009307,gencode
UBE3C,ENSG00000009335,gencode
REV3L,ENSG00000009413,gencode
TENM1,ENSG00000009694,gencode
PAX7,ENSG00000009709,gencode
MASP2,ENSG00000009724,gencode
IYD,ENSG00000009765,gencode
FAM76A,ENSG00000009780,gencode
TRAF3IP3,ENSG00000009790,gencode
POMT2,ENSG00000009830,gencode
VTA1,ENSG00000009844,gencode
MLXIPL,ENSG00000009950,gencode
BAZ1B,ENSG00000009954,gencode
RANBP9,ENSG00000010017,gencode
ETV7,ENSG00000010030,gencode
SPRTN,ENSG00000010072,gencode
EEF1AKNMT,ENSG00000010165,gencode
DYRK4,ENSG00000010219,gencode
ZNF207,ENSG00000010244,gencode
UQCRC1,ENSG00000010256,gencode
STARD3NL,ENSG00000010270,gencode
CD9,ENSG00000010278,gencode
HHATL,ENSG00000010282,gencode
NCAPD2,ENSG00000010292,gencode
IFFO1,ENSG00000010295,gencode
GIPR,ENSG00000010310,gencode
SEMA3G,ENSG00000010319,gencode
NISCH,ENSG00000010322,gencode
STAB1,ENSG00000010327,gencode
FUZ,ENSG00000010361,gencode
SLC6A13,ENSG00000010379,gencode
IDS,ENSG00000010404,gencode
PRSS3,ENSG00000010438,gencode
ZNF200,ENSG00000010539,gencode
CD4,ENSG00000010610,gencode
LRRC23,ENSG00000010626,gencode
BTK,ENSG00000010671,gencode
HFE,ENSG00000010704,gencode
SCMH1,ENSG00000010803,gencode
FYN,ENSG00000010810,gencode
HIVEP2,ENSG00000010818,gencode
FMO1,ENSG00000010932,gencode
ELOA,ENSG00000011007,gencode
LYPLA2,ENSG00000011009,gencode
CLCN6,ENSG00000011021,gencode
MRC2,ENSG00000011028,gencode
SLC6A7,ENSG00000011083,gencode
TSPAN9,ENSG00000011105,gencode
BTBD7,ENSG00000011114,gencode
MKS1,ENSG00000011143,gencode
ABHD5,ENSG00000011198,gencode
ANOS1,ENSG00000011201,gencode
AKAP8L,ENSG00000011243,gencode
MBTD1,ENSG00000011258,gencode
UTP18,ENSG00000011260,gencode
RNF216,ENSG00000011275,gencode
TTC19,ENSG00000011295,gencode
PTBP1,ENSG00000011304,gencode
DPF1,ENSG00000011332,gencode
SYT7,ENSG00000011347,gencode
LARS2,ENSG00000011376,gencode
PIK3C2A,ENSG00000011405,gencode
PLAUR,ENSG00000011422,gencode
ANLN,ENSG00000011426,gencode
WIZ,ENSG00000011451,gencode
RABGAP1,ENSG00000011454,gencode
DCN,ENSG00000011465,gencode
QPCTL,ENSG00000011478,gencode
PPP5C,ENSG00000011485,gencode
CEP68,ENSG00000011523,gencode
MAP4K3,ENSG00000011566,gencode
ZBTB32,ENSG00000011590,gencode
TYROBP,ENSG00000011600,gencode
TMEM159,ENSG00000011638,gencode
GABRA3,ENSG00000011677,gencode
BRCA1,ENSG00000012048,gencode
ERCC1,ENSG00000012061,gencode
CD22,ENSG00000012124,gencode
SEMA3B,ENSG00000012171,gencode
MBTPS2,ENSG00000012174,gencode
PRICKLE3,ENSG00000012211,gencode
LTF,ENSG00000012223,gencode
EXTL3,ENSG00000012232,gencode
NR1H4,ENSG00000012504,gencode
ELOVL5,ENSG00000012660,gencode
ALOX5,ENSG00000012779,gencode
KDM5D,ENSG00000012817,gencode
CALCOCO1,ENSG00000012822,gencode
UBR7,ENSG00000012963,gencode
MAP4K5,ENSG00000012983,gencode
EHD3,ENSG00000013016,gencode
PSMC4,ENSG00000013275,gencode
MAN2B2,ENSG00000013288,gencode
SLC7A14,ENSG00000013293,gencode
CLDN11,ENSG00000013297,gencode
SLC25A39,ENSG00000013306,gencode
MVP,ENSG00000013364,gencode
NUB1,ENSG00000013374,gencode
PGM3,ENSG00000013375,gencode
RWDD2A,ENSG00000013392,gencode
CLK1,ENSG00000013441,gencode
POLR3B,ENSG00000013503,gencode
ANGEL1,ENSG00000013523,gencode
RNF14,ENSG00000013561,gencode
DNASE1L1,ENSG00000013563,gencode
DDX11,ENSG00000013573,gencode
HEBP1,ENSG00000013583,gencode
GPRC5A,ENSG00000013588,gencode
MAMLD1,ENSG00000013619,gencode
CD6,ENSG00000013725,gencode
TACC3,ENSG00000013810,gencode
UFL1,ENSG00000014123,gencode
POLA2,ENSG00000014138,gencode
ZC3H3,ENSG00000014164,gencode
CAPN1,ENSG00000014216,gencode
ACPP,ENSG00000014257,gencode
MDH1,ENSG00000014641,gencode
SLC30A9,ENSG00000014824,gencode
MTMR11,ENSG00000014914,gencode
COX15,ENSG00000014919,gencode
CCDC88C,ENSG00000015133,gencode
YAF2,ENSG00000015153,gencode
ZMYND11,ENSG00000015171,gencode
WAS,ENSG00000015285,gencode
DPEP1,ENSG00000015413,gencode
BID,ENSG00000015475,gencode
NPC1L1,ENSG00000015520,gencode
XYLT2,ENSG00000015532,gencode
STMN4,ENSG00000015592,gencode
NUDCD3,ENSG00000015676,gencode
ISL1,ENSG00000016082,gencode
CHDH,ENSG00000016391,gencode
IL20RA,ENSG00000016402,gencode
CLCA1,ENSG00000016490,gencode
CLCA4,ENSG00000016602,gencode
GLT8D1,ENSG00000016864,gencode
ATP2C1,ENSG00000017260,gencode
IGF1,ENSG00000017427,gencode
SLC38A5,ENSG00000017483,gencode
RALBP1,ENSG00000017797,gencode
RUFY3,ENSG00000018189,gencode
CNTN1,ENSG00000018236,gencode
SLC11A1,ENSG00000018280,gencode
WWTR1,ENSG00000018408,gencode
AGPS,ENSG00000018510,gencode
CXorf56,ENSG00000018610,gencode
ATP1A2,ENSG00000018625,gencode
TTC27,ENSG00000018699,gencode
ZNF582,ENSG00000018869,gencode
VSIG2,ENSG00000019102,gencode
PHLDB1,ENSG00000019144,gencode
MARCO,ENSG00000019169,gencode
CYP24A1,ENSG00000019186,gencode
PRDM11,ENSG00000019485,gencode
SYT13,ENSG00000019505,gencode
SNAI2,ENSG00000019549,gencode
CD74,ENSG00000019582,gencode
HGF,ENSG00000019991,gencode
ZRANB1,ENSG00000019995,gencode
NCDN,ENSG00000020129,gencode
ADGRA2,ENSG00000020181,gencode
ZFP64,ENSG00000020256,gencode
MNAT1,ENSG00000020426,gencode
SAMD4A,ENSG00000020577,gencode
RUNX3,ENSG00000020633,gencode
MRE11,ENSG00000020922,gencode
PLEKHB1,ENSG00000021300,gencode
SERPINB1,ENSG00000021355,gencode
CYP3A43,ENSG00000021461,gencode
SLC7A9,ENSG00000021488,gencode
SPAST,ENSG00000021574,gencode
NRXN3,ENSG00000021645,gencode
OSBPL5,ENSG00000021762,gencode
AQR,ENSG00000021776,gencode
CPS1,ENSG00000021826,gencode
C8B,ENSG00000021852,gencode
FHL1,ENSG00000022267,gencode
RTF2,ENSG00000022277,gencode
GABRA1,ENSG00000022355,gencode
NLRP2,ENSG00000022556,gencode
SLC45A4,ENSG00000022567,gencode
RNF10,ENSG00000022840,gencode
ZNF839,ENSG00000022976,gencode
ZDHHC6,ENSG00000023041,gencode
GRAMD1B,ENSG00000023171,gencode
RNH1,ENSG00000023191,gencode
NDUFS1,ENSG00000023228,gencode
RB1CC1,ENSG00000023287,gencode
ERP44,ENSG00000023318,gencode
ALAS1,ENSG00000023330,gencode
BIRC3,ENSG00000023445,gencode
AKAP11,ENSG00000023516,gencode
GLRX2,ENSG00000023572,gencode
SNAPC1,ENSG00000023608,gencode
DERA,ENSG00000023697,gencode
STRAP,ENSG00000023734,gencode
ABCC2,ENSG00000023839,gencode
DEF6,ENSG00000023892,gencode
PLEKHO1,ENSG00000023902,gencode
GCLM,ENSG00000023909,gencode
UBR2,ENSG00000024048,gencode
EHD2,ENSG00000024422,gencode
DEPDC1,ENSG00000024526,gencode
CCDC28A,ENSG00000024862,gencode
RRAGD,ENSG00000025039,gencode
HSF2,ENSG00000025156,gencode
PHF20,ENSG00000025293,gencode
HSD17B6,ENSG00000025423,gencode
NR1H3,ENSG00000025434,gencode
TYMP,ENSG00000025708,gencode
NCAPH2,ENSG00000025770,gencode
TOMM34,ENSG00000025772,gencode
SEC63,ENSG00000025796,gencode
KPNA6,ENSG00000025800,gencode
VIM,ENSG00000026025,gencode
FAS,ENSG00000026103,gencode
RNASET2,ENSG00000026297,gencode
CD44,ENSG00000026508,gencode
KCNG1,ENSG00000026559,gencode
AGPAT4,ENSG00000026652,gencode
SLAMF7,ENSG00000026751,gencode
BTN3A1,ENSG00000026950,gencode
MIPEP,ENSG00000027001,gencode
PRKCH,ENSG00000027075,gencode
INSRR,ENSG00000027644,gencode
IFNGR1,ENSG00000027697,gencode
B4GALT7,ENSG00000027847,gencode
SH2D2A,ENSG00000027869,gencode
VRK2,ENSG00000028116,gencode
TNFRSF1B,ENSG00000028137,gencode
VEZT,ENSG00000028203,gencode
POU2F2,ENSG00000028277,gencode
BRD9,ENSG00000028310,gencode
SNX1,ENSG00000028528,gencode
TBPL1,ENSG00000028839,gencode
ARNTL2,ENSG00000029153,gencode
BCLAF1,ENSG00000029363,gencode
SLC39A9,ENSG00000029364,gencode
ANK1,ENSG00000029534,gencode
IBSP,ENSG00000029559,gencode
TFB1M,ENSG00000029639,gencode
RABEP1,ENSG00000029725,gencode
HMGB3,ENSG00000029993,gencode
NUP160,ENSG00000030066,gencode
BAK1,ENSG00000030110,gencode
MUSK,ENSG00000030304,gencode
IKZF2,ENSG00000030419,gencode
GRN,ENSG00000030582,gencode
FAM13B,ENSG00000031003,gencode
ARHGAP31,ENSG00000031081,gencode
CENPQ,ENSG00000031691,gencode
SARS,ENSG00000031698,gencode
RANBP3,ENSG00000031823,gencode
ARID4A,ENSG00000032219,gencode
EIPR1,ENSG00000032389,gencode
PNPLA6,ENSG00000032444,gencode
IFT88,ENSG00000032742,gencode
ALG1,ENSG00000033011,gencode
ZCCHC8,ENSG00000033030,gencode
ABCF2,ENSG00000033050,reference_var
CHPF2,ENSG00000033100,gencode
LRRC7,ENSG00000033122,gencode
FUT8,ENSG00000033170,gencode
UBA6,ENSG00000033178,gencode
GAB2,ENSG00000033327,gencode
ATP6V0A1,ENSG00000033627,gencode
PIAS1,ENSG00000033800,gencode
SLC4A7,ENSG00000033867,gencode
APBA2,ENSG00000034053,gencode
MAP2K3,ENSG00000034152,gencode
EFCAB1,ENSG00000034239,gencode
TMSB10,ENSG00000034510,gencode
ASTE1,ENSG00000034533,gencode
RNF19A,ENSG00000034677,gencode
PEX3,ENSG00000034693,gencode
MYOC,ENSG00000034971,gencode
SH3YL1,ENSG00000035115,gencode
FAM136A,ENSG00000035141,gencode
VCL,ENSG00000035403,gencode
DEPDC1B,ENSG00000035499,gencode
DAPK2,ENSG00000035664,gencode
NSMAF,ENSG00000035681,gencode
ADSS,ENSG00000035687,gencode
STAP1,ENSG00000035720,gencode
TIMP2,ENSG00000035862,gencode
RFC1,ENSG00000035928,gencode
TBC1D23,ENSG00000036054,gencode
CUL3,ENSG00000036257,gencode
MYOM2,ENSG00000036448,gencode
OTC,ENSG00000036473,gencode
CYP46A1,ENSG00000036530,gencode
AC118549.1,ENSG00000036549,gencode
SLC18A1,ENSG00000036565,gencode
USP2,ENSG00000036672,gencode
CASR,ENSG00000036828,gencode
TUBG2,ENSG00000037042,gencode
FLT4,ENSG00000037280,gencode
NSUN2,ENSG00000037474,gencode
FBXO42,ENSG00000037637,gencode
MFAP3,ENSG00000037749,gencode
MRI1,ENSG00000037757,gencode
METTL1,ENSG00000037897,gencode
HOXC8,ENSG00000037965,gencode
AGA,ENSG00000038002,gencode
PI4K2B,ENSG00000038210,gencode
BOD1L1,ENSG00000038219,gencode
MAT2B,ENSG00000038274,gencode
TLL1,ENSG00000038295,gencode
EDC4,ENSG00000038358,gencode
TRIO,ENSG00000038382,gencode
VCAN,ENSG00000038427,gencode
CLEC16A,ENSG00000038532,gencode
MSR1,ENSG00000038945,gencode
CDH1,ENSG00000039068,gencode
MTREX,ENSG00000039123,gencode
DNAH5,ENSG00000039139,gencode
ZFYVE16,ENSG00000039319,gencode
RIPOR1,ENSG00000039523,gencode
C6,ENSG00000039537,gencode
RAI14,ENSG00000039560,gencode
SOX30,ENSG00000039600,gencode
BEST2,ENSG00000039987,gencode
PHLPP2,ENSG00000040199,gencode
SPDL1,ENSG00000040275,gencode
STAU2,ENSG00000040341,gencode
SLC66A1,ENSG00000040487,gencode
CTNS,ENSG00000040531,gencode
RTN4R,ENSG00000040608,gencode
PHF23,ENSG00000040633,gencode
CDH10,ENSG00000040731,gencode
INPP4A,ENSG00000040933,gencode
RAB27B,ENSG00000041353,gencode
PSMA4,ENSG00000041357,gencode
MYO16,ENSG00000041515,gencode
LSG1,ENSG00000041802,gencode
PARP3,ENSG00000041880,gencode
TNC,ENSG00000041982,gencode
THAP3,ENSG00000041988,gencode
RIPOR3,ENSG00000042062,gencode
TDP1,ENSG00000042088,gencode
AIFM2,ENSG00000042286,gencode
C2orf83,ENSG00000042304,gencode
SPATA7,ENSG00000042317,gencode
MED17,ENSG00000042429,gencode
RETSAT,ENSG00000042445,gencode
CAPG,ENSG00000042493,gencode
AP2S1,ENSG00000042753,gencode
USH2A,ENSG00000042781,gencode
ZPBP,ENSG00000042813,gencode
TG,ENSG00000042832,gencode
ADAM28,ENSG00000042980,gencode
BARX2,ENSG00000043039,gencode
DCUN1D1,ENSG00000043093,gencode
JADE2,ENSG00000043143,gencode
ZIC2,ENSG00000043355,gencode
LCP2,ENSG00000043462,gencode
TRIT1,ENSG00000043514,gencode
ADRB1,ENSG00000043591,gencode
GUCA2B,ENSG00000044012,gencode
CUL7,ENSG00000044090,gencode
CTNNA1,ENSG00000044115,gencode
PHKA2,ENSG00000044446,gencode
CNTLN,ENSG00000044459,gencode
EPHA3,ENSG00000044524,gencode
HSPA5,ENSG00000044574,gencode
DSG2,ENSG00000046604,gencode
GEMIN8,ENSG00000046647,gencode
OFD1,ENSG00000046651,gencode
GPM6B,ENSG00000046653,gencode
MAGEC2,ENSG00000046774,gencode
PREX2,ENSG00000046889,gencode
WDR37,ENSG00000047056,gencode
YTHDC2,ENSG00000047188,gencode
CTPS2,ENSG00000047230,gencode
ATP6V1H,ENSG00000047249,gencode
POLR2B,ENSG00000047315,gencode
FAM214A,ENSG00000047346,gencode
ARAP2,ENSG00000047365,gencode
TPR,ENSG00000047410,gencode
CP,ENSG00000047457,gencode
KIAA0556,ENSG00000047578,gencode
DTNBP1,ENSG00000047579,gencode
XK,ENSG00000047597,gencode
ANO2,ENSG00000047617,gencode
C12orf4,ENSG00000047621,gencode
SCML1,ENSG00000047634,gencode
WWC3,ENSG00000047644,gencode
ARHGAP6,ENSG00000047648,gencode
MAP4,ENSG00000047849,gencode
GOPC,ENSG00000047932,gencode
ROS1,ENSG00000047936,gencode
USP28,ENSG00000048028,gencode
HDAC9,ENSG00000048052,gencode
TSPAN17,ENSG00000048140,gencode
NOP16,ENSG00000048162,gencode
CC2D2A,ENSG00000048342,gencode
RRM2B,ENSG00000048392,gencode
ZNF800,ENSG00000048405,gencode
TNFRSF17,ENSG00000048462,gencode
SNX29,ENSG00000048471,gencode
LMO3,ENSG00000048540,gencode
GUCA1A,ENSG00000048545,gencode
RSF1,ENSG00000048649,gencode
VPS13D,ENSG00000048707,gencode
CELF2,ENSG00000048740,gencode
FAM120A,ENSG00000048828,gencode
R3HDM1,ENSG00000048991,gencode
COL9A2,ENSG00000049089,gencode
KITLG,ENSG00000049130,gencode
ERCC8,ENSG00000049167,gencode
ADAMTS6,ENSG00000049192,gencode
H6PD,ENSG00000049239,gencode
VAMP3,ENSG00000049245,gencode
PER3,ENSG00000049246,gencode
UTS2,ENSG00000049247,gencode
TNFRSF9,ENSG00000049249,gencode
EPN3,ENSG00000049283,gencode
LTBP1,ENSG00000049323,gencode
RCN1,ENSG00000049449,gencode
ELN,ENSG00000049540,gencode
RFC2,ENSG00000049541,gencode
ARID1B,ENSG00000049618,gencode
CLPTM1L,ENSG00000049656,gencode
NEDD4L,ENSG00000049759,gencode
FOXP3,ENSG00000049768,gencode
PPP1R3F,ENSG00000049769,gencode
HEXB,ENSG00000049860,gencode
PTCD2,ENSG00000049883,gencode
NEXMIF,ENSG00000050030,gencode
JKAMP,ENSG00000050130,gencode
DKK3,ENSG00000050165,gencode
ARHGEF5,ENSG00000050327,gencode
NFE2L3,ENSG00000050344,gencode
MCUR1,ENSG00000050393,gencode
LIMA1,ENSG00000050405,gencode
LETMD1,ENSG00000050426,gencode
SLC4A8,ENSG00000050438,gencode
LAMC3,ENSG00000050555,gencode
PTGER3,ENSG00000050628,gencode
TNIP3,ENSG00000050730,gencode
MAPK9,ENSG00000050748,gencode
COL23A1,ENSG00000050767,gencode
BCAR1,ENSG00000050820,gencode
FAM160A2,ENSG00000051009,gencode
HERPUD1,ENSG00000051108,gencode
HOMER3,ENSG00000051128,gencode
RAD51,ENSG00000051180,gencode
POLQ,ENSG00000051341,gencode
PIK3CB,ENSG00000051382,gencode
CYBA,ENSG00000051523,gencode
THOC3,ENSG00000051596,gencode
HEBP2,ENSG00000051620,gencode
MPHOSPH9,ENSG00000051825,gencode
PLEKHA5,ENSG00000052126,gencode
PRSS8,ENSG00000052344,gencode
SIKE1,ENSG00000052723,gencode
RRP12,ENSG00000052749,gencode
FNIP2,ENSG00000052795,gencode
MSMO1,ENSG00000052802,gencode
TTC17,ENSG00000052841,gencode
ALX4,ENSG00000052850,gencode
FSTL4,ENSG00000053108,gencode
FOXN3,ENSG00000053254,gencode
METTL24,ENSG00000053328,gencode
AKR7A2,ENSG00000053371,gencode
MRTO4,ENSG00000053372,gencode
NNAT,ENSG00000053438,gencode
USE1,ENSG00000053501,gencode
MCF2L2,ENSG00000053524,gencode
LAMA3,ENSG00000053747,gencode
AP5M1,ENSG00000053770,gencode
ANAPC4,ENSG00000053900,gencode
KCNQ1,ENSG00000053918,gencode
TRAPPC3,ENSG00000054116,gencode
THRAP3,ENSG00000054118,gencode
PHPT1,ENSG00000054148,gencode
ENTPD2,ENSG00000054179,gencode
LY75,ENSG00000054219,gencode
ARID4B,ENSG00000054267,gencode
OPN3,ENSG00000054277,gencode
SDCCAG8,ENSG00000054282,gencode
PTPRN,ENSG00000054356,gencode
HHAT,ENSG00000054392,gencode
KIF1B,ENSG00000054523,gencode
FOXC1,ENSG00000054598,gencode
TBC1D22A,ENSG00000054611,gencode
SYNE2,ENSG00000054654,gencode
PLEKHH1,ENSG00000054690,gencode
ATP9A,ENSG00000054793,gencode
SPO11,ENSG00000054796,gencode
CBLN4,ENSG00000054803,gencode
CHRDL2,ENSG00000054938,gencode
FAM168A,ENSG00000054965,gencode
RELT,ENSG00000054967,gencode
GALC,ENSG00000054983,gencode
NOP58,ENSG00000055044,gencode
SZRD1,ENSG00000055070,gencode
KCNH2,ENSG00000055118,gencode
CUL1,ENSG00000055130,gencode
FAM114A2,ENSG00000055147,gencode
CYFIP2,ENSG00000055163,gencode
TAB2,ENSG00000055208,gencode
GINM1,ENSG00000055211,gencode
EIF2AK2,ENSG00000055332,gencode
USP36,ENSG00000055483,gencode
KMT2C,ENSG00000055609,gencode
MCOLN3,ENSG00000055732,gencode
CCDC85A,ENSG00000055813,gencode
PUM2,ENSG00000055917,gencode
ITIH4,ENSG00000055955,gencode
ITIH1,ENSG00000055957,gencode
HPF1,ENSG00000056050,gencode
ZFR,ENSG00000056097,gencode
ZNF280C,ENSG00000056277,gencode
NPFFR2,ENSG00000056291,gencode
PHF21B,ENSG00000056487,gencode
TRAF1,ENSG00000056558,gencode
RC3H2,ENSG00000056586,gencode
IL17RB,ENSG00000056736,gencode
TRAF3IP2,ENSG00000056972,gencode
GYG2,ENSG00000056998,gencode
DCBLD2,ENSG00000057019,gencode
SERPINB3,ENSG00000057149,gencode
SOAT1,ENSG00000057252,gencode
PKP2,ENSG00000057294,gencode
MSH4,ENSG00000057468,gencode
F7,ENSG00000057593,gencode
GDI2,ENSG00000057608,gencode
PRDM1,ENSG00000057657,gencode
ATG5,ENSG00000057663,gencode
TMCC3,ENSG00000057704,gencode
PITHD1,ENSG00000057757,gencode
MTA3,ENSG00000057935,gencode
USP13,ENSG00000058056,gencode
ATP11B,ENSG00000058063,gencode
LAMC2,ENSG00000058085,gencode
CDK14,ENSG00000058091,gencode
SEC61A1,ENSG00000058262,gencode
PPP1R12A,ENSG00000058272,gencode
RASGRF1,ENSG00000058335,gencode
CAMK2B,ENSG00000058404,gencode
CROCC,ENSG00000058453,gencode
POLR3E,ENSG00000058600,gencode
ATP2B4,ENSG00000058668,gencode
ZC3H11A,ENSG00000058673,gencode
RIOK2,ENSG00000058729,gencode
YIPF1,ENSG00000058799,gencode
NDC1,ENSG00000058804,gencode
DGKG,ENSG00000058866,gencode
TBXAS1,ENSG00000059377,gencode
PARP12,ENSG00000059378,gencode
ALDH18A1,ENSG00000059573,gencode
TARBP1,ENSG00000059588,gencode
GATB,ENSG00000059691,gencode
MXD1,ENSG00000059728,gencode
CDK17,ENSG00000059758,gencode
DNAJC25,ENSG00000059769,gencode
SLC2A3,ENSG00000059804,gencode
PSD,ENSG00000059915,gencode
CTDP1,ENSG00000060069,gencode
YBX3,ENSG00000060138,gencode
STYK1,ENSG00000060140,gencode
WNK1,ENSG00000060237,gencode
CCAR1,ENSG00000060339,gencode
OGFR,ENSG00000060491,gencode
GNA15,ENSG00000060558,gencode
CREB3L3,ENSG00000060566,gencode
PIGV,ENSG00000060642,gencode
PTPRU,ENSG00000060656,gencode
SNRNP40,ENSG00000060688,gencode
RIMBP2,ENSG00000060709,gencode
COL11A1,ENSG00000060718,gencode
QSER1,ENSG00000060749,gencode
MPC1,ENSG00000060762,gencode
ACAA1,ENSG00000060971,gencode
BCAT1,ENSG00000060982,gencode
HDAC7,ENSG00000061273,gencode
LZTS1,ENSG00000061337,gencode
PRDM6,ENSG00000061455,gencode
WNT8A,ENSG00000061492,gencode
SPAG4,ENSG00000061656,gencode
NCKAP1,ENSG00000061676,gencode
GUCY1B1,ENSG00000061918,gencode
SFSWAP,ENSG00000061936,gencode
TNK2,ENSG00000061938,gencode
MON2,ENSG00000061987,gencode
CDH3,ENSG00000062038,gencode
ARSF,ENSG00000062096,gencode
GPBP1,ENSG00000062194,gencode
DGAT2,ENSG00000062282,gencode
ZNF112,ENSG00000062370,gencode
CS,ENSG00000062485,gencode
LTK,ENSG00000062524,gencode
ELMO2,ENSG00000062598,gencode
WAPL,ENSG00000062650,gencode
VMP1,ENSG00000062716,gencode
APPBP2,ENSG00000062725,gencode
POLD1,ENSG00000062822,gencode
SEZ6,ENSG00000063015,gencode
EIF4B,ENSG00000063046,gencode
SLC6A16,ENSG00000063127,gencode
BICRA,ENSG00000063169,gencode
SPHK2,ENSG00000063176,gencode
CA11,ENSG00000063180,gencode
ISOC2,ENSG00000063241,gencode
U2AF2,ENSG00000063244,gencode
EPN1,ENSG00000063245,gencode
MED29,ENSG00000063322,gencode
AHRR,ENSG00000063438,reference_var
GSC2,ENSG00000063515,gencode
ZNF275,ENSG00000063587,gencode
MTMR1,ENSG00000063601,gencode
GPC1,ENSG00000063660,gencode
HAGH,ENSG00000063854,gencode
RNF4,ENSG00000063978,gencode
CASP8,ENSG00000064012,gencode
LIMCH1,ENSG00000064042,gencode
INTS13,ENSG00000064102,gencode
TM7SF3,ENSG00000064115,gencode
DLX3,ENSG00000064195,gencode
SPA17,ENSG00000064199,gencode
TSPAN32,ENSG00000064201,gencode
CCN5,ENSG00000064205,gencode
DMRT3,ENSG00000064218,gencode
ST3GAL6,ENSG00000064225,gencode
ATP2C2,ENSG00000064270,gencode
NGFR,ENSG00000064300,gencode
CDON,ENSG00000064309,gencode
TAF2,ENSG00000064313,gencode
HIPK2,ENSG00000064393,gencode
TNPO3,ENSG00000064419,gencode
RFXANK,ENSG00000064490,gencode
TMEM161A,ENSG00000064545,gencode
LPAR2,ENSG00000064547,gencode
CTSA,ENSG00000064601,gencode
SUGP2,ENSG00000064607,gencode
SLC12A2,ENSG00000064651,gencode
SNX24,ENSG00000064652,gencode
EYA2,ENSG00000064655,gencode
CNN2,ENSG00000064666,gencode
ABCA7,ENSG00000064687,gencode
SNCAIP,ENSG00000064692,gencode
DDX20,ENSG00000064703,gencode
BTBD1,ENSG00000064726,gencode
FAR2,ENSG00000064763,gencode
POU1F1,ENSG00000064835,gencode
CHI3L2,ENSG00000064886,gencode
SBNO2,ENSG00000064932,gencode
PMS1,ENSG00000064933,gencode
HMG20B,ENSG00000064961,gencode
CALCRL,ENSG00000064989,gencode
TAF11,ENSG00000064995,gencode
ANKS1A,ENSG00000064999,gencode
AP3D1,ENSG00000065000,gencode
ZNF76,ENSG00000065029,gencode
SLC9A3R2,ENSG00000065054,gencode
NTHL1,ENSG00000065057,gencode
UHRF1BP1,ENSG00000065060,gencode
GNAI3,ENSG00000065135,gencode
IPO5,ENSG00000065150,gencode
OAT,ENSG00000065154,gencode
WDR3,ENSG00000065183,gencode
PKN2,ENSG00000065243,gencode
WDR18,ENSG00000065268,gencode
TRAM2,ENSG00000065308,gencode
NTN1,ENSG00000065320,gencode
GLP2R,ENSG00000065325,gencode
MCM10,ENSG00000065328,gencode
DGKA,ENSG00000065357,gencode
ERBB3,ENSG00000065361,gencode
ROPN1,ENSG00000065371,gencode
ANKRD44,ENSG00000065413,gencode
KARS,ENSG00000065427,gencode
ADAT1,ENSG00000065457,gencode
PDIA5,ENSG00000065485,gencode
TBC1D22B,ENSG00000065491,gencode
NDUFB4,ENSG00000065518,gencode
SPEN,ENSG00000065526,gencode
MYLK,ENSG00000065534,gencode
ZC3H15,ENSG00000065548,gencode
MAP2K4,ENSG00000065559,gencode
PACC1,ENSG00000065600,gencode
SNAP91,ENSG00000065609,gencode
SLK,ENSG00000065613,gencode
CYB5R4,ENSG00000065615,gencode
COL17A1,ENSG00000065618,gencode
GSTO2,ENSG00000065621,gencode
SEC61A2,ENSG00000065665,gencode
PRKCQ,ENSG00000065675,gencode
TLE2,ENSG00000065717,gencode
ASB1,ENSG00000065802,gencode
FAM107B,ENSG00000065809,gencode
ME1,ENSG00000065833,gencode
TBC1D1,ENSG00000065882,gencode
CDK13,ENSG00000065883,gencode
MTHFD2,ENSG00000065911,gencode
SLC9A7,ENSG00000065923,gencode
FOXJ2,ENSG00000065970,gencode
YBX1,ENSG00000065978,gencode
PDE4A,ENSG00000065989,gencode
PPP2R5A,ENSG00000066027,gencode
CTNNA2,ENSG00000066032,gencode
ELAVL1,ENSG00000066044,gencode
TIE1,ENSG00000066056,gencode
DIP2B,ENSG00000066084,gencode
SMARCD1,ENSG00000066117,gencode
KDM4A,ENSG00000066135,gencode
NFYC,ENSG00000066136,gencode
ZMYND12,ENSG00000066185,gencode
SLC9A3,ENSG00000066230,gencode
NGEF,ENSG00000066248,gencode
ASPM,ENSG00000066279,gencode
CD84,ENSG00000066294,gencode
ELOVL1,ENSG00000066322,gencode
SPI1,ENSG00000066336,gencode
ZNRD1,ENSG00000066379,gencode
MPPED2,ENSG00000066382,gencode
CLDN18,ENSG00000066405,gencode
ZBTB11,ENSG00000066422,gencode
ATXN3,ENSG00000066427,gencode
GOLGA5,ENSG00000066455,gencode
FGFR2,ENSG00000066468,gencode
LRRC40,ENSG00000066557,gencode
ISOC1,ENSG00000066583,gencode
EML1,ENSG00000066629,gencode
TRMT11,ENSG00000066651,gencode
THUMPD1,ENSG00000066654,gencode
MSANTD3,ENSG00000066697,gencode
KIF26A,ENSG00000066735,gencode
ATG2B,ENSG00000066739,gencode
ARFGEF1,ENSG00000066777,gencode
ACSM2B,ENSG00000066813,gencode
ZFAT,ENSG00000066827,gencode
MTFR1,ENSG00000066855,gencode
STAG3,ENSG00000066923,gencode
FECH,ENSG00000066926,gencode
MYO9A,ENSG00000066933,gencode
DDX3Y,ENSG00000067048,gencode
PFKP,ENSG00000067057,gencode
IDI1,ENSG00000067064,gencode
SP100,ENSG00000067066,gencode
KLF6,ENSG00000067082,gencode
PLPP1,ENSG00000067113,gencode
NEO1,ENSG00000067141,gencode
TRAM1,ENSG00000067167,gencode
PHKA1,ENSG00000067177,gencode
TNFRSF1A,ENSG00000067182,gencode
CACNB1,ENSG00000067191,gencode
EVI5,ENSG00000067208,gencode
STOML1,ENSG00000067221,gencode
PKM,ENSG00000067225,gencode
DHX29,ENSG00000067248,gencode
DNTTIP2,ENSG00000067334,gencode
METTL22,ENSG00000067365,gencode
TP53BP1,ENSG00000067369,gencode
TRO,ENSG00000067445,gencode
RRP15,ENSG00000067533,gencode
RHOA,ENSG00000067560,gencode
DHX8,ENSG00000067596,gencode
PRKCZ,ENSG00000067606,gencode
ZFY,ENSG00000067646,gencode
IARS2,ENSG00000067704,gencode
SYT1,ENSG00000067715,gencode
NAV3,ENSG00000067798,gencode
IDH3G,ENSG00000067829,gencode
ROGDI,ENSG00000067836,gencode
PDZD4,ENSG00000067840,gencode
ATP2B3,ENSG00000067842,gencode
ROCK1,ENSG00000067900,gencode
CBFB,ENSG00000067955,gencode
PDK3,ENSG00000067992,gencode
HYAL2,ENSG00000068001,gencode
HDAC4,ENSG00000068024,gencode
RASSF1,ENSG00000068028,gencode
FGFR3,ENSG00000068078,gencode
IFI35,ENSG00000068079,gencode
HEATR6,ENSG00000068097,gencode
COASY,ENSG00000068120,gencode
PLEKHH3,ENSG00000068137,gencode
MEF2A,ENSG00000068305,gencode
OTUD5,ENSG00000068308,gencode
TFE3,ENSG00000068323,gencode
TBC1D25,ENSG00000068354,gencode
ACSL4,ENSG00000068366,gencode
INPP5A,ENSG00000068383,gencode
GPKOW,ENSG00000068394,gencode
GRIPAP1,ENSG00000068400,gencode
FTSJ1,ENSG00000068438,gencode
PRR11,ENSG00000068489,gencode
REEP1,ENSG00000068615,gencode
ATP11A,ENSG00000068650,gencode
POLR1A,ENSG00000068654,gencode
LAPTM4A,ENSG00000068697,gencode
TTC7A,ENSG00000068724,gencode
IP6K2,ENSG00000068745,gencode
SRBD1,ENSG00000068784,gencode
KIF2A,ENSG00000068796,gencode
RASGRP2,ENSG00000068831,gencode
PSME4,ENSG00000068878,gencode
IFT80,ENSG00000068885,gencode
SIRT2,ENSG00000068903,gencode
ERLEC1,ENSG00000068912,gencode
PPP2R5B,ENSG00000068971,gencode
PYGM,ENSG00000068976,gencode
PAGE1,ENSG00000068985,gencode
PITX1,ENSG00000069011,gencode
TRPC7,ENSG00000069018,gencode
MAST4,ENSG00000069020,gencode
ADGRF5,ENSG00000069122,gencode
SDK2,ENSG00000069188,gencode
ADAM7,ENSG00000069206,gencode
NUP133,ENSG00000069248,gencode
NUCKS1,ENSG00000069275,gencode
VPS35,ENSG00000069329,gencode
DNAJA2,ENSG00000069345,gencode
BCL3,ENSG00000069399,gencode
KCNAB2,ENSG00000069424,gencode
ABCC9,ENSG00000069431,gencode
GAL,ENSG00000069482,gencode
CLEC2D,ENSG00000069493,gencode
FUNDC1,ENSG00000069509,gencode
MAOB,ENSG00000069535,gencode
RORA,ENSG00000069667,gencode
DRD4,ENSG00000069696,gencode
TGFBR3,ENSG00000069702,gencode
PLA2G10,ENSG00000069764,gencode
HES2,ENSG00000069812,gencode
ATP1B3,ENSG00000069849,gencode
NEDD4,ENSG00000069869,gencode
PIGB,ENSG00000069943,gencode
MAPK6,ENSG00000069956,gencode
GNB5,ENSG00000069966,gencode
RAB27A,ENSG00000069974,gencode
HDHD5,ENSG00000069998,gencode
UFD1,ENSG00000070010,gencode
LRP6,ENSG00000070018,gencode
GUCY2C,ENSG00000070019,gencode
SCT,ENSG00000070031,gencode
PHRF1,ENSG00000070047,gencode
ELP1,ENSG00000070061,gencode
NUCB2,ENSG00000070081,gencode
PFN2,ENSG00000070087,gencode
PTPN3,ENSG00000070159,gencode
SPTB,ENSG00000070182,gencode
DAPP1,ENSG00000070190,gencode
FGF10,ENSG00000070193,gencode
SLC44A1,ENSG00000070214,gencode
TMEM260,ENSG00000070269,gencode
SMG6,ENSG00000070366,gencode
EXOC5,ENSG00000070367,gencode
CLTCL1,ENSG00000070371,gencode
FGF22,ENSG00000070388,gencode
FSTL3,ENSG00000070404,gencode
DGCR2,ENSG00000070413,gencode
RNF126,ENSG00000070423,gencode
ZXDC,ENSG00000070476,gencode
JMJD6,ENSG00000070495,gencode
POLB,ENSG00000070501,gencode
ST6GALNAC1,ENSG00000070526,gencode
WIPI1,ENSG00000070540,gencode
FRMPD1,ENSG00000070601,gencode
GBA2,ENSG00000070610,gencode
NDST1,ENSG00000070614,gencode
AP3M2,ENSG00000070718,gencode
ST6GALNAC2,ENSG00000070731,gencode
CHAT,ENSG00000070748,gencode
TESK2,ENSG00000070759,gencode
CFAP20,ENSG00000070761,gencode
CSNK2A2,ENSG00000070770,gencode
PTPN21,ENSG00000070778,gencode
EIF2B3,ENSG00000070785,gencode
CAMK2A,ENSG00000070808,gencode
TCOF1,ENSG00000070814,gencode
OSBPL3,ENSG00000070882,gencode
EPHA8,ENSG00000070886,gencode
SLC12A3,ENSG00000070915,gencode
RAD18,ENSG00000070950,gencode
ATP2B1,ENSG00000070961,gencode
TRPM5,ENSG00000070985,gencode
NCK2,ENSG00000071051,gencode
MAP4K4,ENSG00000071054,gencode
MGAT4A,ENSG00000071073,gencode
WDR1,ENSG00000071127,gencode
SNX13,ENSG00000071189,gencode
MS4A12,ENSG00000071203,gencode
ARHGAP10,ENSG00000071205,gencode
ING3,ENSG00000071243,gencode
VASH1,ENSG00000071246,gencode
LMCD1,ENSG00000071282,gencode
BUD23,ENSG00000071462,gencode
SEL1L,ENSG00000071537,gencode
TRIP13,ENSG00000071539,gencode
ATP6AP1,ENSG00000071553,gencode
TCF3,ENSG00000071564,gencode
TRIB2,ENSG00000071575,gencode
DAZAP1,ENSG00000071626,gencode
MBD3,ENSG00000071655,gencode
PRLH,ENSG00000071677,gencode
HLTF,ENSG00000071794,gencode
FAM50A,ENSG00000071859,gencode
FAM3A,ENSG00000071889,gencode
CPSF1,ENSG00000071894,gencode
MYO3B,ENSG00000071909,gencode
CYBRD1,ENSG00000071967,gencode
CDH19,ENSG00000071991,gencode
PDCD2,ENSG00000071994,gencode
SLC6A15,ENSG00000072041,gencode
RDH11,ENSG00000072042,gencode
PRKACA,ENSG00000072062,gencode
ADGRL1,ENSG00000072071,gencode
SPP2,ENSG00000072080,gencode
ACTN1,ENSG00000072110,gencode
ZFYVE26,ENSG00000072121,gencode
EPN2,ENSG00000072134,gencode
PTPN18,ENSG00000072135,gencode
LIMS2,ENSG00000072163,gencode
ASIC4,ENSG00000072182,gencode
SPEG,ENSG00000072195,gencode
LNX1,ENSG00000072201,gencode
ALDH3A2,ENSG00000072210,gencode
TFRC,ENSG00000072274,gencode
SREBF1,ENSG00000072310,gencode
TRPC5,ENSG00000072315,gencode
AFF4,ENSG00000072364,gencode
UBE2D1,ENSG00000072401,gencode
MPP5,ENSG00000072415,gencode
RHOBTB1,ENSG00000072422,gencode
SMC1A,ENSG00000072501,gencode
HSD17B10,ENSG00000072506,gencode
MARK2,ENSG00000072518,gencode
HMMR,ENSG00000072571,gencode
CHFR,ENSG00000072609,gencode
TRHDE,ENSG00000072657,gencode
P4HA2,ENSG00000072682,gencode
FCGR2B,ENSG00000072694,gencode
NFATC3,ENSG00000072736,gencode
TRNT1,ENSG00000072756,gencode
ACADVL,ENSG00000072778,gencode
STK10,ENSG00000072786,gencode
FBXW11,ENSG00000072803,gencode
ACAP1,ENSG00000072818,gencode
CRMP1,ENSG00000072832,gencode
EVC,ENSG00000072840,gencode
DERL2,ENSG00000072849,gencode
SIDT1,ENSG00000072858,gencode
NDE1,ENSG00000072864,gencode
MRVI1,ENSG00000072952,gencode
TMEM38A,ENSG00000072954,gencode
AP1M1,ENSG00000072958,gencode
PVR,ENSG00000073008,gencode
XRCC1,ENSG00000073050,gencode
SCARB1,ENSG00000073060,gencode
CYP2W1,ENSG00000073067,gencode
MCM2,ENSG00000073111,gencode
MOV10L1,ENSG00000073146,gencode
PANX2,ENSG00000073150,gencode
SELENOO,ENSG00000073169,gencode
TP63,ENSG00000073282,gencode
ALPK1,ENSG00000073331,gencode
LLGL2,ENSG00000073350,gencode
PDE8A,ENSG00000073417,gencode
CLCN4,ENSG00000073464,gencode
NLE1,ENSG00000073536,gencode
SDHA,ENSG00000073578,gencode
SMARCE1,ENSG00000073584,gencode
FNDC8,ENSG00000073598,gencode
GSDMB,ENSG00000073605,gencode
KDM5A,ENSG00000073614,gencode
ADAM11,ENSG00000073670,gencode
PPP2R3A,ENSG00000073711,gencode
FERMT2,ENSG00000073712,gencode
ABCB11,ENSG00000073734,gencode
DHRS9,ENSG00000073737,gencode
CD5L,ENSG00000073754,gencode
PTGS2,ENSG00000073756,gencode
IGF2BP2,ENSG00000073792,gencode
MAP3K13,ENSG00000073803,gencode
ST6GAL1,ENSG00000073849,gencode
TBX21,ENSG00000073861,gencode
FRY,ENSG00000073910,gencode
PICALM,ENSG00000073921,gencode
NSF,ENSG00000073969,gencode
GLI2,ENSG00000074047,gencode
CLASP1,ENSG00000074054,gencode
NOTCH3,ENSG00000074181,gencode
CLNS1A,ENSG00000074201,gencode
PPP2R2C,ENSG00000074211,gencode
TEAD2,ENSG00000074219,gencode
EED,ENSG00000074266,gencode
CDHR2,ENSG00000074276,gencode
SNCB,ENSG00000074317,gencode
TSG101,ENSG00000074319,gencode
NCBP3,ENSG00000074356,gencode
ATP2A3,ENSG00000074370,gencode
CA12,ENSG00000074410,gencode
MGLL,ENSG00000074416,gencode
NTN4,ENSG00000074527,gencode
BCS1L,ENSG00000074582,gencode
NUAK1,ENSG00000074590,gencode
DPP8,ENSG00000074603,gencode
ZNF532,ENSG00000074657,gencode
SCARF1,ENSG00000074660,gencode
LMAN1,ENSG00000074695,gencode
HACD3,ENSG00000074696,gencode
IPCEF1,ENSG00000074706,gencode
ZZEF1,ENSG00000074755,gencode
NOX3,ENSG00000074771,gencode
ENO1,ENSG00000074800,gencode
SLC12A1,ENSG00000074803,gencode
MYDGF,ENSG00000074842,gencode
ANO8,ENSG00000074855,gencode
TUBE1,ENSG00000074935,gencode
ARHGEF10L,ENSG00000074964,gencode
TXK,ENSG00000074966,gencode
WSCD2,ENSG00000075035,gencode
KCNQ2,ENSG00000075043,gencode
TACR2,ENSG00000075073,gencode
ACTR6,ENSG00000075089,gencode
TIPIN,ENSG00000075131,gencode
SRI,ENSG00000075142,gencode
EIF4G3,ENSG00000075151,gencode
NUP37,ENSG00000075188,gencode
SEMA3A,ENSG00000075213,gencode
GTSE1,ENSG00000075218,gencode
SEMA3C,ENSG00000075223,gencode
TTC38,ENSG00000075234,gencode
ACAT1,ENSG00000075239,gencode
GRAMD4,ENSG00000075240,gencode
CELSR1,ENSG00000075275,gencode
WNT8B,ENSG00000075290,gencode
ZNF638,ENSG00000075292,gencode
SLC25A40,ENSG00000075303,gencode
TIMM21,ENSG00000075336,gencode
ADD2,ENSG00000075340,gencode
FGF4,ENSG00000075388,gencode
RASAL2,ENSG00000075391,gencode
VPS9D1,ENSG00000075399,gencode
ZNF37A,ENSG00000075407,gencode
MARK3,ENSG00000075413,gencode
SLC25A3,ENSG00000075415,gencode
FNDC3B,ENSG00000075420,gencode
FOSL2,ENSG00000075426,gencode
CACNG5,ENSG00000075429,gencode
CACNG4,ENSG00000075461,gencode
FRYL,ENSG00000075539,gencode
TMEM131,ENSG00000075568,gencode
FSCN1,ENSG00000075618,gencode
ACTB,ENSG00000075624,gencode
MOCOS,ENSG00000075643,gencode
PLD1,ENSG00000075651,gencode
ATP12A,ENSG00000075673,gencode
WDR62,ENSG00000075702,gencode
DLG1,ENSG00000075711,gencode
RAB7A,ENSG00000075785,gencode
BCAP29,ENSG00000075790,gencode
SEC31B,ENSG00000075826,gencode
SART3,ENSG00000075856,gencode
ARHGAP15,ENSG00000075884,gencode
TUBA3D,ENSG00000075886,gencode
PAX2,ENSG00000075891,gencode
EXOSC7,ENSG00000075914,gencode
KIFAP3,ENSG00000075945,gencode
MKRN2,ENSG00000075975,gencode
MCM6,ENSG00000076003,gencode
REXO2,ENSG00000076043,gencode
RBM7,ENSG00000076053,gencode
RBMS2,ENSG00000076067,gencode
BAZ2A,ENSG00000076108,gencode
PTPN23,ENSG00000076201,gencode
MLH1,ENSG00000076242,gencode
UNG,ENSG00000076248,gencode
FMO4,ENSG00000076258,gencode
KLHL20,ENSG00000076321,gencode
RGS11,ENSG00000076344,gencode
SLC46A1,ENSG00000076351,gencode
PLXNA2,ENSG00000076356,gencode
SPAG5,ENSG00000076382,gencode
ANKRD13A,ENSG00000076513,gencode
TPD52,ENSG00000076554,gencode
ACACB,ENSG00000076555,gencode
TRAF4,ENSG00000076604,gencode
PAG1,ENSG00000076641,gencode
GPATCH1,ENSG00000076650,gencode
ICAM3,ENSG00000076662,gencode
NT5C2,ENSG00000076685,gencode
MCAM,ENSG00000076706,gencode
GPC4,ENSG00000076716,gencode
MBNL3,ENSG00000076770,gencode
CAMSAP3,ENSG00000076826,gencode
RAP1GAP,ENSG00000076864,gencode
XAB2,ENSG00000076924,gencode
ARHGEF1,ENSG00000076928,gencode
STXBP2,ENSG00000076944,gencode
MAP2K7,ENSG00000076984,gencode
NMRK2,ENSG00000077009,gencode
DGKD,ENSG00000077044,gencode
CTTNBP2,ENSG00000077063,gencode
ACTL6B,ENSG00000077080,gencode
RARB,ENSG00000077092,gencode
TOP2B,ENSG00000077097,gencode
TM9SF3,ENSG00000077147,gencode
NFKB2,ENSG00000077150,gencode
UBE2T,ENSG00000077152,gencode
PPP1R12B,ENSG00000077157,gencode
DNAJC10,ENSG00000077232,gencode
GTF3C1,ENSG00000077235,gencode
IL4R,ENSG00000077238,gencode
USP33,ENSG00000077254,gencode
PAK3,ENSG00000077264,gencode
CAPN6,ENSG00000077274,gencode
DCX,ENSG00000077279,gencode
SNRPA,ENSG00000077312,gencode
SPAG6,ENSG00000077327,gencode
EXOSC5,ENSG00000077348,gencode
DYNC1I2,ENSG00000077380,gencode
APBB1IP,ENSG00000077420,gencode
LRCH4,ENSG00000077454,gencode
FAM76B,ENSG00000077458,gencode
SIRT6,ENSG00000077463,gencode
TYR,ENSG00000077498,gencode
POLD3,ENSG00000077514,gencode
ACTN2,ENSG00000077522,gencode
CAPZB,ENSG00000077549,gencode
GPR137B,ENSG00000077585,gencode
NAALAD2,ENSG00000077616,gencode
JADE1,ENSG00000077684,gencode
SLC25A43,ENSG00000077713,gencode
UBE2A,ENSG00000077721,gencode
FGFR1,ENSG00000077782,gencode
FKBP6,ENSG00000077800,gencode
SMC1B,ENSG00000077935,gencode
FBLN1,ENSG00000077942,gencode
ITGA8,ENSG00000077943,gencode
CST7,ENSG00000077984,gencode
MAP2,ENSG00000078018,gencode
PIAS2,ENSG00000078043,gencode
AMPH,ENSG00000078053,gencode
ARAF,ENSG00000078061,gencode
MCCC1,ENSG00000078070,gencode
LAMP3,ENSG00000078081,gencode
FAP,ENSG00000078098,gencode
NEBL,ENSG00000078114,gencode
ACER3,ENSG00000078124,gencode
UBE2K,ENSG00000078140,gencode
PIK3C3,ENSG00000078142,gencode
N4BP2,ENSG00000078177,gencode
TIGAR,ENSG00000078237,gencode
TULP3,ENSG00000078246,gencode
SYNJ2,ENSG00000078269,gencode
ADCY2,ENSG00000078295,gencode
PPP2R5C,ENSG00000078304,gencode
RBFOX1,ENSG00000078328,gencode
GNB1,ENSG00000078369,gencode
HOXA9,ENSG00000078399,gencode
EDN1,ENSG00000078401,gencode
MLLT10,ENSG00000078403,gencode
ZCWPW1,ENSG00000078487,gencode
ADCYAP1R1,ENSG00000078549,gencode
FGF20,ENSG00000078579,gencode
P2RY10,ENSG00000078589,gencode
ITM2A,ENSG00000078596,gencode
NRDC,ENSG00000078618,gencode
VDAC3,ENSG00000078668,gencode
PCM1,ENSG00000078674,gencode
TNRC6C,ENSG00000078687,gencode
CBFA2T2,ENSG00000078699,gencode
BRINP1,ENSG00000078725,gencode
ITCH,ENSG00000078747,gencode
PKD2L2,ENSG00000078795,gencode
TP53INP2,ENSG00000078804,gencode
SDF4,ENSG00000078808,gencode
MYH7B,ENSG00000078814,gencode
BPIFB2,ENSG00000078898,gencode
TP73,ENSG00000078900,gencode
TOLLIP,ENSG00000078902,gencode
UBE2D4,ENSG00000078967,gencode
CLUL1,ENSG00000079101,gencode
RUNX1T1,ENSG00000079102,gencode
CDH17,ENSG00000079112,gencode
THOC1,ENSG00000079134,gencode
FKBP7,ENSG00000079150,gencode
OSBPL6,ENSG00000079156,gencode
SLC1A3,ENSG00000079215,gencode
XRCC5,ENSG00000079246,gencode
LXN,ENSG00000079257,gencode
SP140,ENSG00000079263,gencode
MKNK1,ENSG00000079277,gencode
TNS1,ENSG00000079308,gencode
REXO1,ENSG00000079313,gencode
SAR1A,ENSG00000079332,gencode
CDC14A,ENSG00000079335,gencode
RAPGEF3,ENSG00000079337,gencode
CEACAM1,ENSG00000079385,gencode
SENP1,ENSG00000079387,gencode
DUSP13,ENSG00000079393,gencode
CIC,ENSG00000079432,gencode
LIPE,ENSG00000079435,gencode
FDFT1,ENSG00000079459,gencode
PAFAH1B3,ENSG00000079462,gencode
OPHN1,ENSG00000079482,gencode
AFM,ENSG00000079557,gencode
KIF22,ENSG00000079616,gencode
SCGN,ENSG00000079689,gencode
CARMIL1,ENSG00000079691,gencode
PGM1,ENSG00000079739,gencode
DDX1,ENSG00000079785,gencode
DNM2,ENSG00000079805,gencode
EPB41L2,ENSG00000079819,gencode
RIMS1,ENSG00000079841,gencode
MOXD1,ENSG00000079931,gencode
STX7,ENSG00000079950,gencode
RABL2B,ENSG00000079974,gencode
KEAP1,ENSG00000079999,gencode
DDX43,ENSG00000080007,gencode
PTPRH,ENSG00000080031,gencode
DCT,ENSG00000080166,gencode
SLC35C2,ENSG00000080189,gencode
CRYBG3,ENSG00000080200,gencode
EPHA6,ENSG00000080224,gencode
SCTR,ENSG00000080293,gencode
RFX3,ENSG00000080298,gencode
RIF1,ENSG00000080345,gencode
RAB21,ENSG00000080371,gencode
SLC4A4,ENSG00000080493,gencode
SMARCA2,ENSG00000080503,gencode
RDH8,ENSG00000080511,gencode
SESN1,ENSG00000080546,gencode
MID2,ENSG00000080561,gencode
PIH1D3,ENSG00000080572,gencode
COL5A3,ENSG00000080573,gencode
SRCAP,ENSG00000080603,gencode
PUM3,ENSG00000080608,gencode
CPB2,ENSG00000080618,gencode
CHRNA3,ENSG00000080644,gencode
KCNN2,ENSG00000080709,gencode
CNOT4,ENSG00000080802,gencode
PSEN1,ENSG00000080815,gencode
CPOX,ENSG00000080819,gencode
CLDND1,ENSG00000080822,gencode
MOK,ENSG00000080823,gencode
HSP90AA1,ENSG00000080824,gencode
RBL1,ENSG00000080839,gencode
DLGAP4,ENSG00000080845,gencode
IGSF9B,ENSG00000080854,gencode
CFHR2,ENSG00000080910,gencode
NDC80,ENSG00000080986,gencode
AP4E1,ENSG00000081014,gencode
RSBN1,ENSG00000081019,gencode
MAGI3,ENSG00000081026,gencode
CXCL2,ENSG00000081041,gencode
AFP,ENSG00000081051,gencode
COL4A4,ENSG00000081052,gencode
TCF7,ENSG00000081059,gencode
OSTM1,ENSG00000081087,gencode
CDH7,ENSG00000081138,gencode
IMPG2,ENSG00000081148,gencode
EXD2,ENSG00000081177,gencode
ARG2,ENSG00000081181,gencode
MEF2C,ENSG00000081189,gencode
PTPRC,ENSG00000081237,gencode
CACNA1S,ENSG00000081248,gencode
PKP1,ENSG00000081277,gencode
UBA5,ENSG00000081307,gencode
STK17B,ENSG00000081320,gencode
CDC14B,ENSG00000081377,gencode
ZNF510,ENSG00000081386,gencode
LRP2,ENSG00000081479,gencode
JMJD4,ENSG00000081692,gencode
DUSP12,ENSG00000081721,gencode
AACS,ENSG00000081760,gencode
DELE1,ENSG00000081791,gencode
SLC13A1,ENSG00000081800,gencode
CADPS2,ENSG00000081803,gencode
PCDHB4,ENSG00000081818,gencode
PCDHA6,ENSG00000081842,gencode
PCDHGA2,ENSG00000081853,gencode
HSPB11,ENSG00000081870,gencode
PHLPP1,ENSG00000081913,gencode
ATP8B1,ENSG00000081923,gencode
IL12RB2,ENSG00000081985,gencode
SMARCD3,ENSG00000082014,gencode
WDR70,ENSG00000082068,gencode
FYB1,ENSG00000082074,gencode
MPP4,ENSG00000082126,gencode
STRADB,ENSG00000082146,gencode
BZW1,ENSG00000082153,gencode
PGR,ENSG00000082175,gencode
C1QTNF3,ENSG00000082196,gencode
ME2,ENSG00000082212,gencode
C5orf22,ENSG00000082213,gencode
CCNT2,ENSG00000082258,gencode
FAM135A,ENSG00000082269,gencode
COL19A1,ENSG00000082293,gencode
EPB41L3,ENSG00000082397,gencode
COBLL1,ENSG00000082438,gencode
DLG3,ENSG00000082458,gencode
KCNK2,ENSG00000082482,gencode
SERTAD4,ENSG00000082497,gencode
TRAF5,ENSG00000082512,gencode
GEMIN5,ENSG00000082516,gencode
OPRK1,ENSG00000082556,gencode
NFE2L1,ENSG00000082641,gencode
SEMA5B,ENSG00000082684,gencode
GSK3B,ENSG00000082701,gencode
ITGB5,ENSG00000082781,gencode
ERC1,ENSG00000082805,gencode
XPO1,ENSG00000082898,gencode
RNF13,ENSG00000082996,gencode
TRPM3,ENSG00000083067,gencode
PALB2,ENSG00000083093,gencode
DOP1A,ENSG00000083097,gencode
LYRM2,ENSG00000083099,gencode
BCKDHB,ENSG00000083123,gencode
KAT6A,ENSG00000083168,gencode
TUT7,ENSG00000083223,gencode
ULK2,ENSG00000083290,gencode
GRHL2,ENSG00000083307,gencode
TNPO1,ENSG00000083312,gencode
PLOD1,ENSG00000083444,gencode
P2RX5,ENSG00000083454,gencode
DIS3,ENSG00000083520,gencode
PIBF1,ENSG00000083535,gencode
TDRD3,ENSG00000083544,gencode
NUFIP1,ENSG00000083635,gencode
PDS5B,ENSG00000083642,gencode
OXCT1,ENSG00000083720,gencode
RRAGB,ENSG00000083750,gencode
EPYC,ENSG00000083782,gencode
CYLD,ENSG00000083799,gencode
SLC27A5,ENSG00000083807,gencode
ZNF324,ENSG00000083812,gencode
ZNF671,ENSG00000083814,gencode
ZNF416,ENSG00000083817,gencode
ZNF586,ENSG00000083828,gencode
ZNF446,ENSG00000083838,gencode
ZNF264,ENSG00000083844,gencode
FAT1,ENSG00000083857,gencode
YTHDC1,ENSG00000083896,gencode
CHMP2B,ENSG00000083937,gencode
SMAP2,ENSG00000084070,gencode
PPIE,ENSG00000084072,gencode
ZMPSTE24,ENSG00000084073,gencode
STARD7,ENSG00000084090,gencode
NOA1,ENSG00000084092,gencode
REST,ENSG00000084093,gencode
HAL,ENSG00000084110,gencode
SSH1,ENSG00000084112,gencode
GSTP1,ENSG00000084207,gencode
APLP2,ENSG00000084234,gencode
FAM234B,ENSG00000084444,gencode
SLCO1A2,ENSG00000084453,gencode
WBP11,ENSG00000084463,gencode
EIF3I,ENSG00000084623,gencode
NKAIN1,ENSG00000084628,gencode
COL16A1,ENSG00000084636,gencode
TXLNA,ENSG00000084652,gencode
APOB,ENSG00000084674,gencode
NCOA1,ENSG00000084676,gencode
AGBL5,ENSG00000084693,gencode
EFR3B,ENSG00000084710,gencode
KIF3C,ENSG00000084731,gencode
RAB10,ENSG00000084733,gencode
GCKR,ENSG00000084734,gencode
HADHA,ENSG00000084754,gencode
MAPRE3,ENSG00000084764,gencode
CAD,ENSG00000084774,gencode
CD59,ENSG00000085063,gencode
CD82,ENSG00000085117,gencode
BCORL1,ENSG00000085185,gencode
ATRX,ENSG00000085224,gencode
AK6,ENSG00000085231,gencode
MYNN,ENSG00000085274,gencode
MECOM,ENSG00000085276,gencode
SCAMP1,ENSG00000085365,gencode
PREP,ENSG00000085377,gencode
HACE1,ENSG00000085382,gencode
SEH1L,ENSG00000085415,gencode
WDR47,ENSG00000085433,gencode
WDFY1,ENSG00000085449,gencode
OVGP1,ENSG00000085465,gencode
SLC25A24,ENSG00000085491,gencode
MAP3K4,ENSG00000085511,gencode
PILRA,ENSG00000085514,gencode
IGSF9,ENSG00000085552,gencode
ABCB1,ENSG00000085563,gencode
ZNF213,ENSG00000085644,gencode
AKR1B1,ENSG00000085662,gencode
CPNE3,ENSG00000085719,gencode
RRN3,ENSG00000085721,gencode
CTTN,ENSG00000085733,gencode
WNT11,ENSG00000085741,gencode
MTIF2,ENSG00000085760,gencode
DDHD2,ENSG00000085788,gencode
TTC39A,ENSG00000085831,gencode
EPS15,ENSG00000085832,gencode
ORC1,ENSG00000085840,gencode
MGST2,ENSG00000085871,gencode
CHERP,ENSG00000085872,gencode
ATG16L1,ENSG00000085978,gencode
USP40,ENSG00000085982,gencode
POMGNT1,ENSG00000085998,gencode
RAD54L,ENSG00000085999,gencode
MAST2,ENSG00000086015,gencode
DNAJA1,ENSG00000086061,gencode
B4GALT1,ENSG00000086062,gencode
CHMP5,ENSG00000086065,gencode
NFX1,ENSG00000086102,gencode
AQP6,ENSG00000086159,gencode
DIMT1,ENSG00000086189,gencode
IPO11,ENSG00000086200,gencode
FOLH1,ENSG00000086205,gencode
EIF2AK1,ENSG00000086232,gencode
NME8,ENSG00000086288,gencode
EPDR1,ENSG00000086289,gencode
SNX10,ENSG00000086300,gencode
SEPHS1,ENSG00000086475,gencode
HBQ1,ENSG00000086506,gencode
ITPKC,ENSG00000086544,gencode
CEACAM6,ENSG00000086548,gencode
FAT2,ENSG00000086570,gencode
RBM22,ENSG00000086589,gencode
TMED2,ENSG00000086598,gencode
ERO1B,ENSG00000086619,gencode
ZFAND6,ENSG00000086666,gencode
HSD17B2,ENSG00000086696,gencode
TXLNG,ENSG00000086712,gencode
PPEF1,ENSG00000086717,gencode
LAT2,ENSG00000086730,gencode
HUWE1,ENSG00000086758,gencode
ZW10,ENSG00000086827,gencode
ALG9,ENSG00000086848,gencode
MYBPC2,ENSG00000086967,gencode
NOX4,ENSG00000086991,gencode
ACOX3,ENSG00000087008,gencode
MTMR2,ENSG00000087053,gencode
PPP1R15A,ENSG00000087074,gencode
HSD17B14,ENSG00000087076,gencode
TRIP6,ENSG00000087077,gencode
ACHE,ENSG00000087085,gencode
FTL,ENSG00000087086,gencode
SRRT,ENSG00000087087,gencode
BAX,ENSG00000087088,gencode
NLK,ENSG00000087095,gencode
PIGS,ENSG00000087111,gencode
ADAMTS2,ENSG00000087116,gencode
TMPRSS11E,ENSG00000087128,gencode
ATXN7L3,ENSG00000087152,gencode
PGS1,ENSG00000087157,gencode
PSMC5,ENSG00000087191,gencode
UIMC1,ENSG00000087206,gencode
CETP,ENSG00000087237,gencode
MMP2,ENSG00000087245,gencode
MT3,ENSG00000087250,gencode
LPCAT2,ENSG00000087253,gencode
GNAO1,ENSG00000087258,gencode
OGFOD1,ENSG00000087263,gencode
SH3BP2,ENSG00000087266,gencode
NOP14,ENSG00000087269,gencode
ADD1,ENSG00000087274,gencode
L2HGDH,ENSG00000087299,gencode
TXNDC16,ENSG00000087301,gencode
RTRAF,ENSG00000087302,gencode
NID2,ENSG00000087303,gencode
GMCL1,ENSG00000087338,gencode
SF3B2,ENSG00000087365,gencode
KLHL42,ENSG00000087448,gencode
DNM1L,ENSG00000087470,gencode
PTHLH,ENSG00000087494,gencode
PHACTR3,ENSG00000087495,gencode
ERGIC2,ENSG00000087502,gencode
TFAP2C,ENSG00000087510,gencode
AURKA,ENSG00000087586,gencode
CASS4,ENSG00000087589,gencode
PIR,ENSG00000087842,gencode
AAMDC,ENSG00000087884,gencode
RFX2,ENSG00000087903,gencode
METTL2A,ENSG00000087995,gencode
SULT2B1,ENSG00000088002,gencode
ALG6,ENSG00000088035,gencode
CNOT3,ENSG00000088038,gencode
GP6,ENSG00000088053,gencode
PTPN4,ENSG00000088179,gencode
DDX18,ENSG00000088205,gencode
KHSRP,ENSG00000088247,gencode
GNA11,ENSG00000088256,gencode
ASAP3,ENSG00000088280,gencode
EDEM2,ENSG00000088298,gencode
DNMT3B,ENSG00000088305,gencode
REM1,ENSG00000088320,gencode
TPX2,ENSG00000088325,gencode
PDRG1,ENSG00000088356,gencode
EPB41L1,ENSG00000088367,gencode
SLC15A1,ENSG00000088386,gencode
DOCK9,ENSG00000088387,gencode
ANKRD10,ENSG00000088448,gencode
TGDS,ENSG00000088451,gencode
DOCK3,ENSG00000088538,gencode
C3orf18,ENSG00000088543,gencode
COQ9,ENSG00000088682,gencode
TMEM40,ENSG00000088726,gencode
KIF9,ENSG00000088727,gencode
ARHGAP28,ENSG00000088756,gencode
CRLS1,ENSG00000088766,gencode
DEFB127,ENSG00000088782,gencode
PPP1R13B,ENSG00000088808,gencode
ATRN,ENSG00000088812,gencode
SMOX,ENSG00000088826,gencode
SIGLEC1,ENSG00000088827,gencode
FKBP1A,ENSG00000088832,gencode
NSFL1C,ENSG00000088833,gencode
SLC4A11,ENSG00000088836,gencode
C20orf194,ENSG00000088854,gencode
ZNF343,ENSG00000088876,gencode
EBF4,ENSG00000088881,gencode
CPXM1,ENSG00000088882,gencode
MAVS,ENSG00000088888,gencode
LZTS3,ENSG00000088899,gencode
F11,ENSG00000088926,gencode
XRN2,ENSG00000088930,gencode
KIZ,ENSG00000088970,gencode
DYNLL1,ENSG00000088986,gencode
TESC,ENSG00000088992,gencode
SNX5,ENSG00000089006,gencode
SIRPG,ENSG00000089012,gencode
MAPKAPK5,ENSG00000089022,gencode
P2RX7,ENSG00000089041,gencode
ESF1,ENSG00000089048,gencode
RBBP9,ENSG00000089050,gencode
ANAPC5,ENSG00000089053,gencode
SLC23A2,ENSG00000089057,gencode
SLC8B1,ENSG00000089060,gencode
TMEM230,ENSG00000089063,gencode
DZANK1,ENSG00000089091,gencode
KDM2B,ENSG00000089094,gencode
CFAP61,ENSG00000089101,gencode
LHX5,ENSG00000089116,gencode
TASP1,ENSG00000089123,gencode
OAS1,ENSG00000089127,gencode
GCN1,ENSG00000089154,gencode
PXN,ENSG00000089159,gencode
SIRT4,ENSG00000089163,gencode
RPH3A,ENSG00000089169,gencode
KIF16B,ENSG00000089177,gencode
TRMT6,ENSG00000089195,gencode
CHGB,ENSG00000089199,gencode
PEBP1,ENSG00000089220,gencode
TBX5,ENSG00000089225,gencode
BRAP,ENSG00000089234,gencode
ERP29,ENSG00000089248,gencode
NOS1,ENSG00000089250,gencode
FUS,ENSG00000089280,gencode
IGBP1,ENSG00000089289,gencode
FXYD5,ENSG00000089327,gencode
ZNF302,ENSG00000089335,gencode
GRAMD1A,ENSG00000089351,gencode
FXYD3,ENSG00000089356,gencode
HEPH,ENSG00000089472,gencode
CDIP1,ENSG00000089486,gencode
CMTM1,ENSG00000089505,gencode
KCNH4,ENSG00000089558,gencode
GANAB,ENSG00000089597,gencode
GMIP,ENSG00000089639,gencode
RBM41,ENSG00000089682,gencode
BIRC5,ENSG00000089685,gencode
LAG3,ENSG00000089692,gencode
MLF2,ENSG00000089693,gencode
OTUB2,ENSG00000089723,gencode
DDX24,ENSG00000089737,gencode
ZBTB25,ENSG00000089775,gencode
NECAP1,ENSG00000089818,gencode
ARHGAP4,ENSG00000089820,gencode
ANKRD24,ENSG00000089847,gencode
DHX32,ENSG00000089876,gencode
RCOR1,ENSG00000089902,gencode
GPATCH2L,ENSG00000089916,gencode
LTBP4,ENSG00000090006,gencode
BLVRB,ENSG00000090013,gencode
SLC9A1,ENSG00000090020,gencode
SPTLC1,ENSG00000090054,gencode
PAPOLA,ENSG00000090060,gencode
CCNK,ENSG00000090061,gencode
PCBP4,ENSG00000090097,gencode
RGS1,ENSG00000090104,gencode
YPEL3,ENSG00000090238,gencode
NDUFB2,ENSG00000090266,gencode
NUDC,ENSG00000090273,gencode
MAEA,ENSG00000090316,gencode
ICAM1,ENSG00000090339,gencode
STRN4,ENSG00000090372,gencode
IRAK3,ENSG00000090376,gencode
LYZ,ENSG00000090382,gencode
SI,ENSG00000090402,gencode
MUL1,ENSG00000090432,gencode
TFAP4,ENSG00000090447,gencode
PDCD7,ENSG00000090470,gencode
SPG21,ENSG00000090487,gencode
FETUB,ENSG00000090512,gencode
DNAJB11,ENSG00000090520,gencode
P3H2,ENSG00000090530,gencode
THPO,ENSG00000090534,gencode
CHRD,ENSG00000090539,gencode
FLT3LG,ENSG00000090554,gencode
RAB11FIP3,ENSG00000090565,gencode
GNPTG,ENSG00000090581,gencode
ZNF268,ENSG00000090612,gencode
GOLGA3,ENSG00000090615,gencode
PABPC4,ENSG00000090621,gencode
CD209,ENSG00000090659,gencode
CERS4,ENSG00000090661,gencode
MCOLN1,ENSG00000090674,gencode
USP48,ENSG00000090686,gencode
EFNB1,ENSG00000090776,gencode
PDPR,ENSG00000090857,gencode
AARS,ENSG00000090861,gencode
GLG1,ENSG00000090863,gencode
KIF4A,ENSG00000090889,gencode
TNRC6A,ENSG00000090905,gencode
PLEKHG2,ENSG00000090924,gencode
DLL3,ENSG00000090932,gencode
NAT14,ENSG00000090971,gencode
PITPNM2,ENSG00000090975,gencode
EXOC1,ENSG00000090989,gencode
RBM27,ENSG00000091009,gencode
POU4F3,ENSG00000091010,gencode
OSBPL8,ENSG00000091039,gencode
DTX2,ENSG00000091073,gencode
NLRC4,ENSG00000091106,gencode
PUS7,ENSG00000091127,gencode
LAMB4,ENSG00000091128,gencode
NRCAM,ENSG00000091129,gencode
LAMB1,ENSG00000091136,gencode
SLC26A4,ENSG00000091137,gencode
SLC26A3,ENSG00000091138,gencode
DLD,ENSG00000091140,gencode
WDR7,ENSG00000091157,gencode
TXNL1,ENSG00000091164,gencode
IL5RA,ENSG00000091181,gencode
ABCC6,ENSG00000091262,gencode
CMTM6,ENSG00000091317,gencode
ITGA6,ENSG00000091409,gencode
RAPGEF4,ENSG00000091428,gencode
MAP3K20,ENSG00000091436,gencode
SMPX,ENSG00000091482,gencode
FH,ENSG00000091483,gencode
SEL1L3,ENSG00000091490,gencode
TF,ENSG00000091513,gencode
CDV3,ENSG00000091527,gencode
MYO15A,ENSG00000091536,gencode
ALKBH5,ENSG00000091542,gencode
APOH,ENSG00000091583,gencode
NLRP1,ENSG00000091592,gencode
PITPNM3,ENSG00000091622,gencode
SPAG7,ENSG00000091640,gencode
ORC6,ENSG00000091651,gencode
ZFHX4,ENSG00000091656,gencode
SLC17A6,ENSG00000091664,gencode
CPA1,ENSG00000091704,gencode
ZC3HC1,ENSG00000091732,gencode
ESR1,ENSG00000091831,gencode
RGS17,ENSG00000091844,gencode
TMEM101,ENSG00000091947,gencode
CD200,ENSG00000091972,gencode
CCDC80,ENSG00000091986,gencode
CMA1,ENSG00000092009,gencode
PSME1,ENSG00000092010,gencode
PPP2R3C,ENSG00000092020,gencode
HAUS4,ENSG00000092036,gencode
JPH4,ENSG00000092051,gencode
MYH7,ENSG00000092054,gencode
CEBPE,ENSG00000092067,gencode
SLC7A8,ENSG00000092068,gencode
OSGEP,ENSG00000092094,gencode
SLC22A17,ENSG00000092096,gencode
RNF31,ENSG00000092098,gencode
SCFD1,ENSG00000092108,gencode
G2E3,ENSG00000092140,gencode
HECTD1,ENSG00000092148,gencode
HNRNPC,ENSG00000092199,gencode
RPGRIP1,ENSG00000092200,gencode
SUPT16H,ENSG00000092201,gencode
TOX4,ENSG00000092203,gencode
GEMIN2,ENSG00000092208,gencode
TGM1,ENSG00000092295,gencode
TINF2,ENSG00000092330,gencode
DAZL,ENSG00000092345,gencode
TBL1Y,ENSG00000092377,gencode
SEMA6A,ENSG00000092421,gencode
TRPM7,ENSG00000092439,gencode
TYRO3,ENSG00000092445,gencode
WDR76,ENSG00000092470,gencode
CAPN3,ENSG00000092529,gencode
SNAP23,ENSG00000092531,gencode
TBX15,ENSG00000092607,gencode
PHGDH,ENSG00000092621,gencode
COL9A3,ENSG00000092758,gencode
EZR,ENSG00000092820,gencode
MYL6,ENSG00000092841,gencode
AGO1,ENSG00000092847,gencode
TEKT2,ENSG00000092850,gencode
CLSPN,ENSG00000092853,gencode
RFFL,ENSG00000092871,gencode
UNC13D,ENSG00000092929,gencode
MFSD11,ENSG00000092931,gencode
DPYSL2,ENSG00000092964,gencode
TGFB2,ENSG00000092969,gencode
GPATCH2,ENSG00000092978,gencode
NUP50,ENSG00000093000,gencode
CDC45,ENSG00000093009,gencode
COMT,ENSG00000093010,gencode
ADA2,ENSG00000093072,gencode
VNN3,ENSG00000093134,gencode
ECHDC1,ENSG00000093144,gencode
LRRFIP2,ENSG00000093167,gencode
SEC22C,ENSG00000093183,gencode
XYLB,ENSG00000093217,gencode
HDAC6,ENSG00000094631,gencode
OR1I1,ENSG00000094661,gencode
GABRP,ENSG00000094755,gencode
KRT31,ENSG00000094796,gencode
CDC6,ENSG00000094804,gencode
UPRT,ENSG00000094841,gencode
CDC23,ENSG00000094880,gencode
AAAS,ENSG00000094914,gencode
CBX5,ENSG00000094916,gencode
FMO2,ENSG00000094963,gencode
SUCO,ENSG00000094975,gencode
MSH2,ENSG00000095002,gencode
MAP3K1,ENSG00000095015,gencode
DHPS,ENSG00000095059,gencode
HOOK2,ENSG00000095066,gencode
NXPE1,ENSG00000095110,gencode
ARCN1,ENSG00000095139,gencode
EPB41L4B,ENSG00000095203,gencode
TMEM38B,ENSG00000095209,gencode
PSMD5,ENSG00000095261,gencode
PTGS1,ENSG00000095303,gencode
NUP188,ENSG00000095319,gencode
CRAT,ENSG00000095321,gencode
SH2D3C,ENSG00000095370,gencode
NANS,ENSG00000095380,gencode
TBC1D2,ENSG00000095383,gencode
WHRN,ENSG00000095397,gencode
PDE6C,ENSG00000095464,gencode
CWF19L1,ENSG00000095485,gencode
SEMA4G,ENSG00000095539,gencode
BTAF1,ENSG00000095564,gencode
IKZF5,ENSG00000095574,gencode
BLNK,ENSG00000095585,gencode
CYP26A1,ENSG00000095596,gencode
TDRD1,ENSG00000095627,gencode
SORBS1,ENSG00000095637,gencode
CRTAC1,ENSG00000095713,gencode
BAMBI,ENSG00000095739,gencode
IL11,ENSG00000095752,gencode
MYO3A,ENSG00000095777,gencode
WAC,ENSG00000095787,gencode
CREM,ENSG00000095794,gencode
NUBP2,ENSG00000095906,gencode
TPSD1,ENSG00000095917,gencode
SMIM24,ENSG00000095932,gencode
TREM2,ENSG00000095970,gencode
KCNK16,ENSG00000095981,gencode
CRISP3,ENSG00000096006,gencode
FKBP5,ENSG00000096060,gencode
SRPK1,ENSG00000096063,gencode
BRPF3,ENSG00000096070,gencode
PGC,ENSG00000096088,gencode
TMEM14A,ENSG00000096092,gencode
EFHC1,ENSG00000096093,gencode
NCR2,ENSG00000096264,gencode
HSP90AB1,ENSG00000096384,gencode
MLN,ENSG00000096395,gencode
CDC5L,ENSG00000096401,gencode
ITPR3,ENSG00000096433,gencode
ZNF184,ENSG00000096654,gencode
DSP,ENSG00000096696,gencode
SIRT1,ENSG00000096717,gencode
HNRNPH3,ENSG00000096746,gencode
JAK2,ENSG00000096968,gencode
IL12RB1,ENSG00000096996,gencode
ABL1,ENSG00000097007,gencode
ACOT7,ENSG00000097021,gencode
SH3GLB1,ENSG00000097033,gencode
CDC7,ENSG00000097046,gencode
SYDE2,ENSG00000097096,gencode
PCSK5,ENSG00000099139,gencode
SCD,ENSG00000099194,gencode
TMED1,ENSG00000099203,gencode
ABLIM1,ENSG00000099204,gencode
ERMP1,ENSG00000099219,gencode
RAB18,ENSG00000099246,gencode
NRP1,ENSG00000099250,gencode
PRTFDC1,ENSG00000099256,gencode
PALMD,ENSG00000099260,gencode
TSPAN15,ENSG00000099282,gencode
H2AFY2,ENSG00000099284,gencode
WASHC2A,ENSG00000099290,gencode
MAST3,ENSG00000099308,gencode
MZF1,ENSG00000099326,gencode
OCEL1,ENSG00000099330,gencode
MYO9B,ENSG00000099331,gencode
KCNK6,ENSG00000099337,gencode
CATSPERG,ENSG00000099338,gencode
PSMD8,ENSG00000099341,gencode
FBXL19,ENSG00000099364,gencode
STX1B,ENSG00000099365,gencode
HSD3B7,ENSG00000099377,gencode
SETD1A,ENSG00000099381,gencode
BCL7C,ENSG00000099385,gencode
MAGEB2,ENSG00000099399,gencode
EFNA2,ENSG00000099617,gencode
CIRBP,ENSG00000099622,gencode
ATP5F1D,ENSG00000099624,gencode
CBARP,ENSG00000099625,gencode
PCDH11Y,ENSG00000099715,gencode
AMELY,ENSG00000099721,gencode
PRKY,ENSG00000099725,gencode
IGFALS,ENSG00000099769,gencode
HNRNPM,ENSG00000099783,gencode
MARCH2,ENSG00000099785,gencode
NDUFB7,ENSG00000099795,gencode
TECR,ENSG00000099797,gencode
TIMM13,ENSG00000099800,gencode
CDC34,ENSG00000099804,gencode
MTAP,ENSG00000099810,gencode
MISP,ENSG00000099812,gencode
CEP170B,ENSG00000099814,gencode
POLR2E,ENSG00000099817,gencode
POLRMT,ENSG00000099821,gencode
HCN2,ENSG00000099822,gencode
CDHR5,ENSG00000099834,gencode
IZUMO4,ENSG00000099840,gencode
RASSF7,ENSG00000099849,gencode
GADD45B,ENSG00000099860,gencode
PALM,ENSG00000099864,gencode
MADCAM1,ENSG00000099866,gencode
MKNK2,ENSG00000099875,gencode
ARVCF,ENSG00000099889,gencode
TRMT2A,ENSG00000099899,gencode
ZDHHC8,ENSG00000099904,gencode
KLHL22,ENSG00000099910,gencode
MED15,ENSG00000099917,gencode
SERPIND1,ENSG00000099937,gencode
SNAP29,ENSG00000099940,gencode
CRKL,ENSG00000099942,gencode
LZTR1,ENSG00000099949,gencode
MMP11,ENSG00000099953,gencode
CECR2,ENSG00000099954,gencode
SMARCB1,ENSG00000099956,gencode
P2RX6,ENSG00000099957,gencode
DERL3,ENSG00000099958,gencode
SLC7A4,ENSG00000099960,gencode
BCL2L13,ENSG00000099968,gencode
DDTL,ENSG00000099974,gencode
DDT,ENSG00000099977,gencode
OSM,ENSG00000099985,gencode
CABIN1,ENSG00000099991,gencode
TBC1D10A,ENSG00000099992,gencode
SUSD2,ENSG00000099994,gencode
SF3A1,ENSG00000099995,gencode
GGT5,ENSG00000099998,gencode
RNF215,ENSG00000099999,gencode
SEC14L2,ENSG00000100003,gencode
SEC14L3,ENSG00000100012,gencode
SPECC1L,ENSG00000100014,gencode
PPIL2,ENSG00000100023,gencode
UPB1,ENSG00000100024,gencode
YPEL1,ENSG00000100027,gencode
SNRPD3,ENSG00000100028,gencode
PES1,ENSG00000100029,gencode
MAPK1,ENSG00000100030,gencode
PRODH,ENSG00000100033,gencode
PPM1F,ENSG00000100034,gencode
SLC35E4,ENSG00000100036,gencode
TOP3B,ENSG00000100038,gencode
CRYBB3,ENSG00000100053,gencode
CYTH4,ENSG00000100055,gencode
ESS2,ENSG00000100056,gencode
MFNG,ENSG00000100060,gencode
CARD10,ENSG00000100065,gencode
LRP5L,ENSG00000100068,gencode
SLC25A1,ENSG00000100075,gencode
GRK3,ENSG00000100077,gencode
PLA2G3,ENSG00000100078,gencode
LGALS2,ENSG00000100079,gencode
GGA1,ENSG00000100083,gencode
HIRA,ENSG00000100084,gencode
SH3BP1,ENSG00000100092,gencode
SEZ6L,ENSG00000100095,gencode
LGALS1,ENSG00000100097,gencode
HPS4,ENSG00000100099,gencode
PIK3IP1,ENSG00000100100,gencode
SRRD,ENSG00000100104,gencode
PATZ1,ENSG00000100105,gencode
TRIOBP,ENSG00000100106,gencode
TFIP11,ENSG00000100109,gencode
GCAT,ENSG00000100116,gencode
GGTLC2,ENSG00000100121,gencode
CRYBB1,ENSG00000100122,gencode
ANKRD54,ENSG00000100124,gencode
EIF3L,ENSG00000100129,gencode
SNU13,ENSG00000100138,gencode
MICALL1,ENSG00000100139,gencode
POLR2F,ENSG00000100142,gencode
SOX10,ENSG00000100146,gencode
CCDC134,ENSG00000100147,gencode
DEPDC5,ENSG00000100150,gencode
PICK1,ENSG00000100151,gencode
TTC28,ENSG00000100154,gencode
SLC16A8,ENSG00000100156,gencode
CENPM,ENSG00000100162,gencode
SEPTIN3,ENSG00000100167,gencode
SLC5A1,ENSG00000100170,gencode
SLC5A4,ENSG00000100191,gencode
KDELR3,ENSG00000100196,gencode
CYP2D6,ENSG00000100197,gencode
DDX17,ENSG00000100201,gencode
DMC1,ENSG00000100206,gencode
TCF20,ENSG00000100207,gencode
HSCB,ENSG00000100209,gencode
CBY1,ENSG00000100211,gencode
TOMM22,ENSG00000100216,gencode
RSPH14,ENSG00000100218,gencode
XBP1,ENSG00000100219,gencode
RTCB,ENSG00000100220,gencode
JOSD1,ENSG00000100221,gencode
FBXO7,ENSG00000100225,gencode
GTPBP1,ENSG00000100226,gencode
POLDIP3,ENSG00000100227,gencode
RAB36,ENSG00000100228,gencode
TIMP3,ENSG00000100234,gencode
PPP6R2,ENSG00000100239,gencode
SBF1,ENSG00000100241,gencode
SUN2,ENSG00000100242,gencode
CYB5R3,ENSG00000100243,gencode
DNAL4,ENSG00000100246,gencode
C22orf31,ENSG00000100249,gencode
MIOX,ENSG00000100253,gencode
LMF2,ENSG00000100258,gencode
RHBDD3,ENSG00000100263,gencode
PACSIN2,ENSG00000100266,gencode
TTLL1,ENSG00000100271,gencode
RASL10A,ENSG00000100276,gencode
AP1B1,ENSG00000100280,gencode
HMGXB4,ENSG00000100281,gencode
TOM1,ENSG00000100284,gencode
NEFH,ENSG00000100285,gencode
CHKB,ENSG00000100288,gencode
BIK,ENSG00000100290,gencode
HMOX1,ENSG00000100292,gencode
MCAT,ENSG00000100294,gencode
THOC5,ENSG00000100296,gencode
MCM5,ENSG00000100297,gencode
APOBEC3H,ENSG00000100298,gencode
ARSA,ENSG00000100299,gencode
TSPO,ENSG00000100300,gencode
RASD2,ENSG00000100302,gencode
TTLL12,ENSG00000100304,gencode
CBX7,ENSG00000100307,gencode
PDGFB,ENSG00000100311,gencode
CABP7,ENSG00000100314,gencode
ZMAT5,ENSG00000100319,gencode
RBFOX2,ENSG00000100320,gencode
SYNGR1,ENSG00000100321,gencode
TAB1,ENSG00000100324,gencode
ASCC2,ENSG00000100325,gencode
MTMR3,ENSG00000100330,gencode
MIEF1,ENSG00000100335,gencode
APOL4,ENSG00000100336,gencode
PNPLA5,ENSG00000100341,gencode
APOL1,ENSG00000100342,gencode
PNPLA3,ENSG00000100344,gencode
MYH9,ENSG00000100345,gencode
CACNA1I,ENSG00000100346,gencode
SAMM50,ENSG00000100347,gencode
TXN2,ENSG00000100348,gencode
FOXRED2,ENSG00000100350,gencode
GRAP2,ENSG00000100351,gencode
EIF3D,ENSG00000100353,gencode
TNRC6B,ENSG00000100354,gencode
SGSM3,ENSG00000100359,gencode
IFT27,ENSG00000100360,gencode
PVALB,ENSG00000100362,gencode
KIAA0930,ENSG00000100364,gencode
NCF4,ENSG00000100365,gencode
CSF2RB,ENSG00000100368,gencode
SLC25A17,ENSG00000100372,gencode
UPK3A,ENSG00000100373,gencode
FAM118A,ENSG00000100376,gencode
KCTD17,ENSG00000100379,gencode
ST13,ENSG00000100380,gencode
IL2RB,ENSG00000100385,gencode
RBX1,ENSG00000100387,gencode
EP300,ENSG00000100393,gencode
L3MBTL2,ENSG00000100395,gencode
CHADL,ENSG00000100399,gencode
RANGAP1,ENSG00000100401,gencode
ZC3H7B,ENSG00000100403,gencode
PHF5A,ENSG00000100410,gencode
ACO2,ENSG00000100412,gencode
POLR3H,ENSG00000100413,gencode
TRMU,ENSG00000100416,gencode
PMM1,ENSG00000100417,gencode
DESI1,ENSG00000100418,gencode
CERK,ENSG00000100422,gencode
BRD1,ENSG00000100425,gencode
ZBED4,ENSG00000100426,gencode
MLC1,ENSG00000100427,gencode
HDAC10,ENSG00000100429,gencode
KCNK10,ENSG00000100433,gencode
ABHD4,ENSG00000100439,gencode
KHNYN,ENSG00000100441,gencode
FKBP3,ENSG00000100442,gencode
SDR39U1,ENSG00000100445,gencode
CTSG,ENSG00000100448,gencode
GZMH,ENSG00000100450,gencode
GZMB,ENSG00000100453,gencode
RBM23,ENSG00000100461,gencode
PRMT5,ENSG00000100462,gencode
COCH,ENSG00000100473,gencode
AP4S1,ENSG00000100478,gencode
POLE2,ENSG00000100479,gencode
VCPKMT,ENSG00000100483,gencode
SOS2,ENSG00000100485,gencode
CDKL1,ENSG00000100490,gencode
NIN,ENSG00000100503,gencode
PYGL,ENSG00000100504,gencode
TRIM9,ENSG00000100505,gencode
PSMC6,ENSG00000100519,gencode
GNPNAT1,ENSG00000100522,gencode
DDHD1,ENSG00000100523,gencode
CDKN3,ENSG00000100526,gencode
CNIH1,ENSG00000100528,gencode
CGRRF1,ENSG00000100532,gencode
ATP6V1D,ENSG00000100554,gencode
CCDC198,ENSG00000100557,gencode
PLEK2,ENSG00000100558,gencode
PIGH,ENSG00000100564,gencode
LRRC74A,ENSG00000100565,gencode
PSMA3,ENSG00000100567,gencode
VTI1B,ENSG00000100568,gencode
TIMM9,ENSG00000100575,gencode
GSTZ1,ENSG00000100577,gencode
KIAA0586,ENSG00000100578,gencode
TMED8,ENSG00000100580,gencode
SAMD15,ENSG00000100583,gencode
AHSA1,ENSG00000100591,gencode
DAAM1,ENSG00000100592,gencode
ISM2,ENSG00000100593,gencode
SPTLC2,ENSG00000100596,gencode
RIN3,ENSG00000100599,gencode
LGMN,ENSG00000100600,gencode
ALKBH1,ENSG00000100601,gencode
SNW1,ENSG00000100603,gencode
CHGA,ENSG00000100604,gencode
ITPK1,ENSG00000100605,gencode
DHRS7,ENSG00000100612,gencode
PPM1A,ENSG00000100614,gencode
SIX4,ENSG00000100625,gencode
GALNT16,ENSG00000100626,gencode
ASB2,ENSG00000100628,gencode
CEP128,ENSG00000100629,gencode
ERH,ENSG00000100632,gencode
HIF1A,ENSG00000100644,gencode
SUSD6,ENSG00000100647,gencode
SRSF5,ENSG00000100650,gencode
SLC10A1,ENSG00000100652,gencode
EIF5,ENSG00000100664,gencode
SERPINA4,ENSG00000100665,gencode
SLC8A3,ENSG00000100678,gencode
DICER1,ENSG00000100697,gencode
ZFYVE21,ENSG00000100711,gencode
MTHFD1,ENSG00000100714,gencode
TCL1A,ENSG00000100721,gencode
ZC3H14,ENSG00000100722,gencode
TELO2,ENSG00000100726,gencode
PCNX1,ENSG00000100731,gencode
BDKRB1,ENSG00000100739,gencode
GSKIP,ENSG00000100744,gencode
VRK1,ENSG00000100749,gencode
PSMC1,ENSG00000100764,gencode
PAPLN,ENSG00000100767,gencode
PPP4R3A,ENSG00000100796,gencode
C14orf93,ENSG00000100802,gencode
PSMB5,ENSG00000100804,gencode
YY1,ENSG00000100811,gencode
ACIN1,ENSG00000100813,gencode
CCNB1IP1,ENSG00000100814,gencode
TRIP11,ENSG00000100815,gencode
APEX1,ENSG00000100823,gencode
EFS,ENSG00000100842,gencode
ARHGAP5,ENSG00000100852,gencode
CINP,ENSG00000100865,gencode
DHRS2,ENSG00000100867,gencode
SRP54,ENSG00000100883,gencode
CPNE6,ENSG00000100884,gencode
CHD8,ENSG00000100888,gencode
PCK2,ENSG00000100889,gencode
PRORP,ENSG00000100890,gencode
DCAF11,ENSG00000100897,gencode
NFKBIA,ENSG00000100906,gencode
EMC9,ENSG00000100908,gencode
PSME2,ENSG00000100911,gencode
BRMS1L,ENSG00000100916,gencode
REC8,ENSG00000100918,gencode
TM9SF1,ENSG00000100926,gencode
SEC23A,ENSG00000100934,gencode
GMPR2,ENSG00000100938,gencode
PNN,ENSG00000100941,gencode
RABGGTA,ENSG00000100949,gencode
NFATC4,ENSG00000100968,gencode
PLTP,ENSG00000100979,gencode
PCIF1,ENSG00000100982,gencode
GSS,ENSG00000100983,gencode
MMP9,ENSG00000100985,gencode
VSX1,ENSG00000100987,gencode
TRPC4AP,ENSG00000100991,gencode
PYGB,ENSG00000100994,gencode
ABHD12,ENSG00000100997,gencode
PROCR,ENSG00000101000,gencode
GINS1,ENSG00000101003,gencode
NINL,ENSG00000101004,gencode
CD40,ENSG00000101017,gencode
UQCC1,ENSG00000101019,gencode
ZMYND8,ENSG00000101040,gencode
SGK2,ENSG00000101049,gencode
IFT52,ENSG00000101052,gencode
MYBL2,ENSG00000101057,gencode
R3HDML,ENSG00000101074,gencode
HNF4A,ENSG00000101076,gencode
NDRG3,ENSG00000101079,gencode
SLA2,ENSG00000101082,gencode
RAB5IF,ENSG00000101084,gencode
NFATC2,ENSG00000101096,gencode
RIMS4,ENSG00000101098,gencode
PABPC1L,ENSG00000101104,gencode
STK4,ENSG00000101109,gencode
SALL4,ENSG00000101115,gencode
ADNP,ENSG00000101126,gencode
PFDN4,ENSG00000101132,gencode
DOK5,ENSG00000101134,gencode
CSTF1,ENSG00000101138,gencode
BMP7,ENSG00000101144,gencode
RAE1,ENSG00000101146,gencode
TPD52L2,ENSG00000101150,gencode
DNAJC5,ENSG00000101152,gencode
NELFCD,ENSG00000101158,gencode
CTSZ,ENSG00000101160,gencode
PRPF6,ENSG00000101161,gencode
TUBB1,ENSG00000101162,gencode
PRELID3B,ENSG00000101166,gencode
HRH3,ENSG00000101180,gencode
MTG2,ENSG00000101181,gencode
PSMA7,ENSG00000101182,gencode
SLCO4A1,ENSG00000101187,gencode
NTSR1,ENSG00000101188,gencode
MRGBP,ENSG00000101189,gencode
TCFL5,ENSG00000101190,gencode
DIDO1,ENSG00000101191,gencode
GID8,ENSG00000101193,gencode
SLC17A9,ENSG00000101194,gencode
BIRC7,ENSG00000101197,gencode
NKAIN4,ENSG00000101198,gencode
ARFGAP1,ENSG00000101199,gencode
AVP,ENSG00000101200,gencode
COL20A1,ENSG00000101203,gencode
CHRNA4,ENSG00000101204,gencode
EEF1A2,ENSG00000101210,gencode
PTK6,ENSG00000101213,gencode
GMEB2,ENSG00000101216,gencode
C20orf27,ENSG00000101220,gencode
SPEF1,ENSG00000101222,gencode
CDC25B,ENSG00000101224,gencode
ISM1,ENSG00000101230,gencode
RNF24,ENSG00000101236,gencode
ARFRP1,ENSG00000101246,gencode
NDUFAF5,ENSG00000101247,gencode
SEL1L2,ENSG00000101251,gencode
TRIB3,ENSG00000101255,gencode
RASSF2,ENSG00000101265,gencode
CSNK2A1,ENSG00000101266,gencode
SLC52A3,ENSG00000101276,gencode
ANGPT4,ENSG00000101280,gencode
RSPO4,ENSG00000101282,gencode
CDS2,ENSG00000101290,gencode
HM13,ENSG00000101294,gencode
SNPH,ENSG00000101298,gencode
MYLK2,ENSG00000101306,gencode
SIRPB1,ENSG00000101307,gencode
SEC23B,ENSG00000101310,gencode
FERMT1,ENSG00000101311,gencode
HAO1,ENSG00000101323,gencode
PDYN,ENSG00000101327,gencode
CCM2L,ENSG00000101331,gencode
PLCB4,ENSG00000101333,gencode
MYL9,ENSG00000101335,gencode
HCK,ENSG00000101336,gencode
TM9SF4,ENSG00000101337,gencode
TLDC2,ENSG00000101342,gencode
CRNKL1,ENSG00000101343,gencode
POFUT1,ENSG00000101346,gencode
SAMHD1,ENSG00000101347,gencode
PAK5,ENSG00000101349,gencode
KIF3B,ENSG00000101350,gencode
NOP56,ENSG00000101361,gencode
MANBAL,ENSG00000101363,gencode
IDH3B,ENSG00000101365,gencode
MAPRE1,ENSG00000101367,gencode
JAG1,ENSG00000101384,gencode
CDK5RAP1,ENSG00000101391,gencode
SNTA1,ENSG00000101400,gencode
OXT,ENSG00000101405,gencode
TTI1,ENSG00000101407,gencode
E2F1,ENSG00000101412,gencode
RPRD1B,ENSG00000101413,gencode
PXMP4,ENSG00000101417,gencode
CHMP4B,ENSG00000101421,gencode
BPI,ENSG00000101425,gencode
CST9L,ENSG00000101435,gencode
SLC32A1,ENSG00000101438,gencode
CST3,ENSG00000101439,gencode
ASIP,ENSG00000101440,gencode
CST4,ENSG00000101441,gencode
ACTR5,ENSG00000101442,gencode
WFDC2,ENSG00000101443,gencode
AHCY,ENSG00000101444,gencode
PPP1R16B,ENSG00000101445,gencode
SPINT3,ENSG00000101446,gencode
FAM83D,ENSG00000101447,gencode
EPPIN,ENSG00000101448,gencode
DHX35,ENSG00000101452,gencode
DNTTIP1,ENSG00000101457,gencode
MAP1LC3A,ENSG00000101460,gencode
SYNDIG1,ENSG00000101463,gencode
PIGU,ENSG00000101464,gencode
TNNC2,ENSG00000101470,gencode
ACOT8,ENSG00000101473,gencode
APMAP,ENSG00000101474,gencode
CELF4,ENSG00000101489,gencode
ZNF516,ENSG00000101493,gencode
CDH20,ENSG00000101542,gencode
ADNP2,ENSG00000101544,gencode
RBFA,ENSG00000101546,gencode
USP14,ENSG00000101557,gencode
VAPA,ENSG00000101558,gencode
METTL4,ENSG00000101574,gencode
LPIN2,ENSG00000101577,gencode
SMCHD1,ENSG00000101596,gencode
MYOM1,ENSG00000101605,gencode
MYL12A,ENSG00000101608,gencode
CEP76,ENSG00000101624,gencode
ST8SIA5,ENSG00000101638,gencode
CEP192,ENSG00000101639,gencode
RNMT,ENSG00000101654,gencode
SMAD7,ENSG00000101665,gencode
LIPG,ENSG00000101670,gencode
LAMA1,ENSG00000101680,gencode
RNF125,ENSG00000101695,gencode
ANKRD12,ENSG00000101745,gencode
NOL4,ENSG00000101746,gencode
POLI,ENSG00000101751,gencode
MIB1,ENSG00000101752,gencode
RBBP8,ENSG00000101773,gencode
RIOK3,ENSG00000101782,gencode
CSTF2,ENSG00000101811,gencode
H2BFM,ENSG00000101812,gencode
MXRA5,ENSG00000101825,gencode
VSIG1,ENSG00000101842,gencode
PSMD10,ENSG00000101843,gencode
ATG4A,ENSG00000101844,gencode
STS,ENSG00000101846,gencode
TBL1X,ENSG00000101849,gencode
GPR143,ENSG00000101850,gencode
PGRMC1,ENSG00000101856,gencode
POLA1,ENSG00000101868,gencode
MID1,ENSG00000101871,gencode
NKAP,ENSG00000101882,gencode
RHOXF1,ENSG00000101883,gencode
NXT2,ENSG00000101888,gencode
GUCY2F,ENSG00000101890,gencode
ATP1B4,ENSG00000101892,gencode
ALG13,ENSG00000101901,gencode
PRPS2,ENSG00000101911,gencode
TLR8,ENSG00000101916,gencode
MOSPD1,ENSG00000101928,gencode
AMMECR1,ENSG00000101935,gencode
CHRDL1,ENSG00000101938,gencode
WDR13,ENSG00000101940,gencode
SUV39H1,ENSG00000101945,gencode
PAGE4,ENSG00000101951,gencode
SRPX,ENSG00000101955,gencode
GLRA2,ENSG00000101958,gencode
XIAP,ENSG00000101966,gencode
STAG2,ENSG00000101972,gencode
ATP11C,ENSG00000101974,gencode
MCF2,ENSG00000101977,gencode
F9,ENSG00000101981,gencode
ABCD1,ENSG00000101986,gencode
CCDC22,ENSG00000101997,gencode
CACNA1F,ENSG00000102001,gencode
SYP,ENSG00000102003,gencode
PLP2,ENSG00000102007,gencode
BMX,ENSG00000102010,gencode
LUZP4,ENSG00000102021,gencode
PLS3,ENSG00000102024,gencode
NAA10,ENSG00000102030,gencode
RENBP,ENSG00000102032,gencode
ELF4,ENSG00000102034,gencode
SMARCA1,ENSG00000102038,gencode
MTMR8,ENSG00000102043,gencode
ASB9,ENSG00000102048,gencode
ZC3H12B,ENSG00000102053,gencode
RBBP7,ENSG00000102054,gencode
PPP1R2C,ENSG00000102055,gencode
KCND1,ENSG00000102057,gencode
OPN1LW,ENSG00000102076,gencode
SLC25A14,ENSG00000102078,gencode
FMR1,ENSG00000102081,gencode
PIM2,ENSG00000102096,gencode
SCML2,ENSG00000102098,gencode
SLC35A2,ENSG00000102100,gencode
PQBP1,ENSG00000102103,gencode
RS1,ENSG00000102104,gencode
PCSK1N,ENSG00000102109,gencode
EMD,ENSG00000102119,gencode
TAZ,ENSG00000102125,gencode
PGK1,ENSG00000102144,gencode
GATA1,ENSG00000102145,gencode
MAGT1,ENSG00000102158,gencode
SMS,ENSG00000102172,gencode
PHEX,ENSG00000102174,gencode
UBL4A,ENSG00000102178,gencode
CD99L2,ENSG00000102181,gencode
EEA1,ENSG00000102189,gencode
RP2,ENSG00000102218,gencode
JADE3,ENSG00000102221,gencode
CDK16,ENSG00000102225,gencode
USP11,ENSG00000102226,gencode
PCYT1B,ENSG00000102230,gencode
BRS3,ENSG00000102239,gencode
HTATSF1,ENSG00000102241,gencode
VGLL1,ENSG00000102243,gencode
CD40LG,ENSG00000102245,gencode
TIMP1,ENSG00000102265,gencode
KLHL4,ENSG00000102271,gencode
GABRE,ENSG00000102287,gencode
PCDH11X,ENSG00000102290,gencode
FGD1,ENSG00000102302,gencode
PIN4,ENSG00000102309,gencode
PORCN,ENSG00000102312,gencode
ITIH6,ENSG00000102313,gencode
MAGED2,ENSG00000102316,gencode
RBM3,ENSG00000102317,gencode
KLF8,ENSG00000102349,gencode
SRPX2,ENSG00000102359,gencode
SYTL4,ENSG00000102362,gencode
ZDHHC15,ENSG00000102383,gencode
CENPI,ENSG00000102384,gencode
DRP2,ENSG00000102385,gencode
TAF7L,ENSG00000102387,gencode
PBDC1,ENSG00000102390,gencode
GLA,ENSG00000102393,gencode
ARMCX3,ENSG00000102401,gencode
BEX4,ENSG00000102409,gencode
RUBCNL,ENSG00000102445,gencode
NALCN,ENSG00000102452,gencode
FGF14,ENSG00000102466,gencode
HTR2A,ENSG00000102468,gencode
NDFIP2,ENSG00000102471,gencode
TNFSF13B,ENSG00000102524,gencode
FNDC3A,ENSG00000102531,gencode
MLNR,ENSG00000102539,gencode
CDADC1,ENSG00000102543,gencode
CAB39L,ENSG00000102547,gencode
KLF5,ENSG00000102554,gencode
STK24,ENSG00000102572,gencode
ACP5,ENSG00000102575,gencode
DNAJC3,ENSG00000102580,gencode
UGGT2,ENSG00000102595,gencode
ARHGEF7,ENSG00000102606,gencode
FGF9,ENSG00000102678,gencode
SGCG,ENSG00000102683,gencode
PARP4,ENSG00000102699,gencode
SUPT20H,ENSG00000102710,gencode
SLC25A15,ENSG00000102743,gencode
KPNA3,ENSG00000102753,gencode
FLT1,ENSG00000102755,gencode
RGCC,ENSG00000102760,gencode
VWA8,ENSG00000102763,gencode
DGKH,ENSG00000102780,gencode
KATNAL1,ENSG00000102781,gencode
INTS6,ENSG00000102786,gencode
ACOD1,ENSG00000102794,gencode
DHRS12,ENSG00000102796,gencode
MEDAG,ENSG00000102802,gencode
TSC22D1,ENSG00000102804,gencode
CLN5,ENSG00000102805,gencode
OLFM4,ENSG00000102837,gencode
MSLN,ENSG00000102854,gencode
MGRN1,ENSG00000102858,gencode
ZNF629,ENSG00000102870,gencode
TRADD,ENSG00000102871,gencode
HSF4,ENSG00000102878,gencode
CORO1A,ENSG00000102879,gencode
MAPK3,ENSG00000102882,gencode
GDPD3,ENSG00000102886,gencode
ELMO3,ENSG00000102890,gencode
MT4,ENSG00000102891,gencode
PHKB,ENSG00000102893,gencode
LYRM1,ENSG00000102897,gencode
NUTF2,ENSG00000102898,gencode
NUP93,ENSG00000102900,gencode
CENPT,ENSG00000102901,gencode
TSNAXIP1,ENSG00000102904,gencode
NFAT5,ENSG00000102908,gencode
LONP2,ENSG00000102910,gencode
N4BP1,ENSG00000102921,gencode
CBLN1,ENSG00000102924,gencode
ARL2BP,ENSG00000102931,gencode
PLLP,ENSG00000102934,gencode
ZNF423,ENSG00000102935,gencode
CCL22,ENSG00000102962,gencode
DHODH,ENSG00000102967,gencode
CCL17,ENSG00000102970,gencode
CTCF,ENSG00000102974,gencode
ACD,ENSG00000102977,gencode
POLR2C,ENSG00000102978,gencode
PARD6A,ENSG00000102981,gencode
ZNF821,ENSG00000102984,gencode
MMP15,ENSG00000102996,gencode
USB1,ENSG00000103005,gencode
CYB5B,ENSG00000103018,gencode
CCDC113,ENSG00000103021,gencode
PRSS54,ENSG00000103023,gencode
NME3,ENSG00000103024,gencode
NDRG4,ENSG00000103034,gencode
PSMD7,ENSG00000103035,gencode
SETD6,ENSG00000103037,gencode
SLC38A7,ENSG00000103042,gencode
VAC14,ENSG00000103043,gencode
HAS3,ENSG00000103044,gencode
TANGO6,ENSG00000103047,gencode
COG4,ENSG00000103051,gencode
SMPD3,ENSG00000103056,gencode
SLC7A6OS,ENSG00000103061,gencode
SLC7A6,ENSG00000103064,gencode
PLA2G15,ENSG00000103066,gencode
ESRP2,ENSG00000103067,gencode
FA2H,ENSG00000103089,gencode
WDR59,ENSG00000103091,gencode
MON1B,ENSG00000103111,gencode
CMC2,ENSG00000103121,gencode
AXIN1,ENSG00000103126,gencode
HCFC1R1,ENSG00000103145,gencode
NPRL3,ENSG00000103148,gencode
MLYCD,ENSG00000103150,gencode
MPG,ENSG00000103152,gencode
NECAB2,ENSG00000103154,gencode
HSDL1,ENSG00000103160,gencode
TAF1C,ENSG00000103168,gencode
NAGPA,ENSG00000103174,gencode
WFDC1,ENSG00000103175,gencode
SEC14L5,ENSG00000103184,gencode
COTL1,ENSG00000103187,gencode
USP10,ENSG00000103194,gencode
CRISPLD2,ENSG00000103196,gencode
TSC2,ENSG00000103197,gencode
ZNF500,ENSG00000103199,gencode
NME4,ENSG00000103202,gencode
ABCC1,ENSG00000103222,gencode
LMF1,ENSG00000103227,gencode
FOXF1,ENSG00000103241,gencode
CIAO3,ENSG00000103245,gencode
MTHFSD,ENSG00000103248,gencode
CLCN7,ENSG00000103249,gencode
HAGHL,ENSG00000103253,gencode
ANTKMT,ENSG00000103254,gencode
SLC7A5,ENSG00000103257,gencode
METRN,ENSG00000103260,gencode
FBXO31,ENSG00000103264,gencode
STUB1,ENSG00000103266,gencode
RHBDL1,ENSG00000103269,gencode
NUBP1,ENSG00000103274,gencode
UBE2I,ENSG00000103275,gencode
ZP2,ENSG00000103310,gencode
MEFV,ENSG00000103313,gencode
CRYM,ENSG00000103316,gencode
EEF2K,ENSG00000103319,gencode
CAPN15,ENSG00000103326,gencode
PIEZO1,ENSG00000103335,gencode
GSPT1,ENSG00000103342,gencode
ZNF174,ENSG00000103343,gencode
CLUAP1,ENSG00000103351,gencode
UBFD1,ENSG00000103353,gencode
PRSS33,ENSG00000103355,gencode
EARS2,ENSG00000103356,gencode
ELOB,ENSG00000103363,gencode
GGA2,ENSG00000103365,gencode
AQP8,ENSG00000103375,gencode
CPPED1,ENSG00000103381,gencode
USP31,ENSG00000103404,gencode
HMOX2,ENSG00000103415,gencode
DNAJA3,ENSG00000103423,gencode
BFAR,ENSG00000103429,gencode
SALL1,ENSG00000103449,gencode
TOX3,ENSG00000103460,gencode
RBL2,ENSG00000103479,gencode
QPRT,ENSG00000103485,gencode
XYLT1,ENSG00000103489,gencode
PYCARD,ENSG00000103490,gencode
RPGRIP1L,ENSG00000103494,gencode
MAZ,ENSG00000103495,gencode
STX4,ENSG00000103496,gencode
CDIPT,ENSG00000103502,gencode
BCKDK,ENSG00000103507,gencode
KAT8,ENSG00000103510,gencode
NOMO1,ENSG00000103512,gencode
IL21R,ENSG00000103522,gencode
SYT17,ENSG00000103528,gencode
TMC5,ENSG00000103534,gencode
CCP110,ENSG00000103540,gencode
VPS35L,ENSG00000103544,gencode
SLC6A2,ENSG00000103546,gencode
RNF40,ENSG00000103549,gencode
KNOP1,ENSG00000103550,gencode
AQP9,ENSG00000103569,gencode
AAGAB,ENSG00000103591,gencode
IQCH,ENSG00000103599,gencode
LACTB,ENSG00000103642,gencode
CORO2B,ENSG00000103647,gencode
CSK,ENSG00000103653,gencode
HERC1,ENSG00000103657,gencode
TRIP4,ENSG00000103671,gencode
MTFMT,ENSG00000103707,gencode
RASL12,ENSG00000103710,gencode
AP3B2,ENSG00000103723,gencode
ACSBG1,ENSG00000103740,gencode
IGDCC4,ENSG00000103742,gencode
RAB11A,ENSG00000103769,gencode
CTSH,ENSG00000103811,gencode
TTC23,ENSG00000103852,gencode
CD276,ENSG00000103855,gencode
FAH,ENSG00000103876,gencode
CEMIP,ENSG00000103888,gencode
RPAP1,ENSG00000103932,gencode
HOMER2,ENSG00000103942,gencode
EHD4,ENSG00000103966,gencode
TMEM87A,ENSG00000103978,gencode
ZNF106,ENSG00000103994,gencode
CEP152,ENSG00000103995,gencode
ATP8B4,ENSG00000104043,gencode
OCA2,ENSG00000104044,gencode
DTWD1,ENSG00000104047,gencode
TGM5,ENSG00000104055,gencode
FAM189A1,ENSG00000104059,gencode
GABPB1,ENSG00000104064,gencode
TJP1,ENSG00000104067,gencode
BMF,ENSG00000104081,gencode
DMXL2,ENSG00000104093,gencode
SCG3,ENSG00000104112,gencode
EIF3J,ENSG00000104131,gencode
SPG11,ENSG00000104133,gencode
RHOV,ENSG00000104140,gencode
VPS18,ENSG00000104142,gencode
OIP5,ENSG00000104147,gencode
SLC30A4,ENSG00000104154,gencode
BLOC1S6,ENSG00000104164,gencode
MYEF2,ENSG00000104177,gencode
SGK3,ENSG00000104205,gencode
PDGFRL,ENSG00000104213,gencode
CSPP1,ENSG00000104218,gencode
ZDHHC2,ENSG00000104219,gencode
BRF2,ENSG00000104221,gencode
TRIM35,ENSG00000104228,gencode
ZFAND1,ENSG00000104231,gencode
CA2,ENSG00000104267,gencode
FZD3,ENSG00000104290,gencode
INTS9,ENSG00000104299,gencode
RIPK2,ENSG00000104312,gencode
EYA1,ENSG00000104313,gencode
NBN,ENSG00000104320,gencode
TRPA1,ENSG00000104321,gencode
CPQ,ENSG00000104324,gencode
DECR1,ENSG00000104325,gencode
CALB1,ENSG00000104327,gencode
IMPAD1,ENSG00000104331,gencode
SFRP1,ENSG00000104332,gencode
LAPTM4B,ENSG00000104341,gencode
UBE2W,ENSG00000104343,gencode
POP1,ENSG00000104356,gencode
NIPAL2,ENSG00000104361,gencode
IKBKB,ENSG00000104365,gencode
PLAT,ENSG00000104368,gencode
JPH1,ENSG00000104369,gencode
DKK4,ENSG00000104371,gencode
STK3,ENSG00000104375,gencode
GDAP1,ENSG00000104381,gencode
RAB2A,ENSG00000104388,gencode
EIF3E,ENSG00000104408,gencode
EMC2,ENSG00000104412,gencode
ESRP1,ENSG00000104413,gencode
CCN4,ENSG00000104415,gencode
NDRG1,ENSG00000104419,gencode
ZC2HC1A,ENSG00000104427,gencode
IL7,ENSG00000104432,gencode
STMN2,ENSG00000104435,gencode
ARMC1,ENSG00000104442,gencode
TRPS1,ENSG00000104447,gencode
SPAG1,ENSG00000104450,gencode
CHRAC1,ENSG00000104472,gencode
NCALD,ENSG00000104490,gencode
SNX16,ENSG00000104497,gencode
GML,ENSG00000104499,gencode
UBR5,ENSG00000104517,gencode
GSDMD,ENSG00000104518,gencode
TSTA3,ENSG00000104522,gencode
PYCR3,ENSG00000104524,gencode
ANXA13,ENSG00000104537,gencode
SQLE,ENSG00000104549,gencode
SH2D4A,ENSG00000104611,gencode
INTS10,ENSG00000104613,gencode
ERI1,ENSG00000104626,gencode
SLC39A14,ENSG00000104635,gencode
MTMR9,ENSG00000104643,gencode
LEPROTL1,ENSG00000104660,gencode
DCTN6,ENSG00000104671,gencode
R3HCC1,ENSG00000104679,gencode
GSR,ENSG00000104687,gencode
TNFRSF10A,ENSG00000104689,gencode
UBXN8,ENSG00000104691,gencode
PPP2CB,ENSG00000104695,gencode
ERICH1,ENSG00000104714,gencode
NEFM,ENSG00000104722,gencode
TUSC3,ENSG00000104723,gencode
ARHGEF10,ENSG00000104728,gencode
KLHDC4,ENSG00000104731,gencode
MCM4,ENSG00000104738,gencode
ADAM2,ENSG00000104755,gencode
KCTD9,ENSG00000104756,gencode
FGL1,ENSG00000104760,gencode
ASAH1,ENSG00000104763,gencode
BNIP3L,ENSG00000104765,gencode
MAN2B1,ENSG00000104774,gencode
KCNN4,ENSG00000104783,gencode
TULP2,ENSG00000104804,gencode
NUCB1,ENSG00000104805,gencode
DHDH,ENSG00000104808,gencode
GYS1,ENSG00000104812,gencode
MAP4K1,ENSG00000104814,gencode
ECH1,ENSG00000104823,gencode
HNRNPL,ENSG00000104824,gencode
NFKBIB,ENSG00000104825,gencode
LHB,ENSG00000104826,gencode
CGB3,ENSG00000104827,gencode
TUBB4A,ENSG00000104833,gencode
SARS2,ENSG00000104835,gencode
KCNA7,ENSG00000104848,gencode
SNRNP70,ENSG00000104852,gencode
CLPTM1,ENSG00000104853,gencode
RELB,ENSG00000104856,gencode
CLASRP,ENSG00000104859,gencode
LIN7B,ENSG00000104863,gencode
PPP1R37,ENSG00000104866,gencode
FCGRT,ENSG00000104870,gencode
PIH1D1,ENSG00000104872,gencode
CKM,ENSG00000104879,gencode
ARHGEF18,ENSG00000104880,gencode
PPP1R13L,ENSG00000104881,gencode
PEX11G,ENSG00000104883,gencode
ERCC2,ENSG00000104884,gencode
DOT1L,ENSG00000104885,gencode
PLEKHJ1,ENSG00000104886,gencode
SLC17A7,ENSG00000104888,gencode
RNASEH2A,ENSG00000104889,gencode
KLC3,ENSG00000104892,gencode
CD37,ENSG00000104894,gencode
SF3A2,ENSG00000104897,gencode
AMH,ENSG00000104899,gencode
DKKL1,ENSG00000104901,gencode
LYL1,ENSG00000104903,gencode
OAZ1,ENSG00000104904,gencode
TRMT1,ENSG00000104907,gencode
STX10,ENSG00000104915,gencode
RETN,ENSG00000104918,gencode
FCER2,ENSG00000104921,gencode
DMPK,ENSG00000104936,gencode
CLEC4M,ENSG00000104938,gencode
RSPH6A,ENSG00000104941,gencode
TBC1D17,ENSG00000104946,gencode
IL4I1,ENSG00000104951,gencode
TLE6,ENSG00000104953,gencode
CCDC130,ENSG00000104957,gencode
PTOV1,ENSG00000104960,gencode
TLE5,ENSG00000104964,gencode
NOVA2,ENSG00000104967,gencode
SGTA,ENSG00000104969,gencode
LILRB1,ENSG00000104972,gencode
MED25,ENSG00000104973,gencode
LILRA1,ENSG00000104974,gencode
SNAPC2,ENSG00000104976,gencode
C19orf53,ENSG00000104979,gencode
TIMM44,ENSG00000104980,gencode
CCDC61,ENSG00000104983,gencode
IL27RA,ENSG00000104998,gencode
ASF1B,ENSG00000105011,gencode
TNNT1,ENSG00000105048,gencode
VRK3,ENSG00000105053,gencode
FAM32A,ENSG00000105058,gencode
PPP6R1,ENSG00000105063,gencode
C19orf44,ENSG00000105072,gencode
MED26,ENSG00000105085,gencode
OLFM2,ENSG00000105088,gencode
RASAL3,ENSG00000105122,gencode
AKAP8,ENSG00000105127,gencode
EPHX3,ENSG00000105131,gencode
ILVBL,ENSG00000105135,gencode
ZNF419,ENSG00000105136,gencode
SYDE1,ENSG00000105137,gencode
CASP14,ENSG00000105141,gencode
SLC1A6,ENSG00000105143,gencode
AURKC,ENSG00000105146,gencode
POP4,ENSG00000105171,gencode
CCNE1,ENSG00000105173,gencode
URI1,ENSG00000105176,gencode
PDCD5,ENSG00000105185,gencode
ANKRD27,ENSG00000105186,gencode
TIMM50,ENSG00000105197,gencode
LGALS13,ENSG00000105198,gencode
FBL,ENSG00000105202,gencode
DYRK1B,ENSG00000105204,gencode
CLC,ENSG00000105205,gencode
CNTD2,ENSG00000105219,gencode
GPI,ENSG00000105220,gencode
AKT2,ENSG00000105221,gencode
PLD3,ENSG00000105223,gencode
PRX,ENSG00000105227,gencode
PIAS4,ENSG00000105229,gencode
NUMBL,ENSG00000105245,gencode
EBI3,ENSG00000105246,gencode
YJU2,ENSG00000105248,gencode
SHD,ENSG00000105251,gencode
TBCB,ENSG00000105254,gencode
FSD1,ENSG00000105255,gencode
POLR2I,ENSG00000105258,gencode
OVOL3,ENSG00000105261,gencode
CLIP3,ENSG00000105270,gencode
ZFR2,ENSG00000105278,gencode
SLC1A5,ENSG00000105281,gencode
PRKD2,ENSG00000105287,gencode
TJP3,ENSG00000105289,gencode
APLP1,ENSG00000105290,gencode
CACTIN,ENSG00000105298,gencode
CCDC9,ENSG00000105321,gencode
HNRNPUL1,ENSG00000105323,gencode
FZR1,ENSG00000105325,gencode
BBC3,ENSG00000105327,gencode
TGFB1,ENSG00000105329,gencode
DENND3,ENSG00000105339,gencode
DMAC2,ENSG00000105341,gencode
CEACAM4,ENSG00000105352,gencode
PLIN3,ENSG00000105355,gencode
MYH14,ENSG00000105357,gencode
SIGLEC8,ENSG00000105366,gencode
CD79A,ENSG00000105369,gencode
LIM2,ENSG00000105370,gencode
ICAM4,ENSG00000105371,gencode
NOP53,ENSG00000105373,gencode
NKG7,ENSG00000105374,gencode
ICAM5,ENSG00000105376,gencode
ETFB,ENSG00000105379,gencode
CD33,ENSG00000105383,gencode
CEACAM5,ENSG00000105388,gencode
CRX,ENSG00000105392,gencode
BABAM1,ENSG00000105393,gencode
TYK2,ENSG00000105397,gencode
SULT2A1,ENSG00000105398,gencode
CDC37,ENSG00000105401,gencode
NAPA,ENSG00000105402,gencode
RABAC1,ENSG00000105404,gencode
ATP1A3,ENSG00000105409,gencode
MEIS3,ENSG00000105419,gencode
PTPRS,ENSG00000105426,gencode
CNFN,ENSG00000105427,gencode
ZNRF4,ENSG00000105428,gencode
MEGF8,ENSG00000105429,gencode
KDELR1,ENSG00000105438,gencode
CYTH2,ENSG00000105443,gencode
GRWD1,ENSG00000105447,gencode
GRIN2D,ENSG00000105464,gencode
SYNGR4,ENSG00000105467,gencode
CLEC11A,ENSG00000105472,gencode
CCDC114,ENSG00000105479,gencode
CARD8,ENSG00000105483,gencode
LIG1,ENSG00000105486,gencode
SIGLEC6,ENSG00000105492,gencode
ZNF175,ENSG00000105497,gencode
PLA2G4C,ENSG00000105499,gencode
SIGLEC5,ENSG00000105501,gencode
CABP5,ENSG00000105507,gencode
HAS1,ENSG00000105509,gencode
RAB3D,ENSG00000105514,gencode
DBP,ENSG00000105516,gencode
TMEM205,ENSG00000105518,gencode
CAPS,ENSG00000105519,gencode
PLPPR2,ENSG00000105520,gencode
FAM83E,ENSG00000105523,gencode
RASIP1,ENSG00000105538,gencode
THEG,ENSG00000105549,gencode
FGF21,ENSG00000105550,gencode
BCAT2,ENSG00000105552,gencode
MIER2,ENSG00000105556,gencode
PLEKHA4,ENSG00000105559,gencode
PPP2R1A,ENSG00000105568,gencode
TNPO2,ENSG00000105576,gencode
WDR83OS,ENSG00000105583,gencode
CACNG7,ENSG00000105605,gencode
GCDH,ENSG00000105607,gencode
LILRB5,ENSG00000105609,gencode
KLF1,ENSG00000105610,gencode
DNASE2,ENSG00000105612,gencode
MAST1,ENSG00000105613,gencode
LENG1,ENSG00000105617,gencode
PRPF31,ENSG00000105618,gencode
TFPT,ENSG00000105619,gencode
JAK3,ENSG00000105639,gencode
SLC5A5,ENSG00000105641,gencode
KCNN1,ENSG00000105642,gencode
ARRDC2,ENSG00000105643,gencode
PIK3R2,ENSG00000105647,gencode
RAB3A,ENSG00000105649,gencode
PDE4C,ENSG00000105650,gencode
ISYNA1,ENSG00000105655,gencode
ELL,ENSG00000105656,gencode
CRTC1,ENSG00000105662,gencode
COMP,ENSG00000105664,gencode
UPK1A,ENSG00000105668,gencode
COPE,ENSG00000105669,gencode
DDX49,ENSG00000105671,gencode
ETV2,ENSG00000105672,gencode
ATP4A,ENSG00000105675,gencode
ARMC6,ENSG00000105676,gencode
TMEM147,ENSG00000105677,gencode
GAPDHS,ENSG00000105679,gencode
TMEM59L,ENSG00000105696,gencode
HAMP,ENSG00000105697,gencode
USF2,ENSG00000105698,gencode
LSR,ENSG00000105699,gencode
KXD1,ENSG00000105700,gencode
FKBP8,ENSG00000105701,gencode
SUGP1,ENSG00000105705,gencode
HPN,ENSG00000105707,gencode
ZNF14,ENSG00000105708,gencode
SCN1B,ENSG00000105711,gencode
PBX4,ENSG00000105717,gencode
ERF,ENSG00000105722,gencode
GSK3A,ENSG00000105723,gencode
ATP13A1,ENSG00000105726,gencode
ZNF574,ENSG00000105732,gencode
GRIK5,ENSG00000105737,gencode
SIPA1L3,ENSG00000105738,gencode
ZNF85,ENSG00000105750,gencode
ETHE1,ENSG00000105755,gencode
CADM4,ENSG00000105767,gencode
SMG9,ENSG00000105771,gencode
AVL9,ENSG00000105778,gencode
RUNDC3B,ENSG00000105784,gencode
CFAP69,ENSG00000105792,gencode
GTPBP10,ENSG00000105793,gencode
RASA4,ENSG00000105808,gencode
CDK6,ENSG00000105810,gencode
PMPCB,ENSG00000105819,gencode
DNAJC2,ENSG00000105821,gencode
TFPI2,ENSG00000105825,gencode
BET1,ENSG00000105829,gencode
NAMPT,ENSG00000105835,gencode
TWISTNB,ENSG00000105849,gencode
PIK3CG,ENSG00000105851,gencode
PON3,ENSG00000105852,gencode
PON2,ENSG00000105854,gencode
ITGB8,ENSG00000105855,gencode
HBP1,ENSG00000105856,gencode
DUS4L,ENSG00000105865,gencode
SP4,ENSG00000105866,gencode
WDR91,ENSG00000105875,gencode
DNAH11,ENSG00000105877,gencode
CBLL1,ENSG00000105879,gencode
DLX5,ENSG00000105880,gencode
MTPN,ENSG00000105887,gencode
STEAP1B,ENSG00000105889,gencode
PTN,ENSG00000105894,gencode
MPP6,ENSG00000105926,gencode
GSDME,ENSG00000105928,gencode
ATP6V0A4,ENSG00000105929,gencode
ZC3HAV1,ENSG00000105939,gencode
TTC26,ENSG00000105948,gencode
OGDH,ENSG00000105953,gencode
NPVF,ENSG00000105954,gencode
ADAP1,ENSG00000105963,gencode
TFEC,ENSG00000105967,gencode
CAV2,ENSG00000105971,gencode
CAV1,ENSG00000105974,gencode
MET,ENSG00000105976,gencode
RNF32,ENSG00000105982,gencode
LMBR1,ENSG00000105983,gencode
WNT2,ENSG00000105989,gencode
HOXA1,ENSG00000105991,gencode
DNAJB6,ENSG00000105993,gencode
HOXA2,ENSG00000105996,gencode
HOXA3,ENSG00000105997,gencode
LFNG,ENSG00000106003,gencode
HOXA5,ENSG00000106004,gencode
HOXA6,ENSG00000106006,gencode
BRAT1,ENSG00000106009,gencode
IQCE,ENSG00000106012,gencode
ANKRD7,ENSG00000106013,gencode
VIPR2,ENSG00000106018,gencode
TSPAN12,ENSG00000106025,gencode
SSBP1,ENSG00000106028,gencode
HOXA13,ENSG00000106031,gencode
CPED1,ENSG00000106034,gencode
EVX1,ENSG00000106038,gencode
HIBADH,ENSG00000106049,gencode
TAX1BP1,ENSG00000106052,gencode
CPVL,ENSG00000106066,gencode
CHN2,ENSG00000106069,gencode
GRB10,ENSG00000106070,gencode
ABHD11,ENSG00000106077,gencode
COBL,ENSG00000106078,gencode
FKBP14,ENSG00000106080,gencode
PLEKHA8,ENSG00000106086,gencode
STX1A,ENSG00000106089,gencode
NOD1,ENSG00000106100,gencode
GARS,ENSG00000106105,gencode
CRHR2,ENSG00000106113,gencode
EPHB6,ENSG00000106123,gencode
MINDY4,ENSG00000106125,gencode
CASP2,ENSG00000106144,gencode
CHCHD2,ENSG00000106153,gencode
CCL24,ENSG00000106178,gencode
HSPB1,ENSG00000106211,gencode
NPTX2,ENSG00000106236,gencode
BUD31,ENSG00000106245,gencode
PTCD1,ENSG00000106246,gencode
CYP3A5,ENSG00000106258,gencode
ZKSCAN1,ENSG00000106261,gencode
EIF3B,ENSG00000106263,gencode
SNX8,ENSG00000106266,gencode
NUDT1,ENSG00000106268,gencode
PTPRZ1,ENSG00000106278,gencode
TAF6,ENSG00000106290,gencode
WASL,ENSG00000106299,gencode
HYAL4,ENSG00000106302,gencode
SPAM1,ENSG00000106304,gencode
AIMP2,ENSG00000106305,gencode
TFR2,ENSG00000106327,gencode
FSCN3,ENSG00000106328,gencode
MOSPD3,ENSG00000106330,gencode
PAX4,ENSG00000106331,gencode
PCOLCE,ENSG00000106333,gencode
FBXO24,ENSG00000106336,gencode
PPP1R17,ENSG00000106341,gencode
RBM28,ENSG00000106344,gencode
USP42,ENSG00000106346,gencode
IMPDH1,ENSG00000106348,gencode
AGFG2,ENSG00000106351,gencode
LSM5,ENSG00000106355,gencode
SERPINE1,ENSG00000106366,gencode
AP1S1,ENSG00000106367,gencode
MOGAT3,ENSG00000106384,gencode
C1GALT1,ENSG00000106392,gencode
PLOD3,ENSG00000106397,gencode
RPA3,ENSG00000106399,gencode
ZNHIT1,ENSG00000106400,gencode
CLDN15,ENSG00000106404,gencode
NOBOX,ENSG00000106410,gencode
GLCCI1,ENSG00000106415,gencode
MYL10,ENSG00000106436,gencode
PHF14,ENSG00000106443,gencode
NRF1,ENSG00000106459,gencode
TMEM106B,ENSG00000106460,gencode
EZH2,ENSG00000106462,gencode
CEP41,ENSG00000106477,gencode
ZNF862,ENSG00000106479,gencode
SFRP4,ENSG00000106483,gencode
MEST,ENSG00000106484,gencode
MEOX2,ENSG00000106511,gencode
ANKMY2,ENSG00000106524,gencode
ACTR3C,ENSG00000106526,gencode
POU6F2,ENSG00000106536,gencode
TSPAN13,ENSG00000106537,gencode
RARRES2,ENSG00000106538,gencode
AGR2,ENSG00000106541,gencode
AHR,ENSG00000106546,gencode
CHCHD3,ENSG00000106554,gencode
GIMAP2,ENSG00000106560,gencode
TMEM176B,ENSG00000106565,gencode
GLI3,ENSG00000106571,gencode
PSMA2,ENSG00000106588,gencode
COA1,ENSG00000106603,gencode
BLVRA,ENSG00000106605,gencode
URGCP,ENSG00000106608,gencode
TMEM248,ENSG00000106609,gencode
RHEB,ENSG00000106615,gencode
PRKAG2,ENSG00000106617,gencode
AEBP1,ENSG00000106624,gencode
POLD2,ENSG00000106628,gencode
MYL7,ENSG00000106631,gencode
GCK,ENSG00000106633,gencode
BCL7B,ENSG00000106635,gencode
YKT6,ENSG00000106636,gencode
TBL2,ENSG00000106638,gencode
GALNTL5,ENSG00000106648,gencode
CLIP2,ENSG00000106665,gencode
EIF4H,ENSG00000106682,gencode
LIMK1,ENSG00000106683,gencode
SPATA6L,ENSG00000106686,gencode
SLC1A1,ENSG00000106688,gencode
LHX2,ENSG00000106689,gencode
FKTN,ENSG00000106692,gencode
FSD1L,ENSG00000106701,gencode
CNTNAP3,ENSG00000106714,gencode
SPIN1,ENSG00000106723,gencode
NMRK1,ENSG00000106733,gencode
TMEM245,ENSG00000106771,gencode
PRUNE2,ENSG00000106772,gencode
MEGF9,ENSG00000106780,gencode
TRIM14,ENSG00000106785,gencode
CORO2A,ENSG00000106789,gencode
TGFBR1,ENSG00000106799,gencode
SEC61B,ENSG00000106803,gencode
C5,ENSG00000106804,gencode
OGN,ENSG00000106809,gencode
ASPN,ENSG00000106819,gencode
ECM2,ENSG00000106823,gencode
TLE4,ENSG00000106829,gencode
LHX6,ENSG00000106852,gencode
PTGR1,ENSG00000106853,gencode
SUSD1,ENSG00000106868,gencode
AMBP,ENSG00000106927,gencode
AKNA,ENSG00000106948,gencode
TNFSF8,ENSG00000106952,gencode
DNM1,ENSG00000106976,gencode
ENG,ENSG00000106991,gencode
AK1,ENSG00000106992,gencode
CDC37L1,ENSG00000106993,gencode
RLN2,ENSG00000107014,gencode
RLN1,ENSG00000107018,gencode
PLGRKT,ENSG00000107020,gencode
TBC1D13,ENSG00000107021,gencode
RIC1,ENSG00000107036,gencode
KDM4C,ENSG00000107077,gencode
DOCK8,ENSG00000107099,gencode
KANK1,ENSG00000107104,gencode
ELAVL2,ENSG00000107105,gencode
NCS1,ENSG00000107130,gencode
TESK1,ENSG00000107140,gencode
KCNT1,ENSG00000107147,gencode
CA9,ENSG00000107159,gencode
FUBP3,ENSG00000107164,gencode
TYRP1,ENSG00000107165,gencode
CREB3,ENSG00000107175,gencode
RGP1,ENSG00000107185,gencode
MPDZ,ENSG00000107186,gencode
LHX3,ENSG00000107187,gencode
DDX58,ENSG00000107201,gencode
EDF1,ENSG00000107223,gencode
GLIS3,ENSG00000107249,gencode
BAG1,ENSG00000107262,gencode
RAPGEF1,ENSG00000107263,gencode
NPDC1,ENSG00000107281,gencode
APBA1,ENSG00000107282,gencode
SETX,ENSG00000107290,gencode
SH3GL2,ENSG00000107295,gencode
PTGDS,ENSG00000107317,gencode
ABCA2,ENSG00000107331,gencode
SHB,ENSG00000107338,gencode
UBE2R2,ENSG00000107341,gencode
ABHD17B,ENSG00000107362,gencode
EXOSC3,ENSG00000107371,gencode
ZFAND5,ENSG00000107372,gencode
DVL1,ENSG00000107404,gencode
PDLIM1,ENSG00000107438,gencode
CCNJ,ENSG00000107443,gencode
DNTT,ENSG00000107447,gencode
GATA3,ENSG00000107485,gencode
ATRNL1,ENSG00000107518,gencode
HPS1,ENSG00000107521,gencode
PHYH,ENSG00000107537,gencode
RASSF4,ENSG00000107551,gencode
DNMBP,ENSG00000107554,gencode
RAB11FIP2,ENSG00000107560,gencode
CXCL12,ENSG00000107562,gencode
ERLIN1,ENSG00000107566,gencode
EIF3A,ENSG00000107581,gencode
PKD2L1,ENSG00000107593,gencode
CUBN,ENSG00000107611,gencode
TRDMT1,ENSG00000107614,gencode
DDX50,ENSG00000107625,gencode
MAPK8,ENSG00000107643,gencode
SEC23IP,ENSG00000107651,gencode
ATE1,ENSG00000107669,gencode
NSMCE4A,ENSG00000107672,gencode
PLEKHA1,ENSG00000107679,gencode
PALD1,ENSG00000107719,gencode
UNC5B,ENSG00000107731,gencode
CDH23,ENSG00000107736,gencode
VSIR,ENSG00000107738,gencode
SPOCK2,ENSG00000107742,gencode
MICU1,ENSG00000107745,gencode
PPP3CB,ENSG00000107758,gencode
CCSER2,ENSG00000107771,gencode
BMPR1A,ENSG00000107779,gencode
MINPP1,ENSG00000107789,gencode
ACTA2,ENSG00000107796,gencode
LIPA,ENSG00000107798,gencode
TLX1,ENSG00000107807,gencode
TWNK,ENSG00000107815,gencode
LZTS2,ENSG00000107816,gencode
SFXN3,ENSG00000107819,gencode
KAZALD1,ENSG00000107821,gencode
FBXW4,ENSG00000107829,gencode
FGF8,ENSG00000107831,gencode
NPM3,ENSG00000107833,gencode
TNKS2,ENSG00000107854,gencode
PITX3,ENSG00000107859,gencode
GBF1,ENSG00000107862,gencode
ARHGAP21,ENSG00000107863,gencode
CPEB3,ENSG00000107864,gencode
FBXL15,ENSG00000107872,gencode
CUEDC2,ENSG00000107874,gencode
SUFU,ENSG00000107882,gencode
ANKRD26,ENSG00000107890,gencode
ACBD5,ENSG00000107897,gencode
LHPP,ENSG00000107902,gencode
LARP4B,ENSG00000107929,gencode
GTPBP4,ENSG00000107937,gencode
EDRF1,ENSG00000107938,gencode
BCCIP,ENSG00000107949,gencode
MTPAP,ENSG00000107951,gencode
NEURL1,ENSG00000107954,gencode
SH3PXD2A,ENSG00000107957,gencode
PITRM1,ENSG00000107959,gencode
STN1,ENSG00000107960,gencode
MAP3K8,ENSG00000107968,gencode
DKK1,ENSG00000107984,gencode
EBF3,ENSG00000108001,gencode
GLRX3,ENSG00000108010,gencode
SORCS1,ENSG00000108018,gencode
TASOR2,ENSG00000108021,gencode
XPNPEP1,ENSG00000108039,gencode
SMC3,ENSG00000108055,gencode
SHOC2,ENSG00000108061,gencode
TFAM,ENSG00000108064,gencode
CCDC6,ENSG00000108091,gencode
CUL2,ENSG00000108094,gencode
CCNY,ENSG00000108100,gencode
UBE2S,ENSG00000108106,gencode
ZMIZ1,ENSG00000108175,gencode
DNAJC12,ENSG00000108176,gencode
PPIF,ENSG00000108179,gencode
PBLD,ENSG00000108187,gencode
TSPAN14,ENSG00000108219,gencode
LGI1,ENSG00000108231,gencode
TBC1D12,ENSG00000108239,gencode
CYP2C18,ENSG00000108242,gencode
KRT23,ENSG00000108244,gencode
CRYBA1,ENSG00000108255,gencode
NUFIP2,ENSG00000108256,gencode
GIT1,ENSG00000108262,gencode
FBXL20,ENSG00000108306,gencode
RUNDC3A,ENSG00000108309,gencode
UBTF,ENSG00000108312,gencode
CSF3,ENSG00000108342,gencode
PSMD3,ENSG00000108344,gencode
CASC3,ENSG00000108349,gencode
RAPGEFL1,ENSG00000108352,gencode
RNF43,ENSG00000108375,gencode
WNT3,ENSG00000108379,gencode
ASPA,ENSG00000108381,gencode
RAD51C,ENSG00000108384,gencode
SEPTIN4,ENSG00000108387,gencode
MTMR4,ENSG00000108389,gencode
TRIM37,ENSG00000108395,gencode
P2RX1,ENSG00000108405,gencode
DHX40,ENSG00000108406,gencode
KRT37,ENSG00000108417,gencode
TUBD1,ENSG00000108423,gencode
KPNB1,ENSG00000108424,gencode
GOSR2,ENSG00000108433,gencode
PNPO,ENSG00000108439,gencode
TRIM16L,ENSG00000108448,gencode
CDK5RAP3,ENSG00000108465,gencode
CBX1,ENSG00000108468,gencode
RECQL5,ENSG00000108469,gencode
PIGL,ENSG00000108474,gencode
GALK1,ENSG00000108479,gencode
INTS2,ENSG00000108506,gencode
CAMTA2,ENSG00000108509,gencode
MED13,ENSG00000108510,gencode
HOXB6,ENSG00000108511,gencode
ENO3,ENSG00000108515,gencode
PFN1,ENSG00000108518,gencode
RNF167,ENSG00000108523,gencode
SLC25A11,ENSG00000108528,gencode
RASD1,ENSG00000108551,gencode
CHRNE,ENSG00000108556,gencode
RAI1,ENSG00000108557,gencode
NUP88,ENSG00000108559,gencode
C1QBP,ENSG00000108561,gencode
SLC6A4,ENSG00000108576,gencode
BLMH,ENSG00000108578,gencode
CPD,ENSG00000108582,gencode
GOSR1,ENSG00000108587,gencode
CCDC47,ENSG00000108588,gencode
MED31,ENSG00000108590,gencode
DRG2,ENSG00000108591,gencode
FTSJ3,ENSG00000108592,gencode
AKAP10,ENSG00000108599,gencode
ALDH3A1,ENSG00000108602,gencode
SMARCD2,ENSG00000108604,gencode
ICAM2,ENSG00000108622,gencode
SYNGR2,ENSG00000108639,gencode
B9D1,ENSG00000108641,gencode
UTP6,ENSG00000108651,gencode
DDX5,ENSG00000108654,gencode
C17orf75,ENSG00000108666,gencode
CYTH1,ENSG00000108669,gencode
PSMD11,ENSG00000108671,gencode
LGALS3BP,ENSG00000108679,gencode
ASIC2,ENSG00000108684,gencode
CCL7,ENSG00000108688,gencode
CCL2,ENSG00000108691,gencode
CCL8,ENSG00000108700,gencode
CCL1,ENSG00000108702,gencode
PEX12,ENSG00000108733,gencode
KRT32,ENSG00000108759,gencode
DHX58,ENSG00000108771,gencode
KAT2A,ENSG00000108773,gencode
RAB5C,ENSG00000108774,gencode
NAGLU,ENSG00000108784,gencode
HSD17B1,ENSG00000108786,gencode
MLX,ENSG00000108788,gencode
CNTNAP1,ENSG00000108797,gencode
ABI3,ENSG00000108798,gencode
EZH1,ENSG00000108799,gencode
DLX4,ENSG00000108813,gencode
PPP1R9B,ENSG00000108819,gencode
COL1A1,ENSG00000108821,gencode
SGCA,ENSG00000108823,gencode
VAT1,ENSG00000108828,gencode
LRRC59,ENSG00000108829,gencode
RND2,ENSG00000108830,gencode
ALOX12,ENSG00000108839,gencode
HDAC5,ENSG00000108840,gencode
ABCC3,ENSG00000108846,gencode
LUC7L3,ENSG00000108848,gencode
PPY,ENSG00000108849,gencode
MPP2,ENSG00000108852,gencode
SMURF2,ENSG00000108854,gencode
DUSP3,ENSG00000108861,gencode
CACNG1,ENSG00000108878,gencode
EFTUD2,ENSG00000108883,gencode
HLF,ENSG00000108924,gencode
SLC16A6,ENSG00000108932,gencode
PRKAR1A,ENSG00000108946,gencode
EFNB3,ENSG00000108947,gencode
FAM20A,ENSG00000108950,gencode
YWHAE,ENSG00000108953,gencode
MMD,ENSG00000108960,gencode
RANGRF,ENSG00000108961,gencode
DPH1,ENSG00000108963,gencode
MAP2K6,ENSG00000108984,gencode
DHRS7B,ENSG00000109016,gencode
WSB1,ENSG00000109046,gencode
RCVRN,ENSG00000109047,gencode
MYH1,ENSG00000109061,gencode
SLC9A3R1,ENSG00000109062,gencode
MYH3,ENSG00000109063,gencode
NAT9,ENSG00000109065,gencode
TMEM104,ENSG00000109066,gencode
VTN,ENSG00000109072,gencode
TNFAIP1,ENSG00000109079,gencode
IFT20,ENSG00000109083,gencode
TMEM97,ENSG00000109084,gencode
CDR2L,ENSG00000109089,gencode
PMP22,ENSG00000109099,gencode
FOXN1,ENSG00000109101,gencode
UNC119,ENSG00000109103,gencode
ALDOC,ENSG00000109107,gencode
SUPT6H,ENSG00000109111,gencode
RAB34,ENSG00000109113,gencode
PHF12,ENSG00000109118,gencode
PHOX2B,ENSG00000109132,gencode
TMEM33,ENSG00000109133,gencode
GABRA4,ENSG00000109158,gencode
GNRHR,ENSG00000109163,gencode
SLAIN2,ENSG00000109171,gencode
OCIAD1,ENSG00000109180,gencode
UGT2B10,ENSG00000109181,gencode
CWH43,ENSG00000109182,gencode
DCUN1D4,ENSG00000109184,gencode
USP46,ENSG00000109189,gencode
SULT1E1,ENSG00000109193,gencode
ODAM,ENSG00000109205,gencode
SMR3A,ENSG00000109208,gencode
CHIC2,ENSG00000109220,gencode
NMU,ENSG00000109255,gencode
KIAA1211,ENSG00000109265,gencode
LAMTOR3,ENSG00000109270,gencode
PF4V1,ENSG00000109272,gencode
NFKB1,ENSG00000109320,gencode
AREG,ENSG00000109321,gencode
MANBA,ENSG00000109323,gencode
UBE2D3,ENSG00000109332,gencode
MAPK10,ENSG00000109339,gencode
ELF2,ENSG00000109381,gencode
NDUFC1,ENSG00000109390,gencode
UCP1,ENSG00000109424,gencode
TBC1D9,ENSG00000109436,gencode
ZNF330,ENSG00000109445,gencode
INPP4B,ENSG00000109452,gencode
GAB1,ENSG00000109458,gencode
KLHL2,ENSG00000109466,gencode
IL2,ENSG00000109471,gencode
CPE,ENSG00000109472,gencode
WFS1,ENSG00000109501,gencode
ANXA10,ENSG00000109511,gencode
GRPEL1,ENSG00000109519,gencode
GAR1,ENSG00000109534,gencode
FRG1,ENSG00000109536,gencode
CLCN3,ENSG00000109572,gencode
AADAT,ENSG00000109576,gencode
GALNT7,ENSG00000109586,gencode
DHX15,ENSG00000109606,gencode
SOD3,ENSG00000109610,gencode
SEPSECS,ENSG00000109618,gencode
CPZ,ENSG00000109625,gencode
TRIM2,ENSG00000109654,gencode
SLC2A9,ENSG00000109667,gencode
FBXW7,ENSG00000109670,gencode
NEIL3,ENSG00000109674,gencode
TBC1D19,ENSG00000109680,gencode
CLNK,ENSG00000109684,gencode
NSD2,ENSG00000109685,gencode
SH3D19,ENSG00000109686,gencode
STIM2,ENSG00000109689,gencode
NKX3-2,ENSG00000109705,gencode
MFSD10,ENSG00000109736,gencode
GLRB,ENSG00000109738,gencode
BST1,ENSG00000109743,gencode
RAPGEF2,ENSG00000109756,gencode
HGFAC,ENSG00000109758,gencode
SNX25,ENSG00000109762,gencode
LRP2BP,ENSG00000109771,gencode
UFSP2,ENSG00000109775,gencode
KLF3,ENSG00000109787,gencode
KLHL5,ENSG00000109790,gencode
FAM149A,ENSG00000109794,gencode
NCAPG,ENSG00000109805,gencode
UGDH,ENSG00000109814,gencode
PPARGC1A,ENSG00000109819,gencode
DDX25,ENSG00000109832,gencode
CRYAB,ENSG00000109846,gencode
DBX1,ENSG00000109851,gencode
HTATIP2,ENSG00000109854,gencode
CTSC,ENSG00000109861,gencode
CCDC34,ENSG00000109881,gencode
ZBTB16,ENSG00000109906,gencode
ELP4,ENSG00000109911,gencode
ZPR1,ENSG00000109917,gencode
MTCH2,ENSG00000109919,gencode
FNBP4,ENSG00000109920,gencode
TECTA,ENSG00000109927,gencode
SC5D,ENSG00000109929,gencode
CRTAM,ENSG00000109943,gencode
JHY,ENSG00000109944,gencode
B3GAT1,ENSG00000109956,gencode
HSPA8,ENSG00000109971,gencode
P2RX3,ENSG00000109991,gencode
VWA5A,ENSG00000110002,gencode
DNAJC4,ENSG00000110011,gencode
SIAE,ENSG00000110013,gencode
SNX15,ENSG00000110025,gencode
LPXN,ENSG00000110031,gencode
DTX4,ENSG00000110042,gencode
ATG2A,ENSG00000110046,gencode
EHD1,ENSG00000110047,gencode
OSBP,ENSG00000110048,gencode
UNC93B1,ENSG00000110057,gencode
PUS3,ENSG00000110060,gencode
DCPS,ENSG00000110063,gencode
KMT5B,ENSG00000110066,gencode
FOXRED1,ENSG00000110074,gencode
PPP6R3,ENSG00000110075,gencode
NRXN2,ENSG00000110076,gencode
MS4A6A,ENSG00000110077,gencode
MS4A4A,ENSG00000110079,gencode
ST3GAL4,ENSG00000110080,gencode
CPT1A,ENSG00000110090,gencode
CCND1,ENSG00000110092,gencode
CCDC86,ENSG00000110104,gencode
PRPF19,ENSG00000110107,gencode
TMEM109,ENSG00000110108,gencode
CCKBR,ENSG00000110148,gencode
HPX,ENSG00000110169,gencode
TRIM3,ENSG00000110171,gencode
CHORDC1,ENSG00000110172,gencode
FOLR1,ENSG00000110195,gencode
ANAPC15,ENSG00000110200,gencode
FOLR3,ENSG00000110203,gencode
PANX1,ENSG00000110218,gencode
ARHGEF17,ENSG00000110237,gencode
APOA5,ENSG00000110243,gencode
APOA4,ENSG00000110244,gencode
APOC3,ENSG00000110245,gencode
CEP164,ENSG00000110274,gencode
RNF141,ENSG00000110315,gencode
CEP126,ENSG00000110318,gencode
EIF4G2,ENSG00000110321,gencode
IL10RA,ENSG00000110324,gencode
GALNT18,ENSG00000110328,gencode
BIRC2,ENSG00000110330,gencode
UBE4A,ENSG00000110344,gencode
DDX6,ENSG00000110367,gencode
UPK2,ENSG00000110375,gencode
CBL,ENSG00000110395,gencode
NECTIN1,ENSG00000110400,gencode
HIPK3,ENSG00000110422,gencode
KIAA1549L,ENSG00000110427,gencode
FBXO3,ENSG00000110429,gencode
PDHX,ENSG00000110435,gencode
SLC1A2,ENSG00000110436,gencode
COMMD9,ENSG00000110442,gencode
SLC15A3,ENSG00000110446,gencode
CD5,ENSG00000110448,gencode
ACCS,ENSG00000110455,gencode
SCGB2A2,ENSG00000110484,gencode
MDK,ENSG00000110492,gencode
AMBRA1,ENSG00000110497,gencode
MADD,ENSG00000110514,gencode
PTPMT1,ENSG00000110536,gencode
NAA40,ENSG00000110583,gencode
CARS,ENSG00000110619,gencode
SLC22A18,ENSG00000110628,gencode
CD81,ENSG00000110651,gencode
SLC35F2,ENSG00000110660,gencode
C11orf21,ENSG00000110665,gencode
ELMOD1,ENSG00000110675,gencode
CALCA,ENSG00000110680,gencode
SOX6,ENSG00000110693,gencode
C11orf58,ENSG00000110696,gencode
PITPNM1,ENSG00000110697,gencode
AIP,ENSG00000110711,gencode
NUP98,ENSG00000110713,gencode
NDUFS8,ENSG00000110717,gencode
TCIRG1,ENSG00000110719,gencode
CHKA,ENSG00000110721,gencode
EXPH5,ENSG00000110723,gencode
HPS5,ENSG00000110756,gencode
GTF2H1,ENSG00000110768,gencode
POU2AF1,ENSG00000110777,gencode
PTPN5,ENSG00000110786,gencode
VWF,ENSG00000110799,gencode
PSMD9,ENSG00000110801,gencode
P3H3,ENSG00000110811,gencode
PPFIBP1,ENSG00000110841,gencode
PRPF40B,ENSG00000110844,gencode
CD69,ENSG00000110848,gencode
PRDM4,ENSG00000110851,gencode
CLEC2B,ENSG00000110852,gencode
COQ5,ENSG00000110871,gencode
SELPLG,ENSG00000110876,gencode
CORO1C,ENSG00000110880,gencode
ASIC1,ENSG00000110881,gencode
DAO,ENSG00000110887,gencode
CAPRIN2,ENSG00000110888,gencode
TSPAN11,ENSG00000110900,gencode
KCTD10,ENSG00000110906,gencode
SLC11A2,ENSG00000110911,gencode
MLEC,ENSG00000110917,gencode
MVK,ENSG00000110921,gencode
CSRNP2,ENSG00000110925,gencode
CAMKK2,ENSG00000110931,gencode
BIN2,ENSG00000110934,gencode
IL23A,ENSG00000110944,gencode
ATP5F1B,ENSG00000110955,gencode
PTGES3,ENSG00000110958,gencode
SYT10,ENSG00000110975,gencode
BCL7A,ENSG00000110987,gencode
RSRC2,ENSG00000111011,gencode
CYP27B1,ENSG00000111012,gencode
MYF6,ENSG00000111046,gencode
MYF5,ENSG00000111049,gencode
LIN7A,ENSG00000111052,gencode
KRT18,ENSG00000111057,gencode
ACSS3,ENSG00000111058,gencode
TNS2,ENSG00000111077,gencode
GLI1,ENSG00000111087,gencode
PPM1H,ENSG00000111110,gencode
METAP2,ENSG00000111142,gencode
LTA4H,ENSG00000111144,gencode
ELK3,ENSG00000111145,gencode
SLC6A12,ENSG00000111181,gencode
WNT5B,ENSG00000111186,gencode
MAGOHB,ENSG00000111196,gencode
TRPV4,ENSG00000111199,gencode
ITFG2,ENSG00000111203,gencode
FOXM1,ENSG00000111206,gencode
PRMT8,ENSG00000111218,gencode
PARP11,ENSG00000111224,gencode
ARPC3,ENSG00000111229,gencode
GPN3,ENSG00000111231,gencode
VPS29,ENSG00000111237,gencode
FGF6,ENSG00000111241,gencode
MYL2,ENSG00000111245,gencode
RAD51AP1,ENSG00000111247,gencode
CUX2,ENSG00000111249,gencode
SH2B3,ENSG00000111252,gencode
AKAP3,ENSG00000111254,gencode
MANSC1,ENSG00000111261,gencode
KCNA1,ENSG00000111262,gencode
DUSP16,ENSG00000111266,gencode
CREBL2,ENSG00000111269,gencode
ACAD10,ENSG00000111271,gencode
ALDH2,ENSG00000111275,gencode
CDKN1B,ENSG00000111276,gencode
GPRC5D,ENSG00000111291,gencode
NAA25,ENSG00000111300,gencode
GSG1,ENSG00000111305,gencode
SCNN1A,ENSG00000111319,gencode
LTBR,ENSG00000111321,gencode
OGFOD2,ENSG00000111325,gencode
CDK2AP1,ENSG00000111328,gencode
OAS3,ENSG00000111331,gencode
OAS2,ENSG00000111335,gencode
ART4,ENSG00000111339,gencode
MGP,ENSG00000111341,gencode
RASAL1,ENSG00000111344,gencode
ARHGDIB,ENSG00000111348,gencode
GTF2H3,ENSG00000111358,gencode
EIF2B1,ENSG00000111361,gencode
DDX55,ENSG00000111364,gencode
SLC38A1,ENSG00000111371,gencode
RERGL,ENSG00000111404,gencode
ENDOU,ENSG00000111405,gencode
C12orf49,ENSG00000111412,gencode
VDR,ENSG00000111424,gencode
FZD10,ENSG00000111432,gencode
RFC5,ENSG00000111445,gencode
STX2,ENSG00000111450,gencode
ADGRD1,ENSG00000111452,gencode
COPZ1,ENSG00000111481,gencode
TBC1D30,ENSG00000111490,gencode
CAND1,ENSG00000111530,gencode
IL26,ENSG00000111536,gencode
IFNG,ENSG00000111537,gencode
RAB5B,ENSG00000111540,gencode
MDM1,ENSG00000111554,gencode
NUP107,ENSG00000111581,gencode
CNOT2,ENSG00000111596,gencode
TIMELESS,ENSG00000111602,gencode
CPSF6,ENSG00000111605,gencode
KRR1,ENSG00000111615,gencode
NOP2,ENSG00000111641,gencode
CHD4,ENSG00000111642,gencode
UHRF1BP1L,ENSG00000111647,gencode
COPS7A,ENSG00000111652,gencode
ING4,ENSG00000111653,gencode
GNB3,ENSG00000111664,gencode
CDCA3,ENSG00000111665,gencode
CHPT1,ENSG00000111666,gencode
USP5,ENSG00000111667,gencode
GNPTAB,ENSG00000111670,gencode
SPSB2,ENSG00000111671,gencode
ENO2,ENSG00000111674,gencode
ATN1,ENSG00000111676,gencode
C12orf57,ENSG00000111678,gencode
PTPN6,ENSG00000111679,gencode
LPCAT3,ENSG00000111684,gencode
NT5DC3,ENSG00000111696,gencode
SLCO1B3,ENSG00000111700,gencode
APOBEC1,ENSG00000111701,gencode
NANOG,ENSG00000111704,gencode
SUDS3,ENSG00000111707,gencode
GOLT1B,ENSG00000111711,gencode
GYS2,ENSG00000111713,gencode
LDHB,ENSG00000111716,gencode
PRKAB1,ENSG00000111725,gencode
CMAS,ENSG00000111726,gencode
HCFC2,ENSG00000111727,gencode
ST8SIA1,ENSG00000111728,gencode
CLEC4A,ENSG00000111729,gencode
C2CD5,ENSG00000111731,gencode
AICDA,ENSG00000111732,gencode
RAB35,ENSG00000111737,gencode
PHC1,ENSG00000111752,gencode
COX6A1,ENSG00000111775,gencode
RFX4,ENSG00000111783,gencode
RIC8B,ENSG00000111785,gencode
SRSF9,ENSG00000111786,gencode
FGFR1OP2,ENSG00000111790,gencode
KLRB1,ENSG00000111796,gencode
COL12A1,ENSG00000111799,gencode
BTN3A3,ENSG00000111801,gencode
TDP2,ENSG00000111802,gencode
FRK,ENSG00000111816,gencode
DSE,ENSG00000111817,gencode
RWDD1,ENSG00000111832,gencode
RSPH4A,ENSG00000111834,gencode
MAK,ENSG00000111837,gencode
TMEM14C,ENSG00000111843,gencode
PAK1IP1,ENSG00000111845,gencode
GCNT2,ENSG00000111846,gencode
SMIM8,ENSG00000111850,gencode
NEDD9,ENSG00000111859,gencode
CEP85L,ENSG00000111860,gencode
ADTRP,ENSG00000111863,gencode
ASF1A,ENSG00000111875,gencode
MCM9,ENSG00000111877,gencode
FAM184A,ENSG00000111879,gencode
RNGTT,ENSG00000111880,gencode
MAN1A1,ENSG00000111885,gencode
GABRR2,ENSG00000111886,gencode
SERINC1,ENSG00000111897,gencode
HDDC2,ENSG00000111906,gencode
TPD52L1,ENSG00000111907,gencode
HINT3,ENSG00000111911,gencode
NCOA7,ENSG00000111912,gencode
RIPOR2,ENSG00000111913,gencode
SASH1,ENSG00000111961,gencode
UST,ENSG00000111962,gencode
ULBP1,ENSG00000111981,gencode
FBXO5,ENSG00000112029,gencode
MTRF1L,ENSG00000112031,gencode
PPARD,ENSG00000112033,gencode
OPRM1,ENSG00000112038,gencode
FANCE,ENSG00000112039,gencode
TULP1,ENSG00000112041,gencode
SLC26A8,ENSG00000112053,gencode
MAPK14,ENSG00000112062,gencode
RHAG,ENSG00000112077,gencode
KCTD20,ENSG00000112078,gencode
STK38,ENSG00000112079,gencode
SRSF3,ENSG00000112081,gencode
SOD2,ENSG00000112096,reference_var
IL17A,ENSG00000112115,gencode
IL17F,ENSG00000112116,gencode
MCM3,ENSG00000112118,gencode
RNF8,ENSG00000112130,gencode
PHACTR1,ENSG00000112137,gencode
MDGA1,ENSG00000112139,gencode
ICK,ENSG00000112144,gencode
FBXO9,ENSG00000112146,gencode
CD83,ENSG00000112149,gencode
MDN1,ENSG00000112159,gencode
GLP1R,ENSG00000112164,gencode
SAYSD1,ENSG00000112167,gencode
BMP5,ENSG00000112175,gencode
BACH2,ENSG00000112182,gencode
RBM24,ENSG00000112183,gencode
CAP2,ENSG00000112186,gencode
TREML2,ENSG00000112195,gencode
ZNF451,ENSG00000112200,gencode
BAG2,ENSG00000112208,gencode
RAB23,ENSG00000112210,gencode
TSPO2,ENSG00000112212,gencode
FHL5,ENSG00000112214,gencode
GPR63,ENSG00000112218,gencode
KHDRBS2,ENSG00000112232,gencode
FBXL4,ENSG00000112234,gencode
CCNC,ENSG00000112237,gencode
PRDM13,ENSG00000112238,gencode
E2F3,ENSG00000112242,gencode
SIM1,ENSG00000112246,gencode
ASCC3,ENSG00000112249,gencode
HDGFL1,ENSG00000112273,gencode
BVES,ENSG00000112276,gencode
COL9A1,ENSG00000112280,gencode
MED23,ENSG00000112282,gencode
WASF1,ENSG00000112290,gencode
GPLD1,ENSG00000112293,gencode
ALDH5A1,ENSG00000112294,gencode
CRYBG1,ENSG00000112297,gencode
VNN1,ENSG00000112299,gencode
VNN2,ENSG00000112303,gencode
ACOT13,ENSG00000112304,gencode
SMAP1,ENSG00000112305,gencode
C6orf62,ENSG00000112308,gencode
B3GAT2,ENSG00000112309,gencode
GMNN,ENSG00000112312,gencode
EYA4,ENSG00000112319,gencode
SOBP,ENSG00000112320,gencode
NR2E1,ENSG00000112333,gencode
SNX3,ENSG00000112335,gencode
SLC17A2,ENSG00000112337,gencode
HBS1L,ENSG00000112339,gencode
TRIM38,ENSG00000112343,gencode
PEX7,ENSG00000112357,gencode
ZBTB24,ENSG00000112365,gencode
FIG4,ENSG00000112367,gencode
PERP,ENSG00000112378,gencode
ARFGEF3,ENSG00000112379,gencode
SLC16A10,ENSG00000112394,gencode
HECA,ENSG00000112406,gencode
ADGRG6,ENSG00000112414,gencode
PHACTR2,ENSG00000112419,gencode
EPM2A,ENSG00000112425,gencode
OR12D3,ENSG00000112462,gencode
SLC39A7,ENSG00000112473,gencode
CCR6,ENSG00000112486,gencode
UNC93A,ENSG00000112494,gencode
SLC22A2,ENSG00000112499,gencode
PHF1,ENSG00000112511,gencode
CUTA,ENSG00000112514,gencode
PACRG,ENSG00000112530,gencode
QKI,ENSG00000112531,gencode
C6orf118,ENSG00000112539,gencode
PDE10A,ENSG00000112541,gencode
MDFI,ENSG00000112559,gencode
TFEB,ENSG00000112561,gencode
SMOC2,ENSG00000112562,gencode
CCND3,ENSG00000112576,gencode
BYSL,ENSG00000112578,gencode
FAM120B,ENSG00000112584,gencode
TBP,ENSG00000112592,gencode
GUCA1B,ENSG00000112599,gencode
PRPH2,ENSG00000112619,gencode
BICRAL,ENSG00000112624,gencode
PPP2R5D,ENSG00000112640,gencode
PTK7,ENSG00000112655,gencode
SRF,ENSG00000112658,gencode
CUL9,ENSG00000112659,gencode
DNPH1,ENSG00000112667,gencode
DUSP22,ENSG00000112679,gencode
EXOC2,ENSG00000112685,gencode
COX7A2,ENSG00000112695,gencode
TMEM30A,ENSG00000112697,gencode
GMDS,ENSG00000112699,gencode
SENP6,ENSG00000112701,gencode
IMPG1,ENSG00000112706,gencode
VEGFA,ENSG00000112715,gencode
PRPF4B,ENSG00000112739,gencode
TTK,ENSG00000112742,gencode
SLC29A1,ENSG00000112759,gencode
CCN6,ENSG00000112761,gencode
BTN2A1,ENSG00000112763,gencode
LAMA4,ENSG00000112769,gencode
TENT5A,ENSG00000112773,gencode
CLIC5,ENSG00000112782,gencode
FBRSL1,ENSG00000112787,gencode
ENPP5,ENSG00000112796,gencode
LY86,ENSG00000112799,gencode
PRSS16,ENSG00000112812,gencode
MEP1A,ENSG00000112818,gencode
TBX18,ENSG00000112837,gencode
ERBIN,ENSG00000112851,gencode
PCDHB2,ENSG00000112852,gencode
HARS2,ENSG00000112855,gencode
NUDT12,ENSG00000112874,gencode
CEP72,ENSG00000112877,gencode
MAN2A1,ENSG00000112893,gencode
SEMA5A,ENSG00000112902,gencode
C7,ENSG00000112936,gencode
TENT4A,ENSG00000112941,gencode
GHR,ENSG00000112964,gencode
HMGCS1,ENSG00000112972,gencode
DAP,ENSG00000112977,gencode
NME5,ENSG00000112981,gencode
BRD8,ENSG00000112983,gencode
KIF20A,ENSG00000112984,gencode
NNT,ENSG00000112992,gencode
HSPA9,ENSG00000113013,gencode
PFDN1,ENSG00000113068,gencode
HBEGF,ENSG00000113070,gencode
SLC4A9,ENSG00000113073,gencode
LOX,ENSG00000113083,gencode
GZMK,ENSG00000113088,gencode
CDH9,ENSG00000113100,gencode
APBB3,ENSG00000113108,gencode
TMCO6,ENSG00000113119,gencode
SPARC,ENSG00000113140,gencode
IK,ENSG00000113141,gencode
HMGCR,ENSG00000113161,gencode
CERT1,ENSG00000113163,gencode
FAF2,ENSG00000113194,gencode
HAND1,ENSG00000113196,gencode
PCDHB3,ENSG00000113205,gencode
PCDHB5,ENSG00000113209,gencode
PCDHB6,ENSG00000113211,gencode
PCDHB7,ENSG00000113212,gencode
PDE8B,ENSG00000113231,gencode
CLK4,ENSG00000113240,gencode
PCDHB15,ENSG00000113248,gencode
HAVCR1,ENSG00000113249,gencode
GRM6,ENSG00000113262,gencode
ITK,ENSG00000113263,gencode
RNF130,ENSG00000113269,gencode
THG1L,ENSG00000113272,gencode
ARSB,ENSG00000113273,gencode
CLINT1,ENSG00000113282,gencode
THBS4,ENSG00000113296,gencode
CNOT6,ENSG00000113300,gencode
IL12B,ENSG00000113302,gencode
BTNL8,ENSG00000113303,gencode
TTC1,ENSG00000113312,gencode
MSH3,ENSG00000113318,gencode
RASGRF2,ENSG00000113319,gencode
GABRG2,ENSG00000113327,gencode
CCNG1,ENSG00000113328,gencode
POLR3G,ENSG00000113356,gencode
DROSHA,ENSG00000113360,gencode
CDH6,ENSG00000113361,gencode
LMNB1,ENSG00000113368,gencode
ARRDC3,ENSG00000113369,gencode
GOLPH3,ENSG00000113384,gencode
SUB1,ENSG00000113387,gencode
NPR3,ENSG00000113389,gencode
FAM172A,ENSG00000113391,gencode
SLC27A6,ENSG00000113396,gencode
TARS,ENSG00000113407,gencode
IRX4,ENSG00000113430,gencode
LNPEP,ENSG00000113441,gencode
PDE4D,ENSG00000113448,gencode
RAD1,ENSG00000113456,gencode
BRIX1,ENSG00000113460,gencode
AGXT2,ENSG00000113492,gencode
PRLR,ENSG00000113494,gencode
SLC12A7,ENSG00000113504,gencode
IL4,ENSG00000113520,gencode
RAD50,ENSG00000113522,gencode
IL5,ENSG00000113525,gencode
ST8SIA4,ENSG00000113532,gencode
GNPDA1,ENSG00000113552,gencode
PCDH12,ENSG00000113555,gencode
SKP1,ENSG00000113558,gencode
NUP155,ENSG00000113569,gencode
PPP2CA,ENSG00000113575,gencode
FGF1,ENSG00000113578,gencode
NR3C1,ENSG00000113580,gencode
C5orf15,ENSG00000113583,gencode
PPWD1,ENSG00000113593,gencode
LIFR,ENSG00000113594,gencode
TRIM23,ENSG00000113595,gencode
TRAPPC13,ENSG00000113597,gencode
C9,ENSG00000113600,gencode
SEC24A,ENSG00000113615,gencode
TXNDC15,ENSG00000113621,gencode
TTC33,ENSG00000113638,gencode
RARS,ENSG00000113643,gencode
WWC1,ENSG00000113645,gencode
H2AFY,ENSG00000113648,gencode
TCERG1,ENSG00000113649,gencode
DPYSL3,ENSG00000113657,gencode
SMAD5,ENSG00000113658,gencode
CSNK1A1,ENSG00000113712,gencode
HMGXB3,ENSG00000113716,gencode
ERGIC1,ENSG00000113719,gencode
PDGFRB,ENSG00000113721,gencode
CDX1,ENSG00000113722,gencode
ATP6V0E1,ENSG00000113732,gencode
BNIP1,ENSG00000113734,gencode
STC2,ENSG00000113739,gencode
CPEB4,ENSG00000113742,gencode
HRH2,ENSG00000113749,gencode
DBN1,ENSG00000113758,gencode
ZNF346,ENSG00000113761,gencode
UNC5A,ENSG00000113763,gencode
EHHADH,ENSG00000113790,gencode
CNTN3,ENSG00000113805,gencode
SMC4,ENSG00000113810,gencode
SELENOK,ENSG00000113811,gencode
ACTR8,ENSG00000113812,gencode
TBCCD1,ENSG00000113838,gencode
TIMMDC1,ENSG00000113845,gencode
CRBN,ENSG00000113851,gencode
KNG1,ENSG00000113889,gencode
HRG,ENSG00000113905,gencode
BCL6,ENSG00000113916,gencode
HGD,ENSG00000113924,gencode
CLDN16,ENSG00000113946,gencode
ARL6,ENSG00000113966,gencode
NPHP3,ENSG00000113971,gencode
CD86,ENSG00000114013,gencode
AMOTL2,ENSG00000114019,gencode
NIT2,ENSG00000114021,gencode
FAM162A,ENSG00000114023,gencode
OGG1,ENSG00000114026,gencode
KPNA1,ENSG00000114030,gencode
PCCB,ENSG00000114054,gencode
UBE3A,ENSG00000114062,gencode
ARMC8,ENSG00000114098,gencode
CEP70,ENSG00000114107,gencode
RBP2,ENSG00000114113,gencode
RBP1,ENSG00000114115,gencode
SLC25A36,ENSG00000114120,gencode
GRK7,ENSG00000114124,gencode
RNF7,ENSG00000114125,gencode
TFDP2,ENSG00000114126,gencode
XRN1,ENSG00000114127,gencode
KAT2B,ENSG00000114166,gencode
BCHE,ENSG00000114200,gencode
SERPINI2,ENSG00000114204,gencode
PDCD10,ENSG00000114209,gencode
LRRC31,ENSG00000114248,gencode
WNT5A,ENSG00000114251,gencode
PFKFB4,ENSG00000114268,gencode
COL7A1,ENSG00000114270,gencode
FGF12,ENSG00000114279,gencode
PRKAR2A,ENSG00000114302,gencode
HES1,ENSG00000114315,gencode
USP4,ENSG00000114316,gencode
ACAP2,ENSG00000114331,gencode
ECT2,ENSG00000114346,gencode
GNAT1,ENSG00000114349,gencode
GNAI2,ENSG00000114353,gencode
TFG,ENSG00000114354,gencode
USP9Y,ENSG00000114374,gencode
HYAL1,ENSG00000114378,gencode
TUSC2,ENSG00000114383,gencode
NPRL2,ENSG00000114388,gencode
CYB561D2,ENSG00000114395,reference_var
C3orf14,ENSG00000114405,gencode
FXR1,ENSG00000114416,gencode
CBLB,ENSG00000114423,gencode
BBX,ENSG00000114439,gencode
IFT57,ENSG00000114446,gencode
GNB4,ENSG00000114450,gencode
HHLA2,ENSG00000114455,gencode
IQCG,ENSG00000114473,gencode
GBE1,ENSG00000114480,gencode
MORC1,ENSG00000114487,gencode
UMPS,ENSG00000114491,gencode
NCBP2,ENSG00000114503,gencode
SNX4,ENSG00000114520,gencode
C3orf52,ENSG00000114529,gencode
FRMD4B,ENSG00000114541,gencode
SLC41A3,ENSG00000114544,gencode
ROPN1B,ENSG00000114547,gencode
PLXNA1,ENSG00000114554,gencode
ATP6V1A,ENSG00000114573,gencode
ABTB1,ENSG00000114626,gencode
PODXL2,ENSG00000114631,gencode
UPK1B,ENSG00000114638,gencode
CSPG5,ENSG00000114646,gencode
KLHL18,ENSG00000114648,gencode
SCAP,ENSG00000114650,gencode
EFCC1,ENSG00000114654,gencode
KIAA1257,ENSG00000114656,gencode
NEK11,ENSG00000114670,gencode
PLSCR4,ENSG00000114698,gencode
HEMK1,ENSG00000114735,gencode
CISH,ENSG00000114737,gencode
MAPKAPK3,ENSG00000114738,gencode
ACVR2B,ENSG00000114739,gencode
WDR48,ENSG00000114742,gencode
COMMD2,ENSG00000114744,gencode
GORASP1,ENSG00000114745,gencode
PEX5L,ENSG00000114757,gencode
RRP9,ENSG00000114767,gencode
ABCC5,ENSG00000114770,gencode
AADAC,ENSG00000114771,gencode
ABHD14B,ENSG00000114779,gencode
EIF1B,ENSG00000114784,gencode
ARHGEF26,ENSG00000114790,gencode
KLHL24,ENSG00000114796,gencode
PLCH1,ENSG00000114805,gencode
VIPR1,ENSG00000114812,gencode
DNAH1,ENSG00000114841,gencode
SSR3,ENSG00000114850,gencode
ZBTB47,ENSG00000114853,gencode
TNNC1,ENSG00000114854,gencode
NKTR,ENSG00000114857,gencode
CLCN2,ENSG00000114859,gencode
FOXP1,ENSG00000114861,gencode
EIF4G1,ENSG00000114867,gencode
SPCS1,ENSG00000114902,gencode
NEK4,ENSG00000114904,gencode
SLC4A3,ENSG00000114923,gencode
INO80D,ENSG00000114933,gencode
EEF1B2,ENSG00000114942,gencode
ADAM23,ENSG00000114948,gencode
DGUOK,ENSG00000114956,gencode
MOB1A,ENSG00000114978,gencode
KANSL3,ENSG00000114982,gencode
LMAN2L,ENSG00000114988,gencode
RTKN,ENSG00000114993,gencode
TTL,ENSG00000114999,gencode
IL1A,ENSG00000115008,gencode
CCL20,ENSG00000115009,gencode
PIKFYVE,ENSG00000115020,gencode
KCNIP3,ENSG00000115041,gencode
FAHD2A,ENSG00000115042,gencode
NCL,ENSG00000115053,gencode
ACTR1B,ENSG00000115073,gencode
SLC35F5,ENSG00000115084,gencode
ZAP70,ENSG00000115085,gencode
ACTR3,ENSG00000115091,gencode
STEAP3,ENSG00000115107,gencode
EPB41L5,ENSG00000115109,gencode
TFCP2L1,ENSG00000115112,gencode
SF3B6,ENSG00000115128,gencode
TP53I3,ENSG00000115129,gencode
DNAJC27,ENSG00000115137,gencode
POMC,ENSG00000115138,gencode
STAM2,ENSG00000115145,gencode
OTOF,ENSG00000115155,gencode
GPD2,ENSG00000115159,gencode
CENPA,ENSG00000115163,gencode
CYTIP,ENSG00000115165,gencode
ACVR1,ENSG00000115170,gencode
TANC1,ENSG00000115183,gencode
SLC30A3,ENSG00000115194,gencode
MPV17,ENSG00000115204,gencode
GTF3C2,ENSG00000115207,gencode
EIF2B4,ENSG00000115211,gencode
NRBP1,ENSG00000115216,gencode
ITGB6,ENSG00000115221,gencode
FNDC4,ENSG00000115226,gencode
ITGA4,ENSG00000115232,gencode
PSMD14,ENSG00000115233,gencode
SNX17,ENSG00000115234,gencode
ASB3,ENSG00000115239,gencode
PPM1G,ENSG00000115241,gencode
PDE1A,ENSG00000115252,gencode
REEP6,ENSG00000115255,gencode
PCSK4,ENSG00000115257,gencode
GCG,ENSG00000115263,gencode
APC2,ENSG00000115266,gencode
IFIH1,ENSG00000115267,gencode
GCA,ENSG00000115271,gencode
INO80B,ENSG00000115274,gencode
MOGS,ENSG00000115275,gencode
TTC31,ENSG00000115282,gencode
NDUFS7,ENSG00000115286,gencode
PCGF1,ENSG00000115289,gencode
GRB14,ENSG00000115290,gencode
CLIP4,ENSG00000115295,gencode
TLX2,ENSG00000115297,gencode
SPTBN1,ENSG00000115306,gencode
AUP1,ENSG00000115307,gencode
RTN4,ENSG00000115310,gencode
HTRA2,ENSG00000115317,gencode
LOXL3,ENSG00000115318,gencode
DOK1,ENSG00000115325,gencode
GALNT3,ENSG00000115339,gencode
POLE4,ENSG00000115350,gencode
TACR1,ENSG00000115353,gencode
CCDC88A,ENSG00000115355,gencode
ACADL,ENSG00000115361,gencode
EVA1A,ENSG00000115363,gencode
LANCL1,ENSG00000115365,gencode
WDR75,ENSG00000115368,gencode
EFEMP1,ENSG00000115380,gencode
REG1A,ENSG00000115386,gencode
FANCL,ENSG00000115392,gencode
FN1,ENSG00000115414,gencode
STAT1,ENSG00000115415,gencode
GLS,ENSG00000115419,gencode
PAPOLG,ENSG00000115421,gencode
DNAH6,ENSG00000115423,gencode
PECR,ENSG00000115425,gencode
UNC50,ENSG00000115446,gencode
IGFBP2,ENSG00000115457,gencode
ELMOD3,ENSG00000115459,gencode
IGFBP5,ENSG00000115461,gencode
USP34,ENSG00000115464,gencode
EFHD1,ENSG00000115468,gencode
KCNJ13,ENSG00000115474,gencode
CCT4,ENSG00000115484,gencode
GGCX,ENSG00000115486,gencode
NEU2,ENSG00000115488,gencode
EHBP1,ENSG00000115504,gencode
OTX1,ENSG00000115507,gencode
TXNDC9,ENSG00000115514,gencode
COQ10B,ENSG00000115520,gencode
GNLY,ENSG00000115523,gencode
SF3B1,ENSG00000115524,gencode
ST3GAL5,ENSG00000115525,gencode
CHST10,ENSG00000115526,gencode
PDCL3,ENSG00000115539,gencode
MOB4,ENSG00000115540,gencode
HSPE1,ENSG00000115541,gencode
KDM3A,ENSG00000115548,gencode
PLCD4,ENSG00000115556,gencode
CHMP3,ENSG00000115561,gencode
ZNF142,ENSG00000115568,gencode
IL1R2,ENSG00000115590,gencode
PRKAG3,ENSG00000115592,gencode
SMYD1,ENSG00000115593,gencode
IL1R1,ENSG00000115594,gencode
WNT6,ENSG00000115596,gencode
IL1RL2,ENSG00000115598,gencode
IL1RL1,ENSG00000115602,gencode
IL18R1,ENSG00000115604,gencode
IL18RAP,ENSG00000115607,gencode
SLC9A2,ENSG00000115616,gencode
FHL2,ENSG00000115641,gencode
MLPH,ENSG00000115648,gencode
CNPPD1,ENSG00000115649,gencode
UXS1,ENSG00000115652,gencode
ABCB6,ENSG00000115657,gencode
STK16,ENSG00000115661,gencode
SLC5A7,ENSG00000115665,gencode
HDLBP,ENSG00000115677,gencode
PPP1R7,ENSG00000115685,gencode
PASK,ENSG00000115687,gencode
STK25,ENSG00000115694,gencode
PROC,ENSG00000115718,gencode
ID2,ENSG00000115738,gencode
TAF1B,ENSG00000115750,gencode
HPCAL1,ENSG00000115756,gencode
ODC1,ENSG00000115758,gencode
BIRC6,ENSG00000115760,gencode
NOL10,ENSG00000115761,gencode
PLEKHB2,ENSG00000115762,gencode
GORASP2,ENSG00000115806,gencode
STRN,ENSG00000115808,gencode
CEBPZ,ENSG00000115816,gencode
PRKD3,ENSG00000115825,gencode
DCAF17,ENSG00000115827,gencode
QPCT,ENSG00000115828,gencode
RAB3GAP1,ENSG00000115839,gencode
SLC25A12,ENSG00000115840,gencode
RMDN2,ENSG00000115841,gencode
DLX2,ENSG00000115844,gencode
LCT,ENSG00000115850,gencode
DARS,ENSG00000115866,gencode
SRSF7,ENSG00000115875,gencode
SDC1,ENSG00000115884,gencode
PLCL1,ENSG00000115896,gencode
SLC1A4,ENSG00000115902,gencode
SOS1,ENSG00000115904,gencode
KYNU,ENSG00000115919,gencode
WIPF1,ENSG00000115935,gencode
ORC2,ENSG00000115942,gencode
COX7A2L,ENSG00000115944,gencode
PNO1,ENSG00000115946,gencode
ORC4,ENSG00000115947,gencode
PLEK,ENSG00000115956,gencode
RND3,ENSG00000115963,gencode
ATF2,ENSG00000115966,gencode
THADA,ENSG00000115970,gencode
AAK1,ENSG00000115977,gencode
TRAK2,ENSG00000115993,gencode
C2orf42,ENSG00000115998,gencode
TIA1,ENSG00000116001,gencode
PCYOX1,ENSG00000116005,gencode
KISS1R,ENSG00000116014,gencode
EPAS1,ENSG00000116016,gencode
ARID3A,ENSG00000116017,gencode
CD207,ENSG00000116031,gencode
GRIN3B,ENSG00000116032,gencode
VAX2,ENSG00000116035,gencode
ATP6V1B1,ENSG00000116039,gencode
NFE2L2,ENSG00000116044,gencode
MSH6,ENSG00000116062,gencode
PLEKHA3,ENSG00000116095,gencode
SPR,ENSG00000116096,gencode
EPHA4,ENSG00000116106,gencode
PARD3B,ENSG00000116117,gencode
FARSB,ENSG00000116120,gencode
ALMS1,ENSG00000116127,gencode
BCL9,ENSG00000116128,gencode
PRRX1,ENSG00000116132,gencode
DHCR24,ENSG00000116133,gencode
DNAJC16,ENSG00000116138,gencode
MARK1,ENSG00000116141,gencode
TNR,ENSG00000116147,gencode
GPX7,ENSG00000116157,gencode
SCP2,ENSG00000116171,gencode
TPSG1,ENSG00000116176,gencode
PAPPA2,ENSG00000116183,gencode
RALGPS2,ENSG00000116191,gencode
ANGPTL1,ENSG00000116194,gencode
CEP104,ENSG00000116198,gencode
FAM20B,ENSG00000116199,gencode
TCEANC2,ENSG00000116205,gencode
TMEM59,ENSG00000116209,gencode
LRRC42,ENSG00000116212,gencode
WRAP73,ENSG00000116213,gencode
NPHS2,ENSG00000116218,gencode
ICMT,ENSG00000116237,gencode
CHD5,ENSG00000116254,gencode
QSOX1,ENSG00000116260,gencode
STXBP3,ENSG00000116266,gencode
PHF13,ENSG00000116273,gencode
ERRFI1,ENSG00000116285,gencode
PARK7,ENSG00000116288,gencode
KIAA1324,ENSG00000116299,gencode
OPRD1,ENSG00000116329,gencode
AMPD2,ENSG00000116337,gencode
SRSF4,ENSG00000116350,gencode
MECR,ENSG00000116353,gencode
KCNC4,ENSG00000116396,gencode
EDEM3,ENSG00000116406,gencode
WDR77,ENSG00000116455,gencode
ATP5PB,ENSG00000116459,gencode
RAP1A,ENSG00000116473,gencode
HDAC1,ENSG00000116478,gencode
CAPZA1,ENSG00000116489,gencode
S100PBP,ENSG00000116497,gencode
RNF19B,ENSG00000116514,gencode
SCAMP3,ENSG00000116521,gencode
TRIM62,ENSG00000116525,gencode
ASH1L,ENSG00000116539,gencode
DLGAP3,ENSG00000116544,gencode
SFPQ,ENSG00000116560,gencode
RHOU,ENSG00000116574,gencode
GON4L,ENSG00000116580,gencode
ARHGEF2,ENSG00000116584,gencode
LAMTOR2,ENSG00000116586,gencode
MEF2D,ENSG00000116604,gencode
DOCK7,ENSG00000116641,gencode
SRM,ENSG00000116649,gencode
FBXO2,ENSG00000116661,gencode
FBXO6,ENSG00000116663,gencode
C1orf21,ENSG00000116667,gencode
SWT1,ENSG00000116668,gencode
MAD2L2,ENSG00000116670,gencode
DNAJC6,ENSG00000116675,gencode
LEPR,ENSG00000116678,gencode
IVNS1ABP,ENSG00000116679,gencode
KIAA2013,ENSG00000116685,gencode
MFN2,ENSG00000116688,gencode
PRG4,ENSG00000116690,gencode
MIIP,ENSG00000116691,gencode
SMG7,ENSG00000116698,gencode
NCF2,ENSG00000116701,gencode
PDC,ENSG00000116703,gencode
SLC35D1,ENSG00000116704,gencode
PLA2G4A,ENSG00000116711,gencode
GADD45A,ENSG00000116717,gencode
PRAMEF1,ENSG00000116721,gencode
PRAMEF12,ENSG00000116726,gencode
WLS,ENSG00000116729,gencode
PRDM2,ENSG00000116731,gencode
RGS2,ENSG00000116741,gencode
RPE65,ENSG00000116745,gencode
RO60,ENSG00000116747,gencode
AMPD1,ENSG00000116748,gencode
UCHL5,ENSG00000116750,gencode
BCAS2,ENSG00000116752,gencode
SRSF11,ENSG00000116754,gencode
CTH,ENSG00000116761,gencode
AGMAT,ENSG00000116771,gencode
OLFML3,ENSG00000116774,gencode
TNNI3K,ENSG00000116783,gencode
CFHR3,ENSG00000116785,gencode
PLEKHM2,ENSG00000116786,gencode
CRYZ,ENSG00000116791,gencode
PHTF1,ENSG00000116793,gencode
ZBTB17,ENSG00000116809,gencode
CD58,ENSG00000116815,gencode
TFAP2E,ENSG00000116819,gencode
CD2,ENSG00000116824,gencode
TTF2,ENSG00000116830,gencode
NR5A2,ENSG00000116833,gencode
KIF21B,ENSG00000116852,gencode
TMEM9,ENSG00000116857,gencode
ADPRHL2,ENSG00000116863,gencode
MAP7D1,ENSG00000116871,gencode
WARS2,ENSG00000116874,gencode
HAO2,ENSG00000116882,gencode
OSCP1,ENSG00000116885,gencode
EXOC8,ENSG00000116903,gencode
GNPAT,ENSG00000116906,gencode
TSNAX,ENSG00000116918,gencode
C1orf109,ENSG00000116922,gencode
RRAGC,ENSG00000116954,gencode
NID1,ENSG00000116962,gencode
LGALS8,ENSG00000116977,gencode
NT5C1A,ENSG00000116981,gencode
HPCAL4,ENSG00000116983,gencode
MTR,ENSG00000116984,gencode
BMP8B,ENSG00000116985,gencode
MYCL,ENSG00000116990,gencode
SIPA1L2,ENSG00000116991,gencode
ZP4,ENSG00000116996,gencode
RLF,ENSG00000117000,gencode
KMO,ENSG00000117009,gencode
ZNF684,ENSG00000117010,gencode
KCNQ4,ENSG00000117013,gencode
RIMS3,ENSG00000117016,gencode
AKT3,ENSG00000117020,gencode
ETV3,ENSG00000117036,gencode
ACADM,ENSG00000117054,gencode
ST6GALNAC5,ENSG00000117069,gencode
SLAMF1,ENSG00000117090,gencode
CD48,ENSG00000117091,gencode
ADGRL2,ENSG00000117114,gencode
PADI2,ENSG00000117115,gencode
SDHB,ENSG00000117118,gencode
MFAP2,ENSG00000117122,gencode
RPF1,ENSG00000117133,gencode
KDM5B,ENSG00000117139,gencode
UAP1,ENSG00000117143,gencode
ACTL8,ENSG00000117148,gencode
CTBS,ENSG00000117151,gencode
RGS4,ENSG00000117152,gencode
KLHL12,ENSG00000117153,gencode
IGSF21,ENSG00000117154,gencode
SSX2IP,ENSG00000117155,gencode
ZNHIT6,ENSG00000117174,gencode
PLA2G2D,ENSG00000117215,gencode
RBBP5,ENSG00000117222,gencode
GBP3,ENSG00000117226,gencode
GBP1,ENSG00000117228,gencode
KIF17,ENSG00000117245,gencode
GPR89A,ENSG00000117262,gencode
CDK18,ENSG00000117266,gencode
RAB29,ENSG00000117280,gencode
CD160,ENSG00000117281,gencode
ECE1,ENSG00000117298,gencode
HMGCL,ENSG00000117305,gencode
GALE,ENSG00000117308,gencode
ID3,ENSG00000117318,gencode
CR2,ENSG00000117322,gencode
CD46,ENSG00000117335,gencode
PRPF3,ENSG00000117360,gencode
APH1A,ENSG00000117362,gencode
P3H1,ENSG00000117385,gencode
SLC2A1,ENSG00000117394,gencode
EBNA1BP2,ENSG00000117395,gencode
CDC20,ENSG00000117399,gencode
MPL,ENSG00000117400,gencode
ARTN,ENSG00000117407,gencode
IPO13,ENSG00000117408,gencode
ATP6V0B,ENSG00000117410,gencode
B4GALT2,ENSG00000117411,gencode
ERI3,ENSG00000117419,gencode
PTCH2,ENSG00000117425,gencode
AKR1A1,ENSG00000117448,gencode
PRDX1,ENSG00000117450,gencode
PIK3R3,ENSG00000117461,gencode
TSPAN1,ENSG00000117472,gencode
BLZF1,ENSG00000117475,gencode
CCDC181,ENSG00000117477,gencode
SLC19A2,ENSG00000117479,gencode
FAAH,ENSG00000117480,gencode
NSUN4,ENSG00000117481,gencode
TMED5,ENSG00000117500,gencode
MROH9,ENSG00000117501,gencode
DR1,ENSG00000117505,gencode
CNN3,ENSG00000117519,gencode
PRRC2C,ENSG00000117523,gencode
F3,ENSG00000117525,gencode
ABCD3,ENSG00000117528,gencode
VAMP4,ENSG00000117533,gencode
DPH5,ENSG00000117543,gencode
FASLG,ENSG00000117560,gencode
PTBP2,ENSG00000117569,gencode
TNFSF4,ENSG00000117586,gencode
PRDX6,ENSG00000117592,gencode
DARS2,ENSG00000117593,gencode
HSD11B1,ENSG00000117594,gencode
IRF6,ENSG00000117595,gencode
UTP25,ENSG00000117597,gencode
PLPPR5,ENSG00000117598,gencode
PLPPR4,ENSG00000117600,gencode
SERPINC1,ENSG00000117601,gencode
RCAN3,ENSG00000117602,gencode
SYF2,ENSG00000117614,gencode
RSRP1,ENSG00000117616,gencode
SLC35A3,ENSG00000117620,gencode
RCOR3,ENSG00000117625,gencode
STMN1,ENSG00000117632,gencode
MTFR1L,ENSG00000117640,gencode
MAN1C1,ENSG00000117643,gencode
NEK2,ENSG00000117650,gencode
DHDDS,ENSG00000117682,gencode
NENF,ENSG00000117691,gencode
NSL1,ENSG00000117697,gencode
PROX1,ENSG00000117707,gencode
ARID1A,ENSG00000117713,gencode
CENPF,ENSG00000117724,gencode
RPA2,ENSG00000117748,gencode
PPP1R8,ENSG00000117751,gencode
STX12,ENSG00000117758,gencode
MARC2,ENSG00000117791,gencode
SLC5A9,ENSG00000117834,gencode
OSBPL9,ENSG00000117859,gencode
TXNDC12,ENSG00000117862,gencode
ESYT2,ENSG00000117868,gencode
CD3EAP,ENSG00000117877,gencode
MESD,ENSG00000117899,gencode
RCN2,ENSG00000117906,gencode
CHRNB4,ENSG00000117971,gencode
MUC5B,ENSG00000117983,gencode
CTSD,ENSG00000117984,gencode
COLEC11,ENSG00000118004,gencode
STAG1,ENSG00000118007,gencode
A4GNT,ENSG00000118017,gencode
STK11,ENSG00000118046,gencode
KMT2A,ENSG00000118058,gencode
TREH,ENSG00000118094,gencode
IFT46,ENSG00000118096,gencode
MMP8,ENSG00000118113,gencode
APOA1,ENSG00000118137,gencode
ZNF541,ENSG00000118156,gencode
SLC8A2,ENSG00000118160,gencode
KPTN,ENSG00000118162,gencode
KIF14,ENSG00000118193,gencode
TNNT2,ENSG00000118194,gencode
DDX59,ENSG00000118197,gencode
CAMSAP2,ENSG00000118200,gencode
ATF6,ENSG00000118217,gencode
CRYGD,ENSG00000118231,gencode
MREG,ENSG00000118242,gencode
TNP1,ENSG00000118245,gencode
FASTKD2,ENSG00000118246,gencode
NRP2,ENSG00000118257,gencode
CREB1,ENSG00000118260,gencode
KLF7,ENSG00000118263,gencode
TTR,ENSG00000118271,gencode
B4GALT6,ENSG00000118276,gencode
C1orf54,ENSG00000118292,gencode
CA14,ENSG00000118298,gencode
CASC1,ENSG00000118307,gencode
LRMP,ENSG00000118308,gencode
ATP10B,ENSG00000118322,gencode
SPCS2,ENSG00000118363,gencode
USP35,ENSG00000118369,gencode
ELOVL4,ENSG00000118402,gencode
FILIP1,ENSG00000118407,gencode
CASP8AP2,ENSG00000118412,gencode
HMGN3,ENSG00000118418,gencode
UBE3D,ENSG00000118420,gencode
CNR1,ENSG00000118432,gencode
SPACA1,ENSG00000118434,gencode
ANKRD13C,ENSG00000118454,gencode
SGIP1,ENSG00000118473,gencode
PHF3,ENSG00000118482,gencode
ZC2HC1B,ENSG00000118491,gencode
ADGB,ENSG00000118492,gencode
PLAGL1,ENSG00000118495,gencode
FBXO30,ENSG00000118496,gencode
TNFAIP3,ENSG00000118503,gencode
AKAP7,ENSG00000118507,gencode
RAB32,ENSG00000118508,gencode
MYB,ENSG00000118513,gencode
ALDH8A1,ENSG00000118514,gencode
SGK1,ENSG00000118515,gencode
RNF146,ENSG00000118518,gencode
ARG1,ENSG00000118520,gencode
CCN2,ENSG00000118523,gencode
TCF21,ENSG00000118526,gencode
PMFBP1,ENSG00000118557,gencode
FBXL5,ENSG00000118564,gencode
MED28,ENSG00000118579,gencode
SLC16A7,ENSG00000118596,gencode
RXYLT1,ENSG00000118600,gencode
ZNF430,ENSG00000118620,gencode
VAMP8,ENSG00000118640,gencode
DCLRE1B,ENSG00000118655,gencode
MYL12B,ENSG00000118680,gencode
FOXO3,ENSG00000118689,gencode
ARMC2,ENSG00000118690,gencode
GHRH,ENSG00000118702,gencode
RPN2,ENSG00000118705,gencode
TGIF2,ENSG00000118707,gencode
CASQ2,ENSG00000118729,gencode
OLFM3,ENSG00000118733,gencode
PKD2,ENSG00000118762,gencode
ABCG2,ENSG00000118777,gencode
SPP1,ENSG00000118785,gencode
STBD1,ENSG00000118804,gencode
CCNI,ENSG00000118816,gencode
RARRES1,ENSG00000118849,gencode
MFSD1,ENSG00000118855,gencode
RAB3GAP2,ENSG00000118873,gencode
EEF2KMT,ENSG00000118894,gencode
PPL,ENSG00000118898,gencode
UBN1,ENSG00000118900,gencode
KLF12,ENSG00000118922,gencode
UCHL3,ENSG00000118939,gencode
PCDH17,ENSG00000118946,gencode
HS1BP3,ENSG00000118960,gencode
LDAH,ENSG00000118961,gencode
WDR35,ENSG00000118965,gencode
CCND2,ENSG00000118971,gencode
FGF23,ENSG00000118972,gencode
ELL2,ENSG00000118985,gencode
DNAH7,ENSG00000118997,gencode
CYP20A1,ENSG00000119004,gencode
NDUFB3,ENSG00000119013,gencode
GTF3C3,ENSG00000119041,gencode
SATB2,ENSG00000119042,gencode
UBE2B,ENSG00000119048,gencode
TRPM6,ENSG00000119121,gencode
GDA,ENSG00000119125,gencode
KLF9,ENSG00000119138,gencode
TJP2,ENSG00000119139,gencode
ECRG4,ENSG00000119147,gencode
ITGB1BP1,ENSG00000119185,gencode
CPSF3,ENSG00000119203,gencode
PIGZ,ENSG00000119227,gencode
SENP5,ENSG00000119231,gencode
CCDC92,ENSG00000119242,gencode
C1orf198,ENSG00000119280,gencode
TRIM67,ENSG00000119283,gencode
HEATR1,ENSG00000119285,gencode
PTBP3,ENSG00000119314,gencode
RAD23B,ENSG00000119318,gencode
FKBP15,ENSG00000119321,gencode
CTNNAL1,ENSG00000119326,gencode
ABITRAM,ENSG00000119328,gencode
WDR34,ENSG00000119333,gencode
SET,ENSG00000119335,gencode
PTPA,ENSG00000119383,gencode
GLE1,ENSG00000119392,gencode
RAB14,ENSG00000119396,gencode
CNTRL,ENSG00000119397,gencode
TRIM32,ENSG00000119401,gencode
FBXW2,ENSG00000119402,gencode
PHF19,ENSG00000119403,gencode
NEK6,ENSG00000119408,gencode
BSPRY,ENSG00000119411,gencode
PPP6C,ENSG00000119414,gencode
NDUFA8,ENSG00000119421,gencode
HDHD3,ENSG00000119431,gencode
RBM18,ENSG00000119446,gencode
SLC46A2,ENSG00000119457,gencode
HSDL2,ENSG00000119471,gencode
MAPKAP1,ENSG00000119487,gencode
NR4A3,ENSG00000119508,gencode
INVS,ENSG00000119509,gencode
GALNT12,ENSG00000119514,gencode
DENND1A,ENSG00000119522,gencode
ALG2,ENSG00000119523,gencode
CSF3R,ENSG00000119535,gencode
KDSR,ENSG00000119537,gencode
VPS4B,ENSG00000119541,gencode
ONECUT2,ENSG00000119547,gencode
C19orf25,ENSG00000119559,gencode
ZBTB45,ENSG00000119574,gencode
DCAF4,ENSG00000119599,gencode
PROX2,ENSG00000119608,gencode
VSX2,ENSG00000119614,gencode
FCF1,ENSG00000119616,gencode
PGF,ENSG00000119630,gencode
IFI27L2,ENSG00000119632,gencode
BBOF1,ENSG00000119636,gencode
NEK9,ENSG00000119638,gencode
ACYP1,ENSG00000119640,gencode
IFT43,ENSG00000119650,gencode
NPC2,ENSG00000119655,gencode
DNAL1,ENSG00000119661,gencode
IRF2BPL,ENSG00000119669,gencode
ACOT2,ENSG00000119673,gencode
LTBP2,ENSG00000119681,gencode
AREL1,ENSG00000119682,gencode
MLH3,ENSG00000119684,gencode
TTLL5,ENSG00000119685,gencode
FLVCR2,ENSG00000119686,gencode
ABCD4,ENSG00000119688,gencode
DLST,ENSG00000119689,gencode
PPP4R4,ENSG00000119698,gencode
TGFB3,ENSG00000119699,gencode
ZC2HC1C,ENSG00000119703,gencode
SLIRP,ENSG00000119705,gencode
RBM25,ENSG00000119707,gencode
ALDH6A1,ENSG00000119711,gencode
GPR68,ENSG00000119714,gencode
ESRRB,ENSG00000119715,gencode
EIF2B2,ENSG00000119718,gencode
NRDE2,ENSG00000119720,gencode
COQ6,ENSG00000119723,gencode
ZNF410,ENSG00000119725,gencode
RHOQ,ENSG00000119729,gencode
SUPT7L,ENSG00000119760,gencode
KLHL29,ENSG00000119771,gencode
DNMT3A,ENSG00000119772,gencode
TMEM214,ENSG00000119777,gencode
ATAD2B,ENSG00000119778,gencode
FKBP1B,ENSG00000119782,gencode
ATL2,ENSG00000119787,gencode
YPEL5,ENSG00000119801,gencode
FAM98A,ENSG00000119812,gencode
YIPF4,ENSG00000119820,gencode
AFTPH,ENSG00000119844,gencode
LGALSL,ENSG00000119862,gencode
CNRIP1,ENSG00000119865,gencode
BCL11A,ENSG00000119866,gencode
CRIPT,ENSG00000119878,gencode
EPCAM,ENSG00000119888,gencode
SLC17A5,ENSG00000119899,gencode
OGFRL1,ENSG00000119900,gencode
SLF2,ENSG00000119906,gencode
IDE,ENSG00000119912,gencode
TECTB,ENSG00000119913,gencode
ELOVL3,ENSG00000119915,gencode
IFIT3,ENSG00000119917,gencode
NKX2-3,ENSG00000119919,gencode
IFIT2,ENSG00000119922,gencode
GPAM,ENSG00000119927,gencode
CUTC,ENSG00000119929,gencode
PPP1R3C,ENSG00000119938,gencode
PYROXD2,ENSG00000119943,gencode
CNNM1,ENSG00000119946,gencode
MXI1,ENSG00000119950,gencode
SMNDC1,ENSG00000119953,gencode
C10orf88,ENSG00000119965,gencode
HELLS,ENSG00000119969,gencode
PRLHR,ENSG00000119973,gencode
TCTN3,ENSG00000119977,gencode
DENND10,ENSG00000119979,gencode
AVPI1,ENSG00000119986,gencode
WDR11,ENSG00000120008,gencode
ARMH3,ENSG00000120029,gencode
KCNIP2,ENSG00000120049,gencode
CFAP58,ENSG00000120051,gencode
GOT1,ENSG00000120053,gencode
CPN1,ENSG00000120054,gencode
C10orf95,ENSG00000120055,gencode
SFRP5,ENSG00000120057,gencode
GNA13,ENSG00000120063,gencode
HOXB8,ENSG00000120068,gencode
KANSL1,ENSG00000120071,gencode
HOXB5,ENSG00000120075,gencode
CRHR1,ENSG00000120088,gencode
HOXB3,ENSG00000120093,gencode
HOXB1,ENSG00000120094,gencode
DUSP1,ENSG00000120129,gencode
PANK3,ENSG00000120137,gencode
MSX2,ENSG00000120149,gencode
TEK,ENSG00000120156,gencode
RCL1,ENSG00000120158,gencode
CAAP1,ENSG00000120159,gencode
EQTN,ENSG00000120160,gencode
MOB3B,ENSG00000120162,gencode
INSL6,ENSG00000120210,gencode
INSL4,ENSG00000120211,gencode
MLANA,ENSG00000120215,gencode
CD274,ENSG00000120217,gencode
IFNA6,ENSG00000120235,gencode
IFNA8,ENSG00000120242,gencode
GRIA2,ENSG00000120251,gencode
NUP43,ENSG00000120253,gencode
MTHFD1L,ENSG00000120254,gencode
LRP11,ENSG00000120256,gencode
CCDC170,ENSG00000120262,gencode
PCMT1,ENSG00000120265,gencode
PLEKHG1,ENSG00000120278,gencode
MYCT1,ENSG00000120279,gencode
CXorf21,ENSG00000120280,gencode
MAGEB4,ENSG00000120289,gencode
CYSTM1,ENSG00000120306,gencode
WDR55,ENSG00000120314,gencode
ARAP3,ENSG00000120318,gencode
PCDHB8,ENSG00000120322,gencode
PCDHB10,ENSG00000120324,gencode
PCDHB14,ENSG00000120327,gencode
PCDHB12,ENSG00000120328,gencode
SLC25A2,ENSG00000120329,gencode
TNN,ENSG00000120332,gencode
CENPL,ENSG00000120334,gencode
TNFSF18,ENSG00000120337,gencode
SEC16B,ENSG00000120341,gencode
GORAB,ENSG00000120370,gencode
GPR31,ENSG00000120436,gencode
ACAT2,ENSG00000120437,gencode
TCP1,ENSG00000120438,gencode
TTLL2,ENSG00000120440,gencode
SNX19,ENSG00000120451,gencode
KCNJ5,ENSG00000120457,gencode
MSANTD2,ENSG00000120458,gencode
TP53AIP1,ENSG00000120471,gencode
TEX11,ENSG00000120498,gencode
ARR3,ENSG00000120500,gencode
PDZD11,ENSG00000120509,gencode
SLC10A7,ENSG00000120519,gencode
NUDCD1,ENSG00000120526,gencode
ENY2,ENSG00000120533,gencode
MASTL,ENSG00000120539,gencode
KIAA1217,ENSG00000120549,gencode
LYZL1,ENSG00000120563,gencode
PLXDC2,ENSG00000120594,gencode
EPC1,ENSG00000120616,gencode
IQSEC3,ENSG00000120645,gencode
CCDC77,ENSG00000120647,gencode
TAF12,ENSG00000120656,gencode
ENOX1,ENSG00000120658,gencode
TNFSF11,ENSG00000120659,gencode
MTRF1,ENSG00000120662,gencode
SOHLH2,ENSG00000120669,gencode
DNAJC15,ENSG00000120675,gencode
PROSER1,ENSG00000120685,gencode
UFM1,ENSG00000120686,gencode
WBP4,ENSG00000120688,gencode
ELF1,ENSG00000120690,gencode
SMAD9,ENSG00000120693,gencode
HSPH1,ENSG00000120694,gencode
KBTBD7,ENSG00000120696,gencode
ALG5,ENSG00000120697,gencode
EXOSC8,ENSG00000120699,gencode
ETF1,ENSG00000120705,gencode
TGFBI,ENSG00000120708,gencode
FAM53C,ENSG00000120709,gencode
SIL1,ENSG00000120725,gencode
PAIP2,ENSG00000120727,gencode
MYOT,ENSG00000120729,gencode
KDM3B,ENSG00000120733,gencode
EGR1,ENSG00000120738,gencode
SERP1,ENSG00000120742,gencode
PLS1,ENSG00000120756,gencode
ZFP30,ENSG00000120784,gencode
NR2C1,ENSG00000120798,gencode
UTP20,ENSG00000120800,gencode
TMPO,ENSG00000120802,gencode
ARL1,ENSG00000120805,gencode
GLT8D2,ENSG00000120820,gencode
MTERF2,ENSG00000120832,gencode
SOCS2,ENSG00000120833,gencode
NFYB,ENSG00000120837,gencode
WASHC3,ENSG00000120860,gencode
APAF1,ENSG00000120868,gencode
DUSP4,ENSG00000120875,gencode
CLU,ENSG00000120885,gencode
TNFRSF10B,ENSG00000120889,gencode
SORBS3,ENSG00000120896,gencode
PTK2B,ENSG00000120899,gencode
CHRNA2,ENSG00000120903,gencode
ADRA1A,ENSG00000120907,gencode
PPP3CC,ENSG00000120910,gencode
PDLIM2,ENSG00000120913,gencode
EPHX2,ENSG00000120915,gencode
RNF170,ENSG00000120925,gencode
NPPB,ENSG00000120937,gencode
UBIAD1,ENSG00000120942,gencode
TARDBP,ENSG00000120948,gencode
TNFRSF8,ENSG00000120949,gencode
PRAMEF2,ENSG00000120952,gencode
ZNF706,ENSG00000120963,gencode
LYPLA1,ENSG00000120992,gencode
CRISPLD1,ENSG00000121005,gencode
COPS5,ENSG00000121022,gencode
RDH10,ENSG00000121039,gencode
EPX,ENSG00000121053,gencode
AKAP1,ENSG00000121057,gencode
COIL,ENSG00000121058,gencode
TRIM25,ENSG00000121060,gencode
SCPEP1,ENSG00000121064,gencode
SPOP,ENSG00000121067,gencode
TBX2,ENSG00000121068,gencode
SLC35B1,ENSG00000121073,gencode
TBX4,ENSG00000121075,gencode
TEX14,ENSG00000121101,gencode
FAM117A,ENSG00000121104,gencode
NCAPH,ENSG00000121152,gencode
LRAT,ENSG00000121207,gencode
TMEM131L,ENSG00000121210,gencode
MND1,ENSG00000121211,gencode
TRIM6,ENSG00000121236,gencode
ABCC11,ENSG00000121270,gencode
TENT4B,ENSG00000121274,gencode
ADCY7,ENSG00000121281,gencode
CEP89,ENSG00000121289,gencode
TSHZ3,ENSG00000121297,gencode
ECHDC2,ENSG00000121310,gencode
TAS2R8,ENSG00000121314,gencode
PLBD1,ENSG00000121316,gencode
PRB2,ENSG00000121335,gencode
PYROXD1,ENSG00000121350,gencode
IAPP,ENSG00000121351,gencode
KCNJ8,ENSG00000121361,gencode
TAS2R7,ENSG00000121377,gencode
TAS2R9,ENSG00000121381,gencode
PSPC1,ENSG00000121390,gencode
ZNF549,ENSG00000121406,gencode
ZSCAN18,ENSG00000121413,gencode
ZNF211,ENSG00000121417,gencode
PDZRN3,ENSG00000121440,gencode
RGSL1,ENSG00000121446,gencode
LHX4,ENSG00000121454,gencode
RNF2,ENSG00000121481,gencode
TRMT1L,ENSG00000121486,gencode
SEC22A,ENSG00000121542,gencode
CSTA,ENSG00000121552,gencode
DPPA4,ENSG00000121570,gencode
POPDC2,ENSG00000121577,gencode
B4GALT4,ENSG00000121578,gencode
NAA50,ENSG00000121579,gencode
CD80,ENSG00000121594,gencode
KIF18A,ENSG00000121621,gencode
GJA8,ENSG00000121634,gencode
DESI2,ENSG00000121644,gencode
MAPK8IP1,ENSG00000121653,gencode
CRY2,ENSG00000121671,gencode
PEX16,ENSG00000121680,gencode
DEPDC7,ENSG00000121690,gencode
CAT,ENSG00000121691,gencode
PILRB,ENSG00000121716,gencode
ZMYM2,ENSG00000121741,gencode
GJB6,ENSG00000121742,gencode
GJA3,ENSG00000121743,gencode
TBC1D15,ENSG00000121749,gencode
ADGRB2,ENSG00000121753,gencode
HCRTR1,ENSG00000121764,gencode
ZCCHC17,ENSG00000121766,gencode
FABP3,ENSG00000121769,gencode
KHDRBS1,ENSG00000121774,gencode
TMEM39B,ENSG00000121775,gencode
CCRL2,ENSG00000121797,gencode
CCR2,ENSG00000121807,gencode
POLR3GL,ENSG00000121851,gencode
GHSR,ENSG00000121853,gencode
TNFSF10,ENSG00000121858,gencode
ZNF639,ENSG00000121864,gencode
SLITRK3,ENSG00000121871,gencode
PIK3CA,ENSG00000121879,gencode
PDS5A,ENSG00000121892,gencode
TMEM156,ENSG00000121895,gencode
LIAS,ENSG00000121897,gencode
CPXM2,ENSG00000121898,gencode
TMEM54,ENSG00000121900,gencode
ZSCAN20,ENSG00000121903,gencode
CSMD2,ENSG00000121904,gencode
HPCA,ENSG00000121905,gencode
LRIF1,ENSG00000121931,gencode
TMIGD3,ENSG00000121933,gencode
CLCC1,ENSG00000121940,gencode
GPSM2,ENSG00000121957,gencode
GTDC1,ENSG00000121964,gencode
CXCR4,ENSG00000121966,gencode
ZRANB3,ENSG00000121988,gencode
ACVR2A,ENSG00000121989,gencode
POLK,ENSG00000122008,gencode
SV2C,ENSG00000122012,gencode
FLT3,ENSG00000122025,gencode
MTIF3,ENSG00000122033,gencode
GTF3A,ENSG00000122034,gencode
RASL11A,ENSG00000122035,gencode
UBL3,ENSG00000122042,gencode
FYTTD1,ENSG00000122068,gencode
MTERF4,ENSG00000122085,gencode
XPNPEP2,ENSG00000122121,gencode
SASH3,ENSG00000122122,gencode
OCRL,ENSG00000122126,gencode
PAEP,ENSG00000122133,gencode
OBP2A,ENSG00000122136,gencode
TBX22,ENSG00000122145,gencode
FMOD,ENSG00000122176,gencode
MYOG,ENSG00000122180,gencode
LAX1,ENSG00000122188,gencode
PLG,ENSG00000122194,gencode
KIAA1191,ENSG00000122203,gencode
COPA,ENSG00000122218,gencode
CD244,ENSG00000122223,gencode
LY9,ENSG00000122224,gencode
HS3ST2,ENSG00000122254,gencode
RBBP6,ENSG00000122257,gencode
ZC3H7A,ENSG00000122299,gencode
PRM2,ENSG00000122304,gencode
SERAC1,ENSG00000122335,gencode
ANXA11,ENSG00000122359,gencode
LDB3,ENSG00000122367,gencode
OPN4,ENSG00000122375,gencode
SHLD2,ENSG00000122376,gencode
PRXL2A,ENSG00000122378,gencode
ZNF205,ENSG00000122386,gencode
NAA60,ENSG00000122390,gencode
ODF2L,ENSG00000122417,gencode
PTGFR,ENSG00000122420,gencode
SPATA1,ENSG00000122432,gencode
TRMT13,ENSG00000122435,gencode
LRRC39,ENSG00000122477,gencode
RWDD3,ENSG00000122481,gencode
ZNF644,ENSG00000122482,gencode
CCDC18,ENSG00000122483,gencode
RPAP2,ENSG00000122484,gencode
SLC66A2,ENSG00000122490,gencode
BBS9,ENSG00000122507,gencode
PMS2,ENSG00000122512,gencode
ZMIZ2,ENSG00000122515,gencode
OCM,ENSG00000122543,gencode
SEPTIN7,ENSG00000122545,gencode
EEPD1,ENSG00000122547,gencode
KLHL7,ENSG00000122550,gencode
HERPUD2,ENSG00000122557,gencode
CBX3,ENSG00000122565,gencode
HNRNPA2B1,ENSG00000122566,gencode
WIPF3,ENSG00000122574,gencode
NXPH1,ENSG00000122584,gencode
NPY,ENSG00000122585,gencode
FAM126A,ENSG00000122591,gencode
HOXA7,ENSG00000122592,gencode
INHBA,ENSG00000122641,gencode
FKBP9,ENSG00000122642,gencode
NT5C3A,ENSG00000122643,gencode
ARL4A,ENSG00000122644,gencode
CCZ1,ENSG00000122674,gencode
POLM,ENSG00000122678,gencode
RAMP3,ENSG00000122679,gencode
MRM2,ENSG00000122687,gencode
TWIST1,ENSG00000122691,gencode
SMU1,ENSG00000122692,gencode
GLIPR2,ENSG00000122694,gencode
SLC25A51,ENSG00000122696,gencode
CLTA,ENSG00000122705,gencode
RECK,ENSG00000122707,gencode
SPINK4,ENSG00000122711,gencode
TAF1L,ENSG00000122728,gencode
ACO1,ENSG00000122729,gencode
PHF24,ENSG00000122733,gencode
DNAI1,ENSG00000122735,gencode
DCAF10,ENSG00000122741,gencode
CNTFR,ENSG00000122756,gencode
KIAA1549,ENSG00000122778,gencode
TRIM24,ENSG00000122779,gencode
CYREN,ENSG00000122783,gencode
CALD1,ENSG00000122786,gencode
AKR1D1,ENSG00000122787,gencode
NUDT10,ENSG00000122824,gencode
SFTPA1,ENSG00000122852,gencode
NEUROG3,ENSG00000122859,gencode
PLAU,ENSG00000122861,gencode
SRGN,ENSG00000122862,gencode
CHST3,ENSG00000122863,gencode
BICC1,ENSG00000122870,gencode
CISD1,ENSG00000122873,gencode
EGR2,ENSG00000122877,gencode
ECD,ENSG00000122882,gencode
P4HA1,ENSG00000122884,gencode
SLC25A16,ENSG00000122912,gencode
ZWINT,ENSG00000122952,gencode
VPS26A,ENSG00000122958,gencode
RBM19,ENSG00000122965,gencode
CIT,ENSG00000122966,gencode
IFT81,ENSG00000122970,gencode
ACADS,ENSG00000122971,gencode
HVCN1,ENSG00000122986,gencode
DDX54,ENSG00000123064,gencode
MED13L,ENSG00000123066,gencode
CDKN2C,ENSG00000123080,gencode
RNF11,ENSG00000123091,gencode
RASSF8,ENSG00000123094,gencode
BHLHE41,ENSG00000123095,gencode
SSPN,ENSG00000123096,gencode
ITPR2,ENSG00000123104,gencode
CCDC91,ENSG00000123106,gencode
WWP1,ENSG00000123124,gencode
ACOT9,ENSG00000123130,gencode
PRDX4,ENSG00000123131,gencode
DDX39A,ENSG00000123136,gencode
PKN1,ENSG00000123143,gencode
TRIR,ENSG00000123144,gencode
ADGRE5,ENSG00000123146,gencode
WDR83,ENSG00000123154,gencode
GIPC1,ENSG00000123159,gencode
ACTRT1,ENSG00000123165,gencode
CCDC70,ENSG00000123171,gencode
SPRYD7,ENSG00000123178,gencode
EBPL,ENSG00000123179,gencode
ATP7B,ENSG00000123191,gencode
ZC3H13,ENSG00000123200,gencode
NLN,ENSG00000123213,gencode
CENPK,ENSG00000123219,gencode
OPTN,ENSG00000123240,gencode
ITIH5,ENSG00000123243,gencode
ATF1,ENSG00000123268,gencode
TSFM,ENSG00000123297,gencode
NEUROD4,ENSG00000123307,gencode
ARHGAP9,ENSG00000123329,gencode
NCKAP1L,ENSG00000123338,gencode
MMP19,ENSG00000123342,gencode
PFDN5,ENSG00000123349,gencode
SPATS2,ENSG00000123352,gencode
ORMDL2,ENSG00000123353,gencode
NR4A1,ENSG00000123358,gencode
PDE1B,ENSG00000123360,gencode
HOXC13,ENSG00000123364,gencode
CDK2,ENSG00000123374,gencode
LRP1,ENSG00000123384,gencode
HOXC11,ENSG00000123388,gencode
ATG101,ENSG00000123395,gencode
NFE2,ENSG00000123405,gencode
HOXC12,ENSG00000123407,gencode
IKZF4,ENSG00000123411,gencode
SMUG1,ENSG00000123415,gencode
TUBA1B,ENSG00000123416,gencode
EEF1AKMT3,ENSG00000123427,gencode
KBTBD4,ENSG00000123444,gencode
SARDH,ENSG00000123453,gencode
DBH,ENSG00000123454,gencode
ATPAF1,ENSG00000123472,gencode
STIL,ENSG00000123473,gencode
HJURP,ENSG00000123485,gencode
IL13RA2,ENSG00000123496,gencode
COL10A1,ENSG00000123500,gencode
AMD1,ENSG00000123505,gencode
NDUFAF4,ENSG00000123545,gencode
USP45,ENSG00000123552,gencode
PLP1,ENSG00000123560,gencode
SERPINA7,ENSG00000123561,gencode
MORF4L2,ENSG00000123562,gencode
H2BFWT,ENSG00000123569,gencode
RAB9B,ENSG00000123570,gencode
NRK,ENSG00000123572,gencode
FAM199X,ENSG00000123575,gencode
ESX1,ENSG00000123576,gencode
ATXN3L,ENSG00000123594,gencode
RAB9A,ENSG00000123595,gencode
METTL8,ENSG00000123600,gencode
TTC21B,ENSG00000123607,gencode
NMI,ENSG00000123609,gencode
TNFAIP6,ENSG00000123610,gencode
ACVR1C,ENSG00000123612,gencode
BAZ2B,ENSG00000123636,gencode
SLC36A1,ENSG00000123643,gencode
LPGAT1,ENSG00000123684,gencode
BATF3,ENSG00000123685,gencode
G0S2,ENSG00000123689,gencode
KCNJ2,ENSG00000123700,gencode
RAP2C,ENSG00000123728,gencode
EXOSC9,ENSG00000123737,gencode
PLA2G12A,ENSG00000123739,gencode
B9D2,ENSG00000123810,gencode
COQ8B,ENSG00000123815,gencode
PFKFB2,ENSG00000123836,gencode
C4BPA,ENSG00000123838,gencode
C4BPB,ENSG00000123843,gencode
RAB38,ENSG00000123892,gencode
GPR83,ENSG00000123901,gencode
AGO2,ENSG00000123908,gencode
MXD4,ENSG00000123933,gencode
CKS2,ENSG00000123975,gencode
DAW1,ENSG00000123977,gencode
ACSL3,ENSG00000123983,gencode
CHPF,ENSG00000123989,gencode
DNPEP,ENSG00000123992,gencode
INHA,ENSG00000123999,gencode
MOGAT1,ENSG00000124003,gencode
OBSL1,ENSG00000124006,gencode
FAM124B,ENSG00000124019,gencode
SLC12A4,ENSG00000124067,gencode
ENKD1,ENSG00000124074,gencode
MC3R,ENSG00000124089,gencode
GCNT7,ENSG00000124091,gencode
CTCFL,ENSG00000124092,gencode
FAM210B,ENSG00000124098,gencode
PI3,ENSG00000124102,gencode
FAM209A,ENSG00000124103,gencode
SNX21,ENSG00000124104,gencode
SLPI,ENSG00000124107,gencode
WFDC3,ENSG00000124116,gencode
TTPAL,ENSG00000124120,gencode
PREX1,ENSG00000124126,gencode
KCNS1,ENSG00000124134,gencode
SLC12A5,ENSG00000124140,gencode
ARHGAP40,ENSG00000124143,gencode
SDC4,ENSG00000124145,gencode
NCOA3,ENSG00000124151,gencode
PIGT,ENSG00000124155,gencode
SEMG2,ENSG00000124157,gencode
NCOA5,ENSG00000124160,gencode
VAPB,ENSG00000124164,gencode
PARD6B,ENSG00000124171,gencode
ATP5F1E,ENSG00000124172,gencode
CHD6,ENSG00000124177,gencode
PLCG1,ENSG00000124181,gencode
TOX2,ENSG00000124191,gencode
SRSF6,ENSG00000124193,gencode
GDAP1L1,ENSG00000124194,gencode
GTSF1L,ENSG00000124196,gencode
ARFGEF2,ENSG00000124198,gencode
ZNFX1,ENSG00000124201,gencode
ZNF831,ENSG00000124203,gencode
EDN3,ENSG00000124205,gencode
CSE1L,ENSG00000124207,gencode
RAB22A,ENSG00000124209,gencode
PTGIS,ENSG00000124212,gencode
STAU1,ENSG00000124214,gencode
CDH26,ENSG00000124215,gencode
SNAI1,ENSG00000124216,gencode
MOCS3,ENSG00000124217,gencode
STX16,ENSG00000124222,gencode
PMEPA1,ENSG00000124225,gencode
RNF114,ENSG00000124226,gencode
ANKRD60,ENSG00000124227,gencode
DDX27,ENSG00000124228,gencode
RBPJL,ENSG00000124232,gencode
SEMG1,ENSG00000124233,gencode
C20orf85,ENSG00000124237,gencode
BCAS4,ENSG00000124243,gencode
KCNK15,ENSG00000124249,gencode
TP53TG5,ENSG00000124251,gencode
PCK1,ENSG00000124253,gencode
ZBP1,ENSG00000124256,gencode
NEURL2,ENSG00000124257,gencode
MAGEA10,ENSG00000124260,gencode
MTRR,ENSG00000124275,gencode
FASTKD3,ENSG00000124279,gencode
PEPD,ENSG00000124299,gencode
CHST8,ENSG00000124302,gencode
IQSEC2,ENSG00000124313,gencode
VAMP7,ENSG00000124333,gencode
IL9R,ENSG00000124334,gencode
XG,ENSG00000124343,gencode
STAMBP,ENSG00000124356,gencode
NAGK,ENSG00000124357,gencode
MCEE,ENSG00000124370,gencode
PAIP2B,ENSG00000124374,gencode
SNRNP27,ENSG00000124380,gencode
MPHOSPH10,ENSG00000124383,gencode
IL17C,ENSG00000124391,gencode
ATP8A1,ENSG00000124406,gencode
USP22,ENSG00000124422,gencode
POF1B,ENSG00000124429,gencode
HIF3A,ENSG00000124440,gencode
ZNF576,ENSG00000124444,gencode
IRGC,ENSG00000124449,gencode
ZNF45,ENSG00000124459,gencode
LYPD3,ENSG00000124466,gencode
CEACAM8,ENSG00000124469,gencode
NDP,ENSG00000124479,gencode
USP9X,ENSG00000124486,gencode
CRISP2,ENSG00000124490,gencode
F13A1,ENSG00000124491,gencode
GRM4,ENSG00000124493,gencode
TRERF1,ENSG00000124496,gencode
PACSIN1,ENSG00000124507,gencode
BTN2A2,ENSG00000124508,gencode
SIRT5,ENSG00000124523,gencode
MRS2,ENSG00000124532,gencode
WRNIP1,ENSG00000124535,gencode
RRP36,ENSG00000124541,gencode
BTN1A1,ENSG00000124557,gencode
SNRPC,ENSG00000124562,gencode
SLC17A3,ENSG00000124564,gencode
SLC17A1,ENSG00000124568,gencode
SERPINB6,ENSG00000124570,gencode
XPO5,ENSG00000124571,gencode
HIST1H1D,ENSG00000124575,gencode
PEX6,ENSG00000124587,gencode
NQO2,ENSG00000124588,gencode
OARD1,ENSG00000124596,gencode
UNC5CL,ENSG00000124602,gencode
AARS2,ENSG00000124608,gencode
HIST1H1A,ENSG00000124610,gencode
ZNF391,ENSG00000124613,gencode
MOCS1,ENSG00000124615,gencode
MED20,ENSG00000124641,gencode
OR2B6,ENSG00000124657,gencode
TBCC,ENSG00000124659,gencode
SPDEF,ENSG00000124664,gencode
TCP11,ENSG00000124678,gencode
MAD2L1BP,ENSG00000124688,gencode
APOBEC2,ENSG00000124701,gencode
KLHDC3,ENSG00000124702,gencode
GNMT,ENSG00000124713,gencode
DNAH8,ENSG00000124721,gencode
TREM1,ENSG00000124731,gencode
MEA1,ENSG00000124733,gencode
KLHL31,ENSG00000124743,gencode
COL21A1,ENSG00000124749,gencode
CDKN1A,ENSG00000124762,gencode
SOX4,ENSG00000124766,gencode
GLO1,ENSG00000124767,gencode
CPNE5,ENSG00000124772,gencode
KCNK17,ENSG00000124780,gencode
RREB1,ENSG00000124782,gencode
SSR1,ENSG00000124783,gencode
RIOK1,ENSG00000124784,gencode
NRN1,ENSG00000124785,gencode
SLC35B3,ENSG00000124786,gencode
RPP40,ENSG00000124787,gencode
ATXN1,ENSG00000124788,gencode
NUP153,ENSG00000124789,gencode
DEK,ENSG00000124795,gencode
EEF1E1,ENSG00000124802,gencode
CRISP1,ENSG00000124812,gencode
RUNX2,ENSG00000124813,gencode
OPN5,ENSG00000124818,gencode
GCM2,ENSG00000124827,gencode
LRRFIP1,ENSG00000124831,gencode
RAB17,ENSG00000124839,gencode
CXCL6,ENSG00000124875,gencode
EREG,ENSG00000124882,gencode
TRIM51,ENSG00000124900,gencode
MYRF,ENSG00000124920,gencode
SCGB1D2,ENSG00000124935,gencode
SCGB2A1,ENSG00000124939,gencode
AHNAK,ENSG00000124942,gencode
EMC3,ENSG00000125037,gencode
SSUH2,ENSG00000125046,gencode
WNT1,ENSG00000125084,gencode
SH3TC1,ENSG00000125089,gencode
CNOT1,ENSG00000125107,gencode
LRRC29,ENSG00000125122,gencode
BBS2,ENSG00000125124,gencode
MT1G,ENSG00000125144,gencode
MT2A,ENSG00000125148,gencode
C16orf70,ENSG00000125149,gencode
GOT2,ENSG00000125166,gencode
DOK4,ENSG00000125170,gencode
PIWIL1,ENSG00000125207,gencode
GPR18,ENSG00000125245,gencode
CLYBL,ENSG00000125246,gencode
TMTC4,ENSG00000125247,gencode
RAP2A,ENSG00000125249,gencode
SLC10A2,ENSG00000125255,gencode
ABCC4,ENSG00000125257,gencode
EFNB2,ENSG00000125266,gencode
SOX21,ENSG00000125285,gencode
TM9SF2,ENSG00000125304,gencode
C17orf53,ENSG00000125319,gencode
KIF25,ENSG00000125337,gencode
IRF1,ENSG00000125347,gencode
UPF3B,ENSG00000125351,gencode
RNF113A,ENSG00000125352,gencode
SEPTIN6,ENSG00000125354,gencode
TMEM255A,ENSG00000125355,gencode
NDUFA1,ENSG00000125356,gencode
AMELX,ENSG00000125363,gencode
DMAC2L,ENSG00000125375,gencode
BMP4,ENSG00000125378,gencode
PTGER2,ENSG00000125384,gencode
FAM193A,ENSG00000125386,gencode
GRK4,ENSG00000125388,gencode
SOX9,ENSG00000125398,gencode
TEKT3,ENSG00000125409,gencode
MYH2,ENSG00000125414,gencode
HS3ST3B1,ENSG00000125430,gencode
SLC25A35,ENSG00000125434,gencode
GGA3,ENSG00000125447,gencode
ARMC7,ENSG00000125449,gencode
NUP85,ENSG00000125450,gencode
SLC25A19,ENSG00000125454,gencode
MIF4GD,ENSG00000125457,gencode
NT5C,ENSG00000125458,gencode
MSTO1,ENSG00000125459,gencode
C1orf61,ENSG00000125462,gencode
TTF1,ENSG00000125482,gencode
GTF3C4,ENSG00000125484,gencode
DDX31,ENSG00000125485,gencode
BARHL1,ENSG00000125492,gencode
KIR2DL1,ENSG00000125498,gencode
PPP1R12C,ENSG00000125503,gencode
MBOAT7,ENSG00000125505,gencode
SRMS,ENSG00000125508,gencode
OPRL1,ENSG00000125510,gencode
SLC2A4RG,ENSG00000125520,gencode
NPBWR2,ENSG00000125522,gencode
FNDC11,ENSG00000125531,gencode
BHLHE23,ENSG00000125533,gencode
PPDPF,ENSG00000125534,gencode
IL1B,ENSG00000125538,gencode
PLGLB2,ENSG00000125551,gencode
IL37,ENSG00000125571,gencode
CHCHD5,ENSG00000125611,gencode
PAX8,ENSG00000125618,gencode
INSIG2,ENSG00000125629,gencode
POLR1B,ENSG00000125630,gencode
CCDC93,ENSG00000125633,gencode
PSD4,ENSG00000125637,gencode
SLC25A23,ENSG00000125648,gencode
PSPN,ENSG00000125650,gencode
GTF2F1,ENSG00000125651,gencode
ALKBH7,ENSG00000125652,gencode
CLPP,ENSG00000125656,gencode
TNFSF9,ENSG00000125657,gencode
GRIA3,ENSG00000125675,gencode
THOC2,ENSG00000125676,gencode
MED1,ENSG00000125686,gencode
ATG4C,ENSG00000125703,gencode
CD70,ENSG00000125726,gencode
C3,ENSG00000125730,gencode
SH2D3A,ENSG00000125731,gencode
TRIP10,ENSG00000125733,gencode
GPR108,ENSG00000125734,gencode
TNFSF14,ENSG00000125735,gencode
FOSB,ENSG00000125740,gencode
OPA3,ENSG00000125741,gencode
SNRPD2,ENSG00000125743,gencode
RTN2,ENSG00000125744,gencode
EML2,ENSG00000125746,gencode
VASP,ENSG00000125753,gencode
SYMPK,ENSG00000125755,gencode
GPCPD1,ENSG00000125772,gencode
SDCBP2,ENSG00000125775,gencode
PANK2,ENSG00000125779,gencode
TGM3,ENSG00000125780,gencode
GNRH2,ENSG00000125787,gencode
DEFB126,ENSG00000125788,gencode
FOXA2,ENSG00000125798,gencode
CD93,ENSG00000125810,gencode
GZF1,ENSG00000125812,gencode
PAX1,ENSG00000125813,gencode
NAPB,ENSG00000125814,gencode
CST8,ENSG00000125815,gencode
NKX2-4,ENSG00000125816,gencode
CENPB,ENSG00000125817,gencode
PSMF1,ENSG00000125818,gencode
NKX2-2,ENSG00000125820,gencode
DTD1,ENSG00000125821,gencode
CSTL1,ENSG00000125823,gencode
RBCK1,ENSG00000125826,gencode
TMX4,ENSG00000125827,gencode
CST11,ENSG00000125831,gencode
STK35,ENSG00000125834,gencode
SNRPB,ENSG00000125835,gencode
NRSN2,ENSG00000125841,gencode
AP5S1,ENSG00000125843,gencode
RRBP1,ENSG00000125844,gencode
BMP2,ENSG00000125845,gencode
ZNF133,ENSG00000125846,gencode
FLRT3,ENSG00000125848,gencode
OVOL2,ENSG00000125850,gencode
PCSK2,ENSG00000125851,gencode
GFRA4,ENSG00000125861,gencode
MKKS,ENSG00000125863,gencode
BFSP1,ENSG00000125864,gencode
DSTN,ENSG00000125868,gencode
LAMP5,ENSG00000125869,gencode
SNRPB2,ENSG00000125870,gencode
MGME1,ENSG00000125871,gencode
LRRN4,ENSG00000125872,gencode
TBC1D20,ENSG00000125875,gencode
ITPA,ENSG00000125877,gencode
TCF15,ENSG00000125878,gencode
OTOR,ENSG00000125879,gencode
MCM8,ENSG00000125885,gencode
BANF2,ENSG00000125888,gencode
TMEM74B,ENSG00000125895,gencode
FAM110A,ENSG00000125898,gencode
SIRPD,ENSG00000125900,gencode
DEFB129,ENSG00000125903,gencode
S1PR4,ENSG00000125910,gencode
NCLN,ENSG00000125912,gencode
CITED1,ENSG00000125931,gencode
HNRNPR,ENSG00000125944,gencode
ZNF436,ENSG00000125945,gencode
MAX,ENSG00000125952,gencode
ARMCX5,ENSG00000125962,gencode
GDF5,ENSG00000125965,gencode
MMP24,ENSG00000125966,gencode
NECAB3,ENSG00000125967,gencode
ID1,ENSG00000125968,gencode
RALY,ENSG00000125970,gencode
DYNLRB1,ENSG00000125971,gencode
C20orf173,ENSG00000125975,gencode
EIF2S2,ENSG00000125977,gencode
ERGIC3,ENSG00000125991,gencode
ROMO1,ENSG00000125995,gencode
FAM83C,ENSG00000125998,gencode
BPIFB1,ENSG00000125999,gencode
CEP250,ENSG00000126001,gencode
PLAGL2,ENSG00000126003,gencode
MMP24OS,ENSG00000126005,gencode
GRPR,ENSG00000126010,gencode
KDM5C,ENSG00000126012,gencode
AMOT,ENSG00000126016,gencode
TMEM115,ENSG00000126062,gencode
PSMB2,ENSG00000126067,gencode
AGO3,ENSG00000126070,gencode
UROD,ENSG00000126088,gencode
ST3GAL3,ENSG00000126091,gencode
TMEM53,ENSG00000126106,gencode
HECTD3,ENSG00000126107,gencode
KLC1,ENSG00000126214,gencode
XRCC3,ENSG00000126215,gencode
TUBGCP3,ENSG00000126216,gencode
MCF2L,ENSG00000126217,gencode
F10,ENSG00000126218,gencode
PCID2,ENSG00000126226,gencode
PROZ,ENSG00000126231,gencode
SLURP1,ENSG00000126233,gencode
LRFN3,ENSG00000126243,gencode
IGFLR1,ENSG00000126246,gencode
CAPNS1,ENSG00000126247,gencode
PDCD2L,ENSG00000126249,gencode
GPR42,ENSG00000126251,gencode
RBM42,ENSG00000126254,gencode
KIRREL2,ENSG00000126259,gencode
UBA2,ENSG00000126261,gencode
FFAR2,ENSG00000126262,gencode
HCST,ENSG00000126264,gencode
FFAR1,ENSG00000126266,gencode
COX6B1,ENSG00000126267,gencode
KRT36,ENSG00000126337,gencode
THRA,ENSG00000126351,gencode
CCR7,ENSG00000126353,gencode
NR1D1,ENSG00000126368,gencode
FRMD8,ENSG00000126391,gencode
PRDX5,ENSG00000126432,gencode
BCL2L12,ENSG00000126453,gencode
IRF3,ENSG00000126456,gencode
PRMT1,ENSG00000126457,gencode
RRAS,ENSG00000126458,gencode
PRRG2,ENSG00000126460,gencode
SCAF1,ENSG00000126461,gencode
PRR12,ENSG00000126464,gencode
TSKS,ENSG00000126467,gencode
FLRT1,ENSG00000126500,gencode
ASL,ENSG00000126522,gencode
SBDS,ENSG00000126524,gencode
CSN1S1,ENSG00000126545,gencode
STATH,ENSG00000126549,gencode
HTN1,ENSG00000126550,gencode
STAT5A,ENSG00000126561,gencode
WNK4,ENSG00000126562,gencode
BECN1,ENSG00000126581,gencode
PRKCG,ENSG00000126583,gencode
TRAP1,ENSG00000126602,gencode
GLIS2,ENSG00000126603,gencode
NSRP1,ENSG00000126653,gencode
DNAJC8,ENSG00000126698,gencode
AHDC1,ENSG00000126705,gencode
IFI6,ENSG00000126709,gencode
DACH2,ENSG00000126733,gencode
ZNF384,ENSG00000126746,gencode
EMG1,ENSG00000126749,gencode
SSX1,ENSG00000126752,gencode
UXT,ENSG00000126756,gencode
CFP,ENSG00000126759,gencode
ELK1,ENSG00000126767,gencode
TIMM17B,ENSG00000126768,gencode
PCNX4,ENSG00000126773,gencode
ATG14,ENSG00000126775,gencode
KTN1,ENSG00000126777,gencode
SIX1,ENSG00000126778,gencode
RHOJ,ENSG00000126785,gencode
DLGAP5,ENSG00000126787,gencode
L3HYPDH,ENSG00000126790,gencode
HSPA2,ENSG00000126803,gencode
ZBTB1,ENSG00000126804,gencode
TRMT5,ENSG00000126814,gencode
SGPP1,ENSG00000126821,gencode
PLEKHG3,ENSG00000126822,gencode
PZP,ENSG00000126838,gencode
PRDM7,ENSG00000126856,gencode
RHOT1,ENSG00000126858,gencode
EVI2A,ENSG00000126860,gencode
OMG,ENSG00000126861,gencode
WDR60,ENSG00000126870,gencode
AIF1L,ENSG00000126878,gencode
FAM78A,ENSG00000126882,gencode
NUP214,ENSG00000126883,gencode
CTAG2,ENSG00000126890,gencode
AVPR2,ENSG00000126895,gencode
SLC10A3,ENSG00000126903,gencode
MAP2K2,ENSG00000126934,gencode
HNRNPH2,ENSG00000126945,gencode
ARMCX1,ENSG00000126947,gencode
TMEM35A,ENSG00000126950,gencode
NXF5,ENSG00000126952,gencode
TIMM8A,ENSG00000126953,gencode
ZC4H2,ENSG00000126970,gencode
CANX,ENSG00000127022,gencode
INTS11,ENSG00000127054,gencode
RGS13,ENSG00000127074,gencode
IPPK,ENSG00000127080,gencode
ZNF484,ENSG00000127081,gencode
OMD,ENSG00000127083,gencode
FGD3,ENSG00000127084,gencode
HIVEP3,ENSG00000127124,gencode
PPCS,ENSG00000127125,gencode
EDN2,ENSG00000127129,gencode
BCL11B,ENSG00000127152,gencode
COX7C,ENSG00000127184,gencode
TRAF2,ENSG00000127191,gencode
ABHD8,ENSG00000127220,gencode
MASP1,ENSG00000127241,gencode
ATP13A4,ENSG00000127249,gencode
PLAAT1,ENSG00000127252,gencode
HELB,ENSG00000127311,gencode
IL22,ENSG00000127318,gencode
TSPAN8,ENSG00000127324,gencode
BEST3,ENSG00000127325,gencode
RAB3IP,ENSG00000127328,gencode
PTPRB,ENSG00000127329,gencode
DYRK2,ENSG00000127334,gencode
YEATS4,ENSG00000127337,gencode
TAS2R4,ENSG00000127364,gencode
CRYGN,ENSG00000127377,gencode
LRRC61,ENSG00000127399,gencode
TRPV5,ENSG00000127412,gencode
IDUA,ENSG00000127415,gencode
FGFRL1,ENSG00000127418,gencode
TMEM175,ENSG00000127419,gencode
AUNIP,ENSG00000127423,gencode
PIN1,ENSG00000127445,gencode
FBXL12,ENSG00000127452,gencode
EMC1,ENSG00000127463,gencode
PLA2G5,ENSG00000127472,gencode
UBR4,ENSG00000127481,gencode
HP1BP3,ENSG00000127483,gencode
ADGRE2,ENSG00000127507,gencode
SIN3B,ENSG00000127511,gencode
OR7A10,ENSG00000127515,gencode
SLC35E1,ENSG00000127526,gencode
EPS15L1,ENSG00000127527,gencode
KLF2,ENSG00000127528,gencode
OR7C2,ENSG00000127529,gencode
OR7C1,ENSG00000127530,gencode
F2RL3,ENSG00000127533,gencode
UQCR11,ENSG00000127540,gencode
GFER,ENSG00000127554,gencode
SYNGR3,ENSG00000127561,gencode
PKMYT1,ENSG00000127564,gencode
WFIKKN1,ENSG00000127578,gencode
WDR24,ENSG00000127580,gencode
FBXL16,ENSG00000127585,gencode
CHTF18,ENSG00000127586,gencode
GNG13,ENSG00000127588,gencode
MACF1,ENSG00000127603,gencode
SMARCA4,ENSG00000127616,gencode
KDM4B,ENSG00000127663,gencode
TICAM1,ENSG00000127666,gencode
METTL25,ENSG00000127720,gencode
IL17B,ENSG00000127743,gencode
EMC6,ENSG00000127774,gencode
OR1E2,ENSG00000127780,gencode
METTL16,ENSG00000127804,gencode
TUBA4A,ENSG00000127824,gencode
VIL1,ENSG00000127831,gencode
AAMP,ENSG00000127837,gencode
PNKD,ENSG00000127838,gencode
TNFRSF19,ENSG00000127863,gencode
RNF6,ENSG00000127870,gencode
ECHS1,ENSG00000127884,gencode
ZNF835,ENSG00000127903,gencode
AKAP9,ENSG00000127914,gencode
GNG11,ENSG00000127920,gencode
SEM1,ENSG00000127922,gencode
GNGT1,ENSG00000127928,gencode
HIP1,ENSG00000127946,gencode
PTPN12,ENSG00000127947,gencode
POR,ENSG00000127948,gencode
FGL2,ENSG00000127951,gencode
STYXL1,ENSG00000127952,gencode
STEAP4,ENSG00000127954,gencode
GNAI1,ENSG00000127955,gencode
PEX1,ENSG00000127980,gencode
MTERF1,ENSG00000127989,gencode
SGCE,ENSG00000127990,gencode
RBM48,ENSG00000127993,gencode
CASD1,ENSG00000127995,gencode
ZNF780B,ENSG00000128000,gencode
LRFN1,ENSG00000128011,gencode
ZFP36,ENSG00000128016,gencode
SRD5A3,ENSG00000128039,gencode
SPINK2,ENSG00000128040,gencode
RASL11B,ENSG00000128045,gencode
PAICS,ENSG00000128050,gencode
KDR,ENSG00000128052,gencode
PPAT,ENSG00000128059,gencode
TUBGCP6,ENSG00000128159,gencode
ADM2,ENSG00000128165,gencode
DGCR6L,ENSG00000128185,gencode
DGCR8,ENSG00000128191,gencode
ASPHD2,ENSG00000128203,gencode
VPREB3,ENSG00000128218,gencode
SDF2L1,ENSG00000128228,gencode
GAL3ST1,ENSG00000128242,gencode
YWHAH,ENSG00000128245,gencode
RFPL1,ENSG00000128250,gencode
RFPL2,ENSG00000128253,gencode
GNAZ,ENSG00000128266,gencode
MGAT3,ENSG00000128268,gencode
ADORA2A,ENSG00000128271,gencode
ATF4,ENSG00000128272,gencode
A4GALT,ENSG00000128274,gencode
RFPL3,ENSG00000128276,gencode
CDC42EP1,ENSG00000128283,gencode
APOL3,ENSG00000128284,gencode
MCHR1,ENSG00000128285,gencode
TPST2,ENSG00000128294,gencode
BAIAP2L2,ENSG00000128298,gencode
MPST,ENSG00000128309,gencode
GALR3,ENSG00000128310,gencode
TST,ENSG00000128311,gencode
APOL5,ENSG00000128313,gencode
IGLL1,ENSG00000128322,gencode
APOL2,ENSG00000128335,gencode
RAC2,ENSG00000128340,gencode
LIF,ENSG00000128342,gencode
C22orf23,ENSG00000128346,gencode
APOBEC3A,ENSG00000128383,gencode
APOBEC3F,ENSG00000128394,gencode
RIBC2,ENSG00000128408,gencode
KRT17,ENSG00000128422,gencode
EMC4,ENSG00000128463,gencode
RNF112,ENSG00000128482,gencode
SPECC1,ENSG00000128487,gencode
CPA4,ENSG00000128510,gencode
DOCK4,ENSG00000128512,gencode
POT1,ENSG00000128513,gencode
TAS2R16,ENSG00000128519,gencode
ATP6V1F,ENSG00000128524,gencode
LSM8,ENSG00000128534,gencode
CDHR3,ENSG00000128536,gencode
VGF,ENSG00000128564,gencode
PODXL,ENSG00000128567,gencode
FOXP2,ENSG00000128573,gencode
STRIP2,ENSG00000128578,gencode
IFT22,ENSG00000128581,gencode
MKLN1,ENSG00000128585,gencode
DNAJB9,ENSG00000128590,gencode
FLNC,ENSG00000128591,gencode
LRRC4,ENSG00000128594,gencode
CALU,ENSG00000128595,gencode
CCDC136,ENSG00000128596,gencode
SMO,ENSG00000128602,gencode
IRF5,ENSG00000128604,gencode
LRRC17,ENSG00000128606,gencode
KLHDC10,ENSG00000128607,gencode
NDUFA5,ENSG00000128609,gencode
FEZF1,ENSG00000128610,gencode
OPN1SW,ENSG00000128617,gencode
MYO1B,ENSG00000128641,gencode
HOXD1,ENSG00000128645,gencode
HOXD3,ENSG00000128652,gencode
MTX2,ENSG00000128654,gencode
PDE11A,ENSG00000128655,reference_var
CHN1,ENSG00000128656,gencode
GAD1,ENSG00000128683,gencode
OSGEPL1,ENSG00000128694,gencode
ORMDL1,ENSG00000128699,gencode
HAT1,ENSG00000128708,gencode
HOXD9,ENSG00000128709,gencode
HOXD10,ENSG00000128710,gencode
HOXD11,ENSG00000128713,gencode
HOXD13,ENSG00000128714,gencode
HERC2,ENSG00000128731,gencode
SNRPN,ENSG00000128739,gencode
PSMG2,ENSG00000128789,gencode
TWSG1,ENSG00000128791,gencode
ARHGAP22,ENSG00000128805,gencode
WDFY4,ENSG00000128815,gencode
EIF2AK4,ENSG00000128829,gencode
MYO5C,ENSG00000128833,gencode
CGNL1,ENSG00000128849,gencode
TMOD2,ENSG00000128872,gencode
TTBK2,ENSG00000128881,gencode
ELL3,ENSG00000128886,gencode
CCDC32,ENSG00000128891,gencode
INO80,ENSG00000128908,gencode
ICE2,ENSG00000128915,gencode
DLL4,ENSG00000128917,gencode
ALDH1A2,ENSG00000128918,gencode
MINDY2,ENSG00000128923,gencode
IVD,ENSG00000128928,gencode
KNSTRN,ENSG00000128944,gencode
DUT,ENSG00000128951,gencode
CHAC1,ENSG00000128965,gencode
CLN6,ENSG00000128973,gencode
ARPP19,ENSG00000128989,gencode
VPS13C,ENSG00000129003,gencode
CALML4,ENSG00000129007,gencode
ISLR,ENSG00000129009,gencode
THAP10,ENSG00000129028,gencode
LOXL1,ENSG00000129038,gencode
ACKR4,ENSG00000129048,gencode
ANAPC13,ENSG00000129055,gencode
MBD4,ENSG00000129071,gencode
COPB1,ENSG00000129083,gencode
PSMA1,ENSG00000129084,gencode
SUMF2,ENSG00000129103,gencode
PALLD,ENSG00000129116,gencode
SPCS3,ENSG00000129128,gencode
BBOX1,ENSG00000129151,gencode
MYOD1,ENSG00000129152,gencode
SERGEF,ENSG00000129158,gencode
KCNC1,ENSG00000129159,gencode
TPH1,ENSG00000129167,gencode
CSRP3,ENSG00000129170,gencode
E2F8,ENSG00000129173,gencode
DCTD,ENSG00000129187,gencode
SOX15,ENSG00000129194,gencode
PIMREG,ENSG00000129195,gencode
RPAIN,ENSG00000129197,gencode
USP6,ENSG00000129204,gencode
SHBG,ENSG00000129214,gencode
PLD2,ENSG00000129219,gencode
AIPL1,ENSG00000129221,gencode
CD68,ENSG00000129226,gencode
TXNDC17,ENSG00000129235,gencode
ATP1B2,ENSG00000129244,gencode
FXR2,ENSG00000129245,gencode
KIF1C,ENSG00000129250,gencode
MPDU1,ENSG00000129255,gencode
PHF20L1,ENSG00000129292,gencode
LRRC6,ENSG00000129295,gencode
CCNT1,ENSG00000129315,gencode
PUS7L,ENSG00000129317,gencode
KRI1,ENSG00000129347,gencode
ILF3,ENSG00000129351,gencode
SLC44A2,ENSG00000129353,gencode
AP1M2,ENSG00000129354,gencode
CDKN2D,ENSG00000129355,gencode
MTUS1,ENSG00000129422,gencode
KLK14,ENSG00000129437,gencode
SIGLEC9,ENSG00000129450,gencode
KLK10,ENSG00000129451,gencode
KLK8,ENSG00000129455,gencode
NGDN,ENSG00000129460,gencode
RIPK3,ENSG00000129465,gencode
ADCY4,ENSG00000129467,gencode
RAB2B,ENSG00000129472,gencode
BCL2L2,ENSG00000129473,gencode
AJUBA,ENSG00000129474,gencode
DTD2,ENSG00000129480,gencode
PARP2,ENSG00000129484,gencode
HEATR5A,ENSG00000129493,gencode
FOXA1,ENSG00000129514,gencode
SNX6,ENSG00000129515,gencode
EAPP,ENSG00000129518,gencode
EGLN3,ENSG00000129521,gencode
MIS18BP1,ENSG00000129534,gencode
NRL,ENSG00000129535,gencode
RNASE1,ENSG00000129538,gencode
NEDD8,ENSG00000129559,gencode
DAD1,ENSG00000129562,gencode
TEP1,ENSG00000129566,gencode
EPB41L4A,ENSG00000129595,gencode
CDO1,ENSG00000129596,gencode
REEP5,ENSG00000129625,gencode
ITFG1,ENSG00000129636,gencode
QRICH2,ENSG00000129646,gencode
FOXJ1,ENSG00000129654,gencode
SEC14L1,ENSG00000129657,gencode
RHBDF2,ENSG00000129667,gencode
AANAT,ENSG00000129673,gencode
ARHGEF6,ENSG00000129675,gencode
MAP7D3,ENSG00000129680,gencode
FGF13,ENSG00000129682,gencode
ASH2L,ENSG00000129691,gencode
TTI2,ENSG00000129696,gencode
ART1,ENSG00000129744,gencode
CHRNA10,ENSG00000129749,gencode
CDKN1C,ENSG00000129757,gencode
SGO1,ENSG00000129810,gencode
CDH15,ENSG00000129910,gencode
KLF16,ENSG00000129911,gencode
TMEM8A,ENSG00000129925,gencode
DOHH,ENSG00000129932,gencode
MAU2,ENSG00000129933,gencode
SHC2,ENSG00000129946,gencode
PLPPR3,ENSG00000129951,gencode
ABHD17A,ENSG00000129968,gencode
LBP,ENSG00000129988,gencode
SYT5,ENSG00000129990,gencode
TNNI3,ENSG00000129991,gencode
CBFA2T3,ENSG00000129993,gencode
GAMT,ENSG00000130005,gencode
PUDP,ENSG00000130021,gencode
ERMARD,ENSG00000130023,gencode
PHF10,ENSG00000130024,gencode
PRRG3,ENSG00000130032,gencode
GALNT8,ENSG00000130035,gencode
KCNA5,ENSG00000130037,gencode
CRACR2A,ENSG00000130038,gencode
NXNL2,ENSG00000130045,gencode
STARD8,ENSG00000130052,gencode
FAM155B,ENSG00000130054,gencode
GDPD2,ENSG00000130055,gencode
SAT1,ENSG00000130066,gencode
GNL3L,ENSG00000130119,gencode
SH3BP4,ENSG00000130147,gencode
MOSPD2,ENSG00000130150,gencode
DOCK6,ENSG00000130158,gencode
ECSIT,ENSG00000130159,gencode
LDLR,ENSG00000130164,gencode
ELOF1,ENSG00000130165,gencode
TSPAN16,ENSG00000130167,gencode
ANGPTL8,ENSG00000130173,gencode
PRKCSH,ENSG00000130175,gencode
CNN1,ENSG00000130176,gencode
CDC16,ENSG00000130177,gencode
ZSCAN10,ENSG00000130182,gencode
THEM6,ENSG00000130193,gencode
NECTIN2,ENSG00000130202,gencode
APOE,ENSG00000130203,gencode
TOMM40,ENSG00000130204,gencode
APOC1,ENSG00000130208,gencode
GADD45G,ENSG00000130222,gencode
LRCH2,ENSG00000130224,gencode
DPP6,ENSG00000130226,gencode
XPO7,ENSG00000130227,gencode
ACE2,ENSG00000130234,gencode
FAM98C,ENSG00000130244,gencode
SAFB2,ENSG00000130254,gencode
ATP8B3,ENSG00000130270,gencode
GDF1,ENSG00000130283,gencode
NCAN,ENSG00000130287,gencode
KIF1A,ENSG00000130294,gencode
GTPBP3,ENSG00000130299,gencode
PLVAP,ENSG00000130300,gencode
BST2,ENSG00000130303,gencode
SLC27A1,ENSG00000130304,gencode
NSUN5,ENSG00000130305,gencode
USHBP1,ENSG00000130307,gencode
COLGALT1,ENSG00000130309,gencode
DDA1,ENSG00000130311,gencode
PGLS,ENSG00000130313,gencode
LSM7,ENSG00000130332,gencode
TULP4,ENSG00000130338,gencode
SNX9,ENSG00000130340,gencode
RTN4IP1,ENSG00000130347,gencode
QRSL1,ENSG00000130348,gencode
MTRES1,ENSG00000130349,gencode
RSPH3,ENSG00000130363,gencode
MAS1,ENSG00000130368,gencode
ACSBG2,ENSG00000130377,gencode
MLLT1,ENSG00000130382,gencode
FUT5,ENSG00000130383,gencode
BMP15,ENSG00000130385,gencode
AFDN,ENSG00000130396,gencode
ACTN4,ENSG00000130402,gencode
STK33,ENSG00000130413,gencode
NDUFA10,ENSG00000130414,gencode
EPO,ENSG00000130427,gencode
ARPC1B,ENSG00000130429,gencode
CACNG6,ENSG00000130433,gencode
ZSWIM6,ENSG00000130449,gencode
FCHO1,ENSG00000130475,gencode
UNC13A,ENSG00000130477,gencode
MAP1S,ENSG00000130479,gencode
KLHDC7B,ENSG00000130487,gencode
PXDN,ENSG00000130508,gencode
SSBP4,ENSG00000130511,gencode
GDF15,ENSG00000130513,gencode
PGPEP1,ENSG00000130517,gencode
IQCN,ENSG00000130518,gencode
LSM4,ENSG00000130520,gencode
JUND,ENSG00000130522,gencode
HRC,ENSG00000130528,gencode
TRPM4,ENSG00000130529,gencode
OR11H1,ENSG00000130538,gencode
SULT4A1,ENSG00000130540,gencode
ZNF557,ENSG00000130544,gencode
CRB3,ENSG00000130545,gencode
OLFM1,ENSG00000130558,gencode
CAMSAP1,ENSG00000130559,gencode
UBAC1,ENSG00000130560,gencode
SAG,ENSG00000130561,gencode
ZBTB46,ENSG00000130584,gencode
HELZ2,ENSG00000130589,gencode
SAMD10,ENSG00000130590,gencode
LSP1,ENSG00000130592,gencode
TNNT3,ENSG00000130595,gencode
TNNI2,ENSG00000130598,gencode
COL5A1,ENSG00000130635,gencode
ATXN10,ENSG00000130638,gencode
TUBGCP2,ENSG00000130640,gencode
CALY,ENSG00000130643,gencode
CYP2E1,ENSG00000130649,gencode
PNPLA7,ENSG00000130653,gencode
HBZ,ENSG00000130656,gencode
PAK4,ENSG00000130669,gencode
MNX1,ENSG00000130675,gencode
ZNF337,ENSG00000130684,gencode
CEP85,ENSG00000130695,gencode
TAF4,ENSG00000130699,gencode
GATA5,ENSG00000130700,gencode
RBBP8NL,ENSG00000130701,gencode
LAMA5,ENSG00000130702,gencode
OSBPL2,ENSG00000130703,gencode
ADRM1,ENSG00000130706,gencode
ASS1,ENSG00000130707,gencode
EXOSC2,ENSG00000130713,gencode
POMT1,ENSG00000130714,gencode
UCK1,ENSG00000130717,gencode
FIBCD1,ENSG00000130720,gencode
PRRC2B,ENSG00000130723,gencode
CHMP2A,ENSG00000130724,gencode
UBE2M,ENSG00000130725,gencode
TRIM28,ENSG00000130726,gencode
METTL26,ENSG00000130731,gencode
YIPF2,ENSG00000130733,gencode
ATG4D,ENSG00000130734,gencode
EIF2S3,ENSG00000130741,gencode
TMEM160,ENSG00000130748,gencode
ZC3H4,ENSG00000130749,gencode
NPAS1,ENSG00000130751,gencode
GMFG,ENSG00000130755,gencode
MAP3K10,ENSG00000130758,gencode
ARHGEF16,ENSG00000130762,gencode
LRRC47,ENSG00000130764,gencode
SESN2,ENSG00000130766,gencode
SMPDL3B,ENSG00000130768,gencode
ATP5IF1,ENSG00000130770,gencode
MED18,ENSG00000130772,gencode
THEMIS2,ENSG00000130775,gencode
CLIP1,ENSG00000130779,gencode
CCDC62,ENSG00000130783,gencode
HIP1R,ENSG00000130787,gencode
ZNF317,ENSG00000130803,gencode
PPAN,ENSG00000130810,gencode
EIF3G,ENSG00000130811,gencode
ANGPTL6,ENSG00000130812,gencode
SHFL,ENSG00000130813,gencode
DNMT1,ENSG00000130816,gencode
ZNF426,ENSG00000130818,gencode
SLC6A8,ENSG00000130821,gencode
PNCK,ENSG00000130822,gencode
DKC1,ENSG00000130826,gencode
PLXNA3,ENSG00000130827,gencode
DUSP9,ENSG00000130829,gencode
MPP1,ENSG00000130830,gencode
ZNF331,ENSG00000130844,gencode
ZNF236,ENSG00000130856,gencode
SLC7A10,ENSG00000130876,gencode
LRP3,ENSG00000130881,gencode
C12orf65,ENSG00000130921,gencode
NOL11,ENSG00000130935,gencode
UBE4B,ENSG00000130939,gencode
CASZ1,ENSG00000130940,gencode
PKDREJ,ENSG00000130943,gencode
HSD17B3,ENSG00000130948,gencode
NUTM2F,ENSG00000130950,gencode
HABP4,ENSG00000130956,gencode
FBP2,ENSG00000130957,gencode
SLC35D2,ENSG00000130958,gencode
PRRG1,ENSG00000130962,gencode
UBA1,ENSG00000130985,gencode
RGN,ENSG00000130988,gencode
POLN,ENSG00000130997,gencode
PPIL4,ENSG00000131013,gencode
ULBP2,ENSG00000131015,gencode
AKAP12,ENSG00000131016,gencode
SYNE1,ENSG00000131018,gencode
ULBP3,ENSG00000131019,gencode
LATS1,ENSG00000131023,gencode
EPS8L1,ENSG00000131037,gencode
LILRB2,ENSG00000131042,gencode
AAR2,ENSG00000131043,gencode
TTLL9,ENSG00000131044,gencode
BPIFA2,ENSG00000131050,gencode
RBM39,ENSG00000131051,gencode
COX4I2,ENSG00000131055,gencode
BPIFA3,ENSG00000131059,gencode
ZNF341,ENSG00000131061,gencode
GGT7,ENSG00000131067,gencode
DEFB118,ENSG00000131068,gencode
ACSS2,ENSG00000131069,gencode
EDA2R,ENSG00000131080,gencode
ARHGEF9,ENSG00000131089,gencode
C1QL1,ENSG00000131094,gencode
GFAP,ENSG00000131095,gencode
PYY,ENSG00000131096,gencode
HIGD1B,ENSG00000131097,gencode
ATP6V1E1,ENSG00000131100,gencode
ZNF227,ENSG00000131115,gencode
ZNF428,ENSG00000131116,gencode
TEX101,ENSG00000131126,gencode
ZNF141,ENSG00000131127,gencode
CCL25,ENSG00000131142,gencode
COX4I1,ENSG00000131143,gencode
EMC8,ENSG00000131148,gencode
GSE1,ENSG00000131149,gencode
GINS2,ENSG00000131153,gencode
CHMP1A,ENSG00000131165,gencode
SH3BGRL,ENSG00000131171,gencode
COX7B,ENSG00000131174,gencode
SLC34A1,ENSG00000131183,gencode
F12,ENSG00000131187,gencode
PRR7,ENSG00000131188,gencode
NFATC1,ENSG00000131196,gencode
IDO1,ENSG00000131203,gencode
GJA9,ENSG00000131233,gencode
CAP1,ENSG00000131236,gencode
PPT1,ENSG00000131238,gencode
RAB11FIP4,ENSG00000131242,gencode
RLIM,ENSG00000131263,gencode
CDX4,ENSG00000131264,gencode
ABCB7,ENSG00000131269,gencode
TRAF3,ENSG00000131323,gencode
HAUS8,ENSG00000131351,gencode
ADGRE3,ENSG00000131355,gencode
SH3BP5,ENSG00000131370,gencode
HACL1,ENSG00000131373,gencode
TBC1D5,ENSG00000131374,gencode
CAPN7,ENSG00000131375,gencode
RFTN1,ENSG00000131378,gencode
C3orf20,ENSG00000131379,gencode
RBSN,ENSG00000131381,gencode
GALNT15,ENSG00000131386,gencode
SLC6A6,ENSG00000131389,gencode
KCNC3,ENSG00000131398,gencode
NAPSA,ENSG00000131400,gencode
NR1H2,ENSG00000131408,gencode
LRRC4B,ENSG00000131409,gencode
PDLIM4,ENSG00000131435,gencode
KIF3A,ENSG00000131437,gencode
MGAT1,ENSG00000131446,gencode
GFPT2,ENSG00000131459,gencode
TUBG1,ENSG00000131462,gencode
PSME3,ENSG00000131467,gencode
PSMC3IP,ENSG00000131470,gencode
AOC3,ENSG00000131471,gencode
ACLY,ENSG00000131473,gencode
VPS25,ENSG00000131475,gencode
RAMP2,ENSG00000131477,gencode
AOC2,ENSG00000131480,gencode
G6PC,ENSG00000131482,gencode
NDUFA2,ENSG00000131495,gencode
ANKHD1,ENSG00000131503,gencode
DIAPH1,ENSG00000131504,gencode
NDFIP1,ENSG00000131507,gencode
UBE2D2,ENSG00000131508,gencode
EXOC4,ENSG00000131558,gencode
ACAP3,ENSG00000131584,gencode
C1orf159,ENSG00000131591,gencode
ANO1,ENSG00000131620,gencode
TMEM204,ENSG00000131634,gencode
KREMEN2,ENSG00000131650,gencode
THOC6,ENSG00000131652,gencode
TRAF7,ENSG00000131653,gencode
BARX1,ENSG00000131668,gencode
NINJ1,ENSG00000131669,gencode
CA6,ENSG00000131686,gencode
NPHP4,ENSG00000131697,gencode
MAP1B,ENSG00000131711,gencode
IL13RA1,ENSG00000131724,gencode
WDR44,ENSG00000131725,gencode
CKMT2,ENSG00000131730,gencode
ZCCHC9,ENSG00000131732,gencode
KRT34,ENSG00000131737,gencode
KRT33B,ENSG00000131738,gencode
TNS4,ENSG00000131746,gencode
TOP2A,ENSG00000131747,gencode
STARD3,ENSG00000131748,gencode
RARA,ENSG00000131759,gencode
PPP1R1B,ENSG00000131771,gencode
KHDRBS3,ENSG00000131773,gencode
PEX11B,ENSG00000131779,gencode
FMO5,ENSG00000131781,gencode
PIAS3,ENSG00000131788,gencode
PRKAB2,ENSG00000131791,gencode
FSHB,ENSG00000131808,gencode
PDHA1,ENSG00000131828,gencode
RAI2,ENSG00000131831,gencode
MCCC2,ENSG00000131844,gencode
ZNF304,ENSG00000131845,gencode
ZSCAN5A,ENSG00000131848,gencode
ZNF132,ENSG00000131849,gencode
USP29,ENSG00000131864,gencode
SELENOS,ENSG00000131871,gencode
CHSY1,ENSG00000131873,gencode
SNRPA1,ENSG00000131876,gencode
LLGL1,ENSG00000131899,gencode
NR0B2,ENSG00000131910,gencode
LIN28A,ENSG00000131914,gencode
THAP1,ENSG00000131931,gencode
RHPN2,ENSG00000131941,gencode
C19orf12,ENSG00000131943,gencode
FAAP24,ENSG00000131944,gencode
LRRC9,ENSG00000131951,gencode
ACTR10,ENSG00000131966,gencode
ABHD12B,ENSG00000131969,gencode
GCH1,ENSG00000131979,gencode
LGALS3,ENSG00000131981,gencode
PODNL1,ENSG00000132000,gencode
DNAJB1,ENSG00000132002,gencode
ZSWIM4,ENSG00000132003,gencode
FBXW9,ENSG00000132004,gencode
RFX1,ENSG00000132005,gencode
ZNF20,ENSG00000132010,gencode
C19orf57,ENSG00000132016,gencode
DCAF15,ENSG00000132017,gencode
CC2D1A,ENSG00000132024,gencode
RTBDN,ENSG00000132026,gencode
MATN3,ENSG00000132031,gencode
TRIM21,ENSG00000132109,gencode
SPATA6,ENSG00000132122,gencode
LRRC41,ENSG00000132128,gencode
CCT6B,ENSG00000132141,gencode
DHX30,ENSG00000132153,gencode
RAF1,ENSG00000132155,gencode
SLC6A11,ENSG00000132164,gencode
PPARG,ENSG00000132170,gencode
NUP210,ENSG00000132182,gencode
FCRLA,ENSG00000132185,gencode
HSD17B7,ENSG00000132196,gencode
ENOSF1,ENSG00000132199,gencode
EMILIN2,ENSG00000132205,gencode
ARFIP2,ENSG00000132254,gencode
TRIM5,ENSG00000132256,gencode
CNGA4,ENSG00000132259,gencode
TRIM22,ENSG00000132274,gencode
RRP8,ENSG00000132275,gencode
TIMM10B,ENSG00000132286,gencode
EFR3A,ENSG00000132294,gencode
HHLA1,ENSG00000132297,gencode
PTCD3,ENSG00000132300,gencode
IMMT,ENSG00000132305,gencode
IQCA1,ENSG00000132321,gencode
ILKAP,ENSG00000132323,gencode
PER2,ENSG00000132326,gencode
RAMP1,ENSG00000132329,gencode
SCLY,ENSG00000132330,gencode
PTPRE,ENSG00000132334,gencode
PRKAA1,ENSG00000132356,gencode
CARD6,ENSG00000132357,gencode
RAP1GAP2,ENSG00000132359,gencode
CLUH,ENSG00000132361,gencode
INPP5K,ENSG00000132376,gencode
MYBBP1A,ENSG00000132382,gencode
RPA1,ENSG00000132383,gencode
SERPINF1,ENSG00000132386,gencode
UBE2G1,ENSG00000132388,gencode
EEFSEC,ENSG00000132394,gencode
TBC1D14,ENSG00000132405,gencode
TMEM128,ENSG00000132406,gencode
COQ3,ENSG00000132423,gencode
PNISR,ENSG00000132424,gencode
POPDC3,ENSG00000132429,gencode
SEC61G,ENSG00000132432,gencode
LANCL2,ENSG00000132434,gencode
FIGNL1,ENSG00000132436,gencode
DDC,ENSG00000132437,gencode
FTHL17,ENSG00000132446,gencode
GRSF1,ENSG00000132463,gencode
ENAM,ENSG00000132464,gencode
JCHAIN,ENSG00000132465,gencode
ANKRD17,ENSG00000132466,gencode
UTP3,ENSG00000132467,gencode
ITGB4,ENSG00000132470,gencode
WBP2,ENSG00000132471,gencode
H3F3B,ENSG00000132475,gencode
UNK,ENSG00000132478,gencode
TRIM47,ENSG00000132481,gencode
ZRANB2,ENSG00000132485,gencode
KDM6B,ENSG00000132510,gencode
CLEC10A,ENSG00000132514,gencode
SLC52A1,ENSG00000132517,gencode
GPS2,ENSG00000132522,gencode
XAF1,ENSG00000132530,gencode
DLG4,ENSG00000132535,gencode
RIDA,ENSG00000132541,gencode
VPS13B,ENSG00000132549,gencode
RGS22,ENSG00000132554,gencode
MATN2,ENSG00000132561,gencode
REEP2,ENSG00000132563,gencode
PCBD2,ENSG00000132570,gencode
SDF2,ENSG00000132581,gencode
FLOT2,ENSG00000132589,gencode
ERAL1,ENSG00000132591,gencode
PRMT7,ENSG00000132600,gencode
NIP7,ENSG00000132603,gencode
TERF2,ENSG00000132604,gencode
VPS4A,ENSG00000132612,gencode
MTSS2,ENSG00000132613,gencode
HSPA12B,ENSG00000132622,gencode
ANKEF1,ENSG00000132623,gencode
SCP2D1,ENSG00000132631,gencode
PCED1A,ENSG00000132635,gencode
SNAP25,ENSG00000132639,gencode
BTBD3,ENSG00000132640,gencode
PCNA,ENSG00000132646,gencode
NXT1,ENSG00000132661,gencode
POLR3F,ENSG00000132664,gencode
RIN2,ENSG00000132669,gencode
PTPRA,ENSG00000132670,gencode
SSTR4,ENSG00000132671,gencode
DAP3,ENSG00000132676,gencode
RHBG,ENSG00000132677,gencode
KHDC4,ENSG00000132680,gencode
ATP1A4,ENSG00000132681,gencode
NES,ENSG00000132688,gencode
BCAN,ENSG00000132692,gencode
CRP,ENSG00000132693,gencode
ARHGEF11,ENSG00000132694,gencode
RAB25,ENSG00000132698,gencode
HAPLN2,ENSG00000132702,gencode
APCS,ENSG00000132703,gencode
FCRL2,ENSG00000132704,gencode
DCAF8,ENSG00000132716,gencode
SYT11,ENSG00000132718,gencode
ACY3,ENSG00000132744,gencode
ALDH3B2,ENSG00000132746,gencode
TESMIN,ENSG00000132749,gencode
MMACHC,ENSG00000132763,gencode
DPH2,ENSG00000132768,gencode
TOE1,ENSG00000132773,gencode
NASP,ENSG00000132780,gencode
MUTYH,ENSG00000132781,gencode
CTNNBL1,ENSG00000132792,gencode
LPIN3,ENSG00000132793,gencode
ZSWIM3,ENSG00000132801,gencode
RBM38,ENSG00000132819,gencode
VSTM2L,ENSG00000132821,gencode
OSER1,ENSG00000132823,gencode
SERINC3,ENSG00000132824,gencode
PPP1R3D,ENSG00000132825,gencode
DMGDH,ENSG00000132837,gencode
BHMT2,ENSG00000132840,gencode
AP3B1,ENSG00000132842,gencode
ZBED3,ENSG00000132846,gencode
PATJ,ENSG00000132849,gencode
KANK4,ENSG00000132854,gencode
ANGPTL3,ENSG00000132855,gencode
SYT4,ENSG00000132872,gencode
SLC14A2,ENSG00000132874,gencode
FBXO44,ENSG00000132879,gencode
CPLANE2,ENSG00000132881,gencode
CASP9,ENSG00000132906,gencode
NMUR2,ENSG00000132911,gencode
DCTN4,ENSG00000132912,gencode
PDE6A,ENSG00000132915,gencode
ATP8A2,ENSG00000132932,gencode
MTUS2,ENSG00000132938,gencode
ZMYM5,ENSG00000132950,gencode
USPL1,ENSG00000132952,gencode
XPO4,ENSG00000132953,gencode
TPTE2,ENSG00000132958,gencode
POMP,ENSG00000132963,gencode
CDK8,ENSG00000132964,gencode
ALOX5AP,ENSG00000132965,gencode
WASF3,ENSG00000132970,gencode
RNF17,ENSG00000132972,gencode
GPR12,ENSG00000132975,gencode
CHRM3,ENSG00000133019,gencode
MYH8,ENSG00000133020,gencode
MYH10,ENSG00000133026,gencode
PEMT,ENSG00000133027,gencode
SCO1,ENSG00000133028,gencode
MPRIP,ENSG00000133030,gencode
CHI3L1,ENSG00000133048,gencode
MYBPH,ENSG00000133055,gencode
PIK3C2B,ENSG00000133056,gencode
DSTYK,ENSG00000133059,gencode
CHIT1,ENSG00000133063,gencode
SLC41A1,ENSG00000133065,gencode
LGR6,ENSG00000133067,gencode
TMCC2,ENSG00000133069,gencode
DCLK1,ENSG00000133083,gencode
CCNA1,ENSG00000133101,gencode
COG6,ENSG00000133103,gencode
SPART,ENSG00000133104,gencode
RXFP2,ENSG00000133105,gencode
EPSTI1,ENSG00000133106,gencode
TRPC4,ENSG00000133107,gencode
POSTN,ENSG00000133110,gencode
RFXAP,ENSG00000133111,gencode
GPALPP1,ENSG00000133114,gencode
STOML3,ENSG00000133115,gencode
KL,ENSG00000133116,gencode
RFC3,ENSG00000133119,gencode
STARD13,ENSG00000133121,gencode
IRS4,ENSG00000133124,gencode
MORC4,ENSG00000133131,gencode
BEX2,ENSG00000133134,gencode
RNF128,ENSG00000133135,gencode
TBC1D8B,ENSG00000133138,gencode
TCEAL4,ENSG00000133142,gencode
BEX1,ENSG00000133169,gencode
FAM104A,ENSG00000133193,gencode
SLC39A11,ENSG00000133195,gencode
EPHB2,ENSG00000133216,gencode
SRRM1,ENSG00000133226,gencode
BTBD2,ENSG00000133243,gencode
PRAM1,ENSG00000133246,gencode
KMT5C,ENSG00000133247,gencode
ZNF414,ENSG00000133250,gencode
PDE6B,ENSG00000133256,gencode
HSPBP1,ENSG00000133265,gencode
CSNK1G2,ENSG00000133275,gencode
SLF1,ENSG00000133302,gencode
CNDP2,ENSG00000133313,gencode
MACROD1,ENSG00000133315,gencode
WDR74,ENSG00000133316,gencode
LGALS12,ENSG00000133317,gencode
RTN3,ENSG00000133318,gencode
PLAAT4,ENSG00000133321,gencode
PLAAT2,ENSG00000133328,gencode
MYH11,ENSG00000133392,gencode
FOPNL,ENSG00000133393,gencode
MED10,ENSG00000133398,gencode
PDZD2,ENSG00000133401,gencode
MORC2,ENSG00000133422,gencode
LARGE1,ENSG00000133424,gencode
GSTT2B,ENSG00000133433,gencode
MYO18B,ENSG00000133454,gencode
SLC2A11,ENSG00000133460,gencode
C1QTNF6,ENSG00000133466,gencode
GGT2,ENSG00000133475,gencode
FAM83F,ENSG00000133477,gencode
SEC14L4,ENSG00000133488,gencode
GIMAP6,ENSG00000133561,gencode
GIMAP4,ENSG00000133574,gencode
ADCK2,ENSG00000133597,gencode
MKRN1,ENSG00000133606,gencode
AGAP3,ENSG00000133612,gencode
KRBA1,ENSG00000133619,gencode
ACTR3B,ENSG00000133627,gencode
NTS,ENSG00000133636,gencode
BTG1,ENSG00000133639,gencode
LRRIQ1,ENSG00000133640,gencode
C12orf29,ENSG00000133641,gencode
ATP13A3,ENSG00000133657,gencode
SFTPD,ENSG00000133661,gencode
DYDC2,ENSG00000133665,gencode
TMEM254,ENSG00000133678,gencode
TMTC1,ENSG00000133687,gencode
KRAS,ENSG00000133703,gencode
IPO8,ENSG00000133704,gencode
LARS,ENSG00000133706,gencode
SPINK5,ENSG00000133710,gencode
IMPA1,ENSG00000133731,gencode
LRRCC1,ENSG00000133739,gencode
E2F5,ENSG00000133740,gencode
CA1,ENSG00000133742,gencode
CCDC59,ENSG00000133773,gencode
SWAP70,ENSG00000133789,gencode
ARNTL,ENSG00000133794,gencode
LYVE1,ENSG00000133800,gencode
AMPD3,ENSG00000133805,gencode
SBF2,ENSG00000133812,gencode
MICAL2,ENSG00000133816,gencode
RRAS2,ENSG00000133818,gencode
HSD17B4,ENSG00000133835,gencode
ZFC3H1,ENSG00000133858,gencode
TEX15,ENSG00000133863,gencode
SARAF,ENSG00000133872,gencode
RNF122,ENSG00000133874,gencode
DUSP26,ENSG00000133878,gencode
DPF2,ENSG00000133884,gencode
MEN1,ENSG00000133895,gencode
ERG28,ENSG00000133935,gencode
GSC,ENSG00000133937,gencode
DGLUCY,ENSG00000133943,gencode
UNC79,ENSG00000133958,gencode
NUMB,ENSG00000133961,gencode
CATSPERB,ENSG00000133962,gencode
VRTN,ENSG00000133980,gencode
COX16,ENSG00000133983,gencode
TTC9,ENSG00000133985,gencode
MED6,ENSG00000133997,gencode
EIF2S1,ENSG00000134001,gencode
ADAM20,ENSG00000134007,gencode
LOXL2,ENSG00000134013,gencode
ELP3,ENSG00000134014,gencode
PEBP4,ENSG00000134020,gencode
ADAMDEC1,ENSG00000134028,gencode
CTIF,ENSG00000134030,gencode
MRO,ENSG00000134042,gencode
MBD2,ENSG00000134046,gencode
IER3IP1,ENSG00000134049,gencode
CCNB1,ENSG00000134057,gencode
CDK7,ENSG00000134058,gencode
CD180,ENSG00000134061,gencode
IRAK2,ENSG00000134070,gencode
CAMK1,ENSG00000134072,gencode
THUMPD3,ENSG00000134077,gencode
VHL,ENSG00000134086,gencode
BHLHE40,ENSG00000134107,gencode
ARL8B,ENSG00000134108,gencode
EDEM1,ENSG00000134109,gencode
CNTN6,ENSG00000134115,gencode
CHL1,ENSG00000134121,gencode
MEIS2,ENSG00000134138,gencode
DPH6,ENSG00000134146,gencode
KATNBL1,ENSG00000134152,gencode
EMC7,ENSG00000134153,gencode
TRPM1,ENSG00000134160,gencode
GNAT2,ENSG00000134183,gencode
GSTM1,ENSG00000134184,gencode
PRPF38B,ENSG00000134186,gencode
REG4,ENSG00000134193,gencode
TSPAN2,ENSG00000134198,gencode
TSHB,ENSG00000134200,gencode
GSTM3,ENSG00000134202,gencode
SYT6,ENSG00000134207,gencode
VAV3,ENSG00000134215,gencode
CHIA,ENSG00000134216,gencode
PSRC1,ENSG00000134222,gencode
HMGCS2,ENSG00000134240,gencode
PTPN22,ENSG00000134242,gencode
SORT1,ENSG00000134243,gencode
WNT2B,ENSG00000134245,gencode
PTGFRN,ENSG00000134247,gencode
LAMTOR5,ENSG00000134248,gencode
ADAM30,ENSG00000134249,gencode
NOTCH2,ENSG00000134250,gencode
TRIM45,ENSG00000134253,gencode
CEPT1,ENSG00000134255,gencode
CD101,ENSG00000134256,gencode
VTCN1,ENSG00000134258,gencode
NGF,ENSG00000134259,gencode
AP4B1,ENSG00000134262,gencode
NAPG,ENSG00000134265,gencode
SPIRE1,ENSG00000134278,gencode
PPHLN1,ENSG00000134283,gencode
FKBP11,ENSG00000134285,gencode
ARF3,ENSG00000134287,gencode
TMEM106C,ENSG00000134291,gencode
SLC38A2,ENSG00000134294,gencode
YWHAQ,ENSG00000134308,gencode
KIDINS220,ENSG00000134313,gencode
GRHL1,ENSG00000134317,gencode
ROCK2,ENSG00000134318,gencode
RSAD2,ENSG00000134321,gencode
MYCN,ENSG00000134323,gencode
LPIN1,ENSG00000134324,gencode
CMPK2,ENSG00000134326,gencode
IAH1,ENSG00000134330,gencode
SAA2,ENSG00000134339,gencode
ANO3,ENSG00000134343,gencode
IL6ST,ENSG00000134352,gencode
FST,ENSG00000134363,gencode
CFHR4,ENSG00000134365,gencode
NAV1,ENSG00000134369,gencode
CDC73,ENSG00000134371,gencode
TIMM17A,ENSG00000134375,gencode
CRB1,ENSG00000134376,gencode
CFHR5,ENSG00000134389,gencode
ERN2,ENSG00000134398,gencode
RAX,ENSG00000134438,gencode
NARS,ENSG00000134440,gencode
GRP,ENSG00000134443,gencode
RELCH,ENSG00000134444,gencode
FBH1,ENSG00000134452,gencode
RBM17,ENSG00000134453,gencode
IL2RA,ENSG00000134460,gencode
ANKRD16,ENSG00000134461,gencode
ECHDC3,ENSG00000134463,gencode
IL15RA,ENSG00000134470,gencode
CCNH,ENSG00000134480,gencode
HRH4,ENSG00000134489,gencode
TMEM241,ENSG00000134490,gencode
KCTD1,ENSG00000134504,gencode
CABLES1,ENSG00000134508,gencode
DOCK2,ENSG00000134516,gencode
EMP1,ENSG00000134531,gencode
SOX5,ENSG00000134532,gencode
RERG,ENSG00000134533,gencode
SLCO1B1,ENSG00000134538,gencode
KLRD1,ENSG00000134539,gencode
KLRC1,ENSG00000134545,gencode
SPX,ENSG00000134548,gencode
PRH2,ENSG00000134551,gencode
LRP4,ENSG00000134569,gencode
MYBPC3,ENSG00000134571,gencode
DDB2,ENSG00000134574,gencode
ACP2,ENSG00000134575,gencode
USP26,ENSG00000134588,gencode
RTL8C,ENSG00000134590,gencode
RAB33A,ENSG00000134594,gencode
SOX3,ENSG00000134595,gencode
RBMX2,ENSG00000134597,gencode
STK26,ENSG00000134602,gencode
PIWIL4,ENSG00000134627,gencode
MTNR1B,ENSG00000134640,gencode
PUM1,ENSG00000134644,gencode
SPOCD1,ENSG00000134668,gencode
YARS,ENSG00000134684,gencode
PHC2,ENSG00000134686,gencode
CDCA8,ENSG00000134690,gencode
GNL2,ENSG00000134697,gencode
AGO4,ENSG00000134698,gencode
HOOK1,ENSG00000134709,gencode
CYP2J2,ENSG00000134716,gencode
BTF3L4,ENSG00000134717,gencode
TUT4,ENSG00000134744,gencode
PRPF38A,ENSG00000134748,gencode
DSC2,ENSG00000134755,gencode
DSG3,ENSG00000134757,gencode
RNF138,ENSG00000134758,gencode
ELP2,ENSG00000134759,gencode
DSG1,ENSG00000134760,gencode
DSC3,ENSG00000134762,gencode
DSC1,ENSG00000134765,gencode
DTNA,ENSG00000134769,gencode
FHOD3,ENSG00000134775,gencode
TPGS2,ENSG00000134779,gencode
DAGLA,ENSG00000134780,gencode
SLC43A3,ENSG00000134802,gencode
TIMM10,ENSG00000134809,gencode
CBLIF,ENSG00000134812,gencode
DHX34,ENSG00000134815,gencode
APLNR,ENSG00000134817,gencode
FADS2,ENSG00000134824,gencode
TMEM258,ENSG00000134825,gencode
TCN1,ENSG00000134827,gencode
C5AR2,ENSG00000134830,gencode
TMEM165,ENSG00000134851,gencode
CLOCK,ENSG00000134852,gencode
PDGFRA,ENSG00000134853,gencode
GGACT,ENSG00000134864,gencode
COL4A2,ENSG00000134871,gencode
CLDN10,ENSG00000134873,gencode
DZIP1,ENSG00000134874,gencode
UBAC2,ENSG00000134882,gencode
ARGLU1,ENSG00000134884,gencode
BIVM,ENSG00000134897,gencode
ERCC5,ENSG00000134899,gencode
TPP2,ENSG00000134900,gencode
POGLUT2,ENSG00000134901,gencode
CARS2,ENSG00000134905,gencode
ARHGAP32,ENSG00000134909,gencode
STT3A,ENSG00000134910,gencode
ADAMTS8,ENSG00000134917,gencode
ACRV1,ENSG00000134940,gencode
ETS1,ENSG00000134954,gencode
SLC37A2,ENSG00000134955,gencode
KLB,ENSG00000134962,gencode
TMED7,ENSG00000134970,gencode
APC,ENSG00000134982,gencode
NREP,ENSG00000134986,gencode
WDR36,ENSG00000134987,gencode
OSTF1,ENSG00000134996,gencode
RFK,ENSG00000135002,gencode
UBQLN1,ENSG00000135018,gencode
NAA35,ENSG00000135040,gencode
C9orf40,ENSG00000135045,gencode
ANXA1,ENSG00000135046,gencode
CTSL,ENSG00000135047,gencode
CEMIP2,ENSG00000135048,gencode
AGTPBP1,ENSG00000135049,gencode
GOLM1,ENSG00000135052,gencode
FAM189A2,ENSG00000135063,gencode
PSAT1,ENSG00000135069,gencode
ISCA1,ENSG00000135070,gencode
ADAM19,ENSG00000135074,gencode
HAVCR2,ENSG00000135077,gencode
CCNJL,ENSG00000135083,gencode
TAOK3,ENSG00000135090,gencode
USP30,ENSG00000135093,gencode
SDS,ENSG00000135094,gencode
MSI1,ENSG00000135097,gencode
HNF1A,ENSG00000135100,gencode
FBXO21,ENSG00000135108,gencode
TBX3,ENSG00000135111,gencode
OASL,ENSG00000135114,gencode
HRK,ENSG00000135116,gencode
RNFT2,ENSG00000135119,gencode
P2RX4,ENSG00000135124,gencode
BICDL1,ENSG00000135127,gencode
DTX1,ENSG00000135144,gencode
TRAFD1,ENSG00000135148,gencode
DMTF1,ENSG00000135164,gencode
OCM2,ENSG00000135175,gencode
TMEM243,ENSG00000135185,gencode
CCDC146,ENSG00000135205,gencode
TMEM60,ENSG00000135211,gencode
CD36,ENSG00000135218,gencode
UGT2A3,ENSG00000135220,gencode
CSN2,ENSG00000135222,gencode
UGT2B28,ENSG00000135226,gencode
PNPLA8,ENSG00000135241,gencode
HILPDA,ENSG00000135245,gencode
FAM71F1,ENSG00000135248,gencode
RINT1,ENSG00000135249,gencode
SRPK2,ENSG00000135250,gencode
KCP,ENSG00000135253,gencode
TES,ENSG00000135269,gencode
MDFIC,ENSG00000135272,gencode
MTO1,ENSG00000135297,gencode
ADGRB3,ENSG00000135298,gencode
ANKRD6,ENSG00000135299,gencode
KHDC1,ENSG00000135314,gencode
CEP162,ENSG00000135315,gencode
SYNCRIP,ENSG00000135316,gencode
SNX14,ENSG00000135317,gencode
NT5E,ENSG00000135318,gencode
MRAP2,ENSG00000135324,gencode
EPHA7,ENSG00000135333,gencode
AKIRIN2,ENSG00000135334,gencode
ORC3,ENSG00000135336,gencode
LCA5,ENSG00000135338,gencode
MAP3K7,ENSG00000135341,gencode
CGA,ENSG00000135346,gencode
GJA10,ENSG00000135355,gencode
PRR5L,ENSG00000135362,gencode
LMO2,ENSG00000135363,gencode
PHF21A,ENSG00000135365,gencode
NAT10,ENSG00000135372,gencode
EHF,ENSG00000135373,gencode
ELF5,ENSG00000135374,gencode
PRRG4,ENSG00000135378,gencode
CAPRIN1,ENSG00000135387,gencode
ATP5MC2,ENSG00000135390,gencode
DNAJC14,ENSG00000135392,gencode
CD63,ENSG00000135404,gencode
PRPH,ENSG00000135406,gencode
AVIL,ENSG00000135407,gencode
AMHR2,ENSG00000135409,gencode
LACRT,ENSG00000135413,gencode
GDF11,ENSG00000135414,gencode
GLS2,ENSG00000135423,gencode
ITGA7,ENSG00000135424,gencode
TESPA1,ENSG00000135426,gencode
FAM186B,ENSG00000135436,gencode
RDH5,ENSG00000135437,gencode
AGAP2,ENSG00000135439,gencode
BLOC1S1,ENSG00000135441,gencode
KRT85,ENSG00000135443,gencode
CDK4,ENSG00000135446,gencode
PPP1R1A,ENSG00000135447,gencode
TROAP,ENSG00000135451,gencode
TSPAN31,ENSG00000135452,gencode
B4GALNT1,ENSG00000135454,gencode
TFCP2,ENSG00000135457,gencode
COQ10A,ENSG00000135469,gencode
FAIM2,ENSG00000135472,gencode
PAN2,ENSG00000135473,gencode
ESPL1,ENSG00000135476,gencode
KRT7,ENSG00000135480,gencode
ZC3H10,ENSG00000135482,gencode
SLC26A10,ENSG00000135502,gencode
ACVR1B,ENSG00000135503,gencode
OS9,ENSG00000135506,gencode
MIP,ENSG00000135517,gencode
KCNH3,ENSG00000135519,gencode
LTV1,ENSG00000135521,gencode
MAP7,ENSG00000135525,gencode
CD164,ENSG00000135535,gencode
AFG1L,ENSG00000135537,gencode
NHSL1,ENSG00000135540,gencode
AHI1,ENSG00000135541,gencode
HEY2,ENSG00000135547,gencode
PKIB,ENSG00000135549,gencode
TAAR5,ENSG00000135569,gencode
NMBR,ENSG00000135577,gencode
SMPD2,ENSG00000135587,gencode
MICAL1,ENSG00000135596,gencode
REPS1,ENSG00000135597,gencode
STX11,ENSG00000135604,gencode
TEC,ENSG00000135605,gencode
PRADC1,ENSG00000135617,gencode
SEMA4F,ENSG00000135622,gencode
EGR4,ENSG00000135625,gencode
RAB11FIP5,ENSG00000135631,gencode
SMYD5,ENSG00000135632,gencode
DYSF,ENSG00000135636,gencode
CCDC142,ENSG00000135637,gencode
EMX1,ENSG00000135638,gencode
KCNMB4,ENSG00000135643,gencode
USP15,ENSG00000135655,gencode
GNS,ENSG00000135677,gencode
CPM,ENSG00000135678,gencode
MDM2,ENSG00000135679,gencode
KLHL36,ENSG00000135686,gencode
BCO1,ENSG00000135697,gencode
MPHOSPH6,ENSG00000135698,gencode
CHST5,ENSG00000135702,gencode
KIAA0513,ENSG00000135709,gencode
DYNC1LI2,ENSG00000135720,gencode
FBXL8,ENSG00000135722,gencode
FHOD1,ENSG00000135723,gencode
CCDC102A,ENSG00000135736,gencode
SLC9A5,ENSG00000135740,gencode
AGT,ENSG00000135744,gencode
PCNX2,ENSG00000135749,gencode
KCNK1,ENSG00000135750,gencode
URB2,ENSG00000135763,gencode
EGLN1,ENSG00000135766,gencode
CAPN9,ENSG00000135773,gencode
COG2,ENSG00000135775,gencode
ABCB10,ENSG00000135776,gencode
NTPCR,ENSG00000135778,gencode
TAF5L,ENSG00000135801,gencode
GLUL,ENSG00000135821,gencode
STX6,ENSG00000135823,gencode
RGS8,ENSG00000135824,gencode
RNASEL,ENSG00000135828,gencode
DHX9,ENSG00000135829,gencode
KIAA1614,ENSG00000135835,gencode
CEP350,ENSG00000135837,gencode
NPL,ENSG00000135838,gencode
NIBAN1,ENSG00000135842,gencode
PIGC,ENSG00000135845,gencode
LAMC1,ENSG00000135862,gencode
RC3H1,ENSG00000135870,gencode
GPR55,ENSG00000135898,gencode
SP110,ENSG00000135899,gencode
CHRND,ENSG00000135902,gencode
PAX3,ENSG00000135903,gencode
DOCK10,ENSG00000135905,gencode
TTLL4,ENSG00000135912,gencode
USP37,ENSG00000135913,gencode
HTR2B,ENSG00000135914,gencode
ITM2C,ENSG00000135916,gencode
SLC19A3,ENSG00000135917,gencode
SERPINE2,ENSG00000135919,gencode
DNAJB2,ENSG00000135924,gencode
WNT10A,ENSG00000135925,gencode
TMBIM1,ENSG00000135926,gencode
CYP27A1,ENSG00000135929,gencode
EIF4E2,ENSG00000135930,gencode
ARMC9,ENSG00000135931,gencode
CAB39,ENSG00000135932,gencode
COX5B,ENSG00000135940,gencode
REV1,ENSG00000135945,gencode
TSGA10,ENSG00000135951,gencode
MFSD9,ENSG00000135953,gencode
TMEM127,ENSG00000135956,gencode
EDAR,ENSG00000135960,gencode
TGFBRAP1,ENSG00000135966,gencode
GCC2,ENSG00000135968,gencode
GPR45,ENSG00000135973,gencode
C2orf49,ENSG00000135974,gencode
ANKRD36,ENSG00000135976,gencode
EPC2,ENSG00000135999,gencode
ARHGEF4,ENSG00000136002,gencode
ISCU,ENSG00000136003,gencode
ALDH1L2,ENSG00000136010,gencode
STAB2,ENSG00000136011,gencode
USP44,ENSG00000136014,gencode
SCYL2,ENSG00000136021,gencode
CKAP4,ENSG00000136026,gencode
PLXNC1,ENSG00000136040,gencode
APPL2,ENSG00000136044,gencode
PWP1,ENSG00000136045,gencode
DRAM1,ENSG00000136048,gencode
WASHC4,ENSG00000136051,gencode
SLC41A2,ENSG00000136052,gencode
VILL,ENSG00000136059,gencode
FLNB,ENSG00000136068,gencode
NEK3,ENSG00000136098,gencode
PCDH8,ENSG00000136099,gencode
VPS36,ENSG00000136100,gencode
RNASEH2B,ENSG00000136104,gencode
CKAP2,ENSG00000136108,gencode
CNMD,ENSG00000136110,gencode
TBC1D4,ENSG00000136111,gencode
THSD1,ENSG00000136114,gencode
BORA,ENSG00000136122,gencode
LRCH1,ENSG00000136141,gencode
SUCLA2,ENSG00000136143,gencode
RCBTB1,ENSG00000136144,gencode
MED4,ENSG00000136146,gencode
PHF11,ENSG00000136147,gencode
COG3,ENSG00000136152,gencode
LMO7,ENSG00000136153,gencode
SCEL,ENSG00000136155,gencode
ITM2B,ENSG00000136156,gencode
SPRY2,ENSG00000136158,gencode
NUDT15,ENSG00000136159,gencode
EDNRB,ENSG00000136160,gencode
RCBTB2,ENSG00000136161,gencode
LCP1,ENSG00000136167,gencode
SETDB2,ENSG00000136169,gencode
SCRN1,ENSG00000136193,gencode
C7orf25,ENSG00000136197,gencode
TNS3,ENSG00000136205,gencode
SPDYE1,ENSG00000136206,gencode
CHST12,ENSG00000136213,gencode
IGF2BP3,ENSG00000136231,gencode
GPNMB,ENSG00000136235,gencode
RAPGEF5,ENSG00000136237,gencode
RAC1,ENSG00000136238,gencode
KDELR2,ENSG00000136240,gencode
NUP42,ENSG00000136243,gencode
IL6,ENSG00000136244,gencode
ZDHHC4,ENSG00000136247,gencode
AOAH,ENSG00000136250,gencode
BZW2,ENSG00000136261,gencode
DGKB,ENSG00000136267,gencode
TBRG4,ENSG00000136270,gencode
DDX56,ENSG00000136271,gencode
HUS1,ENSG00000136273,gencode
NACAD,ENSG00000136274,gencode
DBNL,ENSG00000136279,gencode
CCM2,ENSG00000136280,gencode
MYO1G,ENSG00000136286,gencode
TTYH3,ENSG00000136295,gencode
MMD2,ENSG00000136297,gencode
CIDEB,ENSG00000136305,gencode
TTC5,ENSG00000136319,gencode
NKX2-8,ENSG00000136327,gencode
NKX2-1,ENSG00000136352,gencode
ZFHX2,ENSG00000136367,gencode
MTHFS,ENSG00000136371,gencode
ADAMTS7,ENSG00000136378,gencode
ABHD17C,ENSG00000136379,gencode
IREB2,ENSG00000136381,gencode
ALPK3,ENSG00000136383,gencode
TM6SF1,ENSG00000136404,gencode
CIB2,ENSG00000136425,gencode
CALCOCO2,ENSG00000136436,gencode
RSAD1,ENSG00000136444,gencode
NMT1,ENSG00000136448,gencode
MYCBPAP,ENSG00000136449,gencode
SRSF1,ENSG00000136450,gencode
VEZF1,ENSG00000136451,gencode
CHAD,ENSG00000136457,gencode
TACO1,ENSG00000136463,gencode
TEX2,ENSG00000136478,gencode
DCAF7,ENSG00000136485,gencode
GH2,ENSG00000136487,gencode
CSH1,ENSG00000136488,gencode
LIMD2,ENSG00000136490,gencode
BRIP1,ENSG00000136492,gencode
KAT7,ENSG00000136504,gencode
RTP4,ENSG00000136514,gencode
ACTL6A,ENSG00000136518,gencode
NDUFB5,ENSG00000136521,gencode
TRA2B,ENSG00000136527,gencode
SCN2A,ENSG00000136531,gencode
TBR1,ENSG00000136535,gencode
MARCH7,ENSG00000136536,gencode
ERMN,ENSG00000136541,gencode
GALNT5,ENSG00000136542,gencode
SCN7A,ENSG00000136546,gencode
TANK,ENSG00000136560,gencode
BLK,ENSG00000136573,gencode
GATA4,ENSG00000136574,gencode
SKIL,ENSG00000136603,gencode
EPRS,ENSG00000136628,gencode
HLX,ENSG00000136630,gencode
VPS45,ENSG00000136631,gencode
IL10,ENSG00000136634,gencode
KCTD3,ENSG00000136636,gencode
CBWD2,ENSG00000136682,gencode
IL36G,ENSG00000136688,gencode
IL1RN,ENSG00000136689,gencode
IL36A,ENSG00000136694,gencode
IL36RN,ENSG00000136695,gencode
IL36B,ENSG00000136696,gencode
IL1F10,ENSG00000136697,gencode
CFC1,ENSG00000136698,gencode
SMPD4,ENSG00000136699,gencode
WDR33,ENSG00000136709,gencode
CCDC115,ENSG00000136710,gencode
SAP130,ENSG00000136715,gencode
BIN1,ENSG00000136717,gencode
IMP4,ENSG00000136718,gencode
HS6ST1,ENSG00000136720,gencode
UGGT1,ENSG00000136731,gencode
GYPC,ENSG00000136732,gencode
STAM,ENSG00000136738,gencode
GAD2,ENSG00000136750,gencode
ABI1,ENSG00000136754,gencode
YME1L1,ENSG00000136758,gencode
DNAJC1,ENSG00000136770,gencode
NIPSNAP3A,ENSG00000136783,gencode
LRRC8A,ENSG00000136802,gencode
CDK9,ENSG00000136807,gencode
ODF2,ENSG00000136811,gencode
ECPAS,ENSG00000136813,gencode
TOR1B,ENSG00000136816,gencode
C9orf78,ENSG00000136819,gencode
SMC2,ENSG00000136824,gencode
KLF4,ENSG00000136826,gencode
TOR1A,ENSG00000136827,gencode
RALGPS1,ENSG00000136828,gencode
NIBAN2,ENSG00000136830,gencode
OR1J1,ENSG00000136834,gencode
OR13C9,ENSG00000136839,gencode
ST6GALNAC4,ENSG00000136840,gencode
TMOD1,ENSG00000136842,gencode
DAB2IP,ENSG00000136848,gencode
STXBP1,ENSG00000136854,gencode
SLC2A8,ENSG00000136856,gencode
ANGPTL2,ENSG00000136859,gencode
CDK5RAP2,ENSG00000136861,gencode
ZFP37,ENSG00000136866,gencode
SLC31A2,ENSG00000136867,gencode
SLC31A1,ENSG00000136868,gencode
TLR4,ENSG00000136869,gencode
ZNF189,ENSG00000136870,gencode
ALDOB,ENSG00000136872,gencode
STX17,ENSG00000136874,gencode
PRPF4,ENSG00000136875,gencode
FPGS,ENSG00000136877,gencode
USP20,ENSG00000136878,gencode
BAAT,ENSG00000136881,gencode
KIF12,ENSG00000136883,gencode
ATP6V1G1,ENSG00000136888,gencode
TEX10,ENSG00000136891,gencode
GARNL3,ENSG00000136895,gencode
DPM2,ENSG00000136908,gencode
WDR38,ENSG00000136918,gencode
TSTD2,ENSG00000136925,gencode
GABBR2,ENSG00000136928,gencode
HEMGN,ENSG00000136929,gencode
PSMB7,ENSG00000136930,gencode
NR5A1,ENSG00000136931,gencode
TRMO,ENSG00000136932,gencode
RABEPK,ENSG00000136933,gencode
GOLGA1,ENSG00000136935,gencode
XPA,ENSG00000136936,gencode
NCBP1,ENSG00000136937,gencode
ANP32B,ENSG00000136938,gencode
OR1L4,ENSG00000136939,gencode
PDCL,ENSG00000136940,gencode
CTSV,ENSG00000136943,gencode
LMX1B,ENSG00000136944,gencode
ARPC5L,ENSG00000136950,gencode
ENPP2,ENSG00000136960,gencode
DSCC1,ENSG00000136982,gencode
DERL1,ENSG00000136986,gencode
MYC,ENSG00000136997,gencode
CCN3,ENSG00000136999,gencode
IL33,ENSG00000137033,gencode
DMAC1,ENSG00000137038,gencode
RANBP6,ENSG00000137040,gencode
POLR1E,ENSG00000137054,gencode
PLAA,ENSG00000137055,gencode
IL11RA,ENSG00000137070,gencode
UBAP2,ENSG00000137073,gencode
APTX,ENSG00000137074,gencode
RNF38,ENSG00000137075,gencode
TLN1,ENSG00000137076,gencode
CCL21,ENSG00000137077,gencode
SIT1,ENSG00000137078,gencode
IFNA21,ENSG00000137080,gencode
DMRT1,ENSG00000137090,gencode
DNAJB5,ENSG00000137094,gencode
SPAG8,ENSG00000137098,gencode
DCTN3,ENSG00000137100,gencode
CD72,ENSG00000137101,gencode
TMEM8B,ENSG00000137103,gencode
GRHPR,ENSG00000137106,gencode
ALDH1B1,ENSG00000137124,gencode
HINT2,ENSG00000137133,gencode
ARHGEF39,ENSG00000137135,gencode
IGFBPL1,ENSG00000137142,gencode
DENND4C,ENSG00000137145,gencode
CNPY3,ENSG00000137161,gencode
FOXP4,ENSG00000137166,gencode
PPIL1,ENSG00000137168,gencode
KLC4,ENSG00000137171,gencode
KIF13A,ENSG00000137177,gencode
ZSCAN9,ENSG00000137185,gencode
PIM1,ENSG00000137193,gencode
GMPR,ENSG00000137198,gencode
CMTR1,ENSG00000137200,gencode
TFAP2A,ENSG00000137203,gencode
SLC22A7,ENSG00000137204,gencode
YIPF3,ENSG00000137207,gencode
TMEM14B,ENSG00000137210,gencode
TMEM63B,ENSG00000137216,gencode
FRS3,ENSG00000137218,gencode
TJAP1,ENSG00000137221,gencode
CAPN11,ENSG00000137225,gencode
TINAG,ENSG00000137251,gencode
HCRTR2,ENSG00000137252,gencode
KIAA0319,ENSG00000137261,gencode
IRF4,ENSG00000137265,gencode
SLC22A23,ENSG00000137266,gencode
TUBB2A,ENSG00000137267,gencode
LRRC1,ENSG00000137269,gencode
GCM1,ENSG00000137270,gencode
FOXF2,ENSG00000137273,gencode
BPHL,ENSG00000137274,gencode
RIPK1,ENSG00000137275,gencode
TUBB2B,ENSG00000137285,gencode
UQCC2,ENSG00000137288,gencode
HMGA1,ENSG00000137309,gencode
TCF19,ENSG00000137310,gencode
FLOT1,ENSG00000137312,gencode
IER3,ENSG00000137331,gencode
MDC1,ENSG00000137337,gencode
PGBD1,ENSG00000137338,gencode
ATAT1,ENSG00000137343,gencode
TPMT,ENSG00000137364,gencode
CLPS,ENSG00000137392,gencode
RNF144B,ENSG00000137393,gencode
NRM,ENSG00000137404,gencode
MTCH1,ENSG00000137409,gencode
VARS2,ENSG00000137411,gencode
TAF8,ENSG00000137413,gencode
FAM8A1,ENSG00000137414,gencode
C6orf52,ENSG00000137434,gencode
FGFBP1,ENSG00000137440,gencode
FGFBP2,ENSG00000137441,gencode
CPEB2,ENSG00000137449,gencode
FHDC1,ENSG00000137460,gencode
TLR2,ENSG00000137462,gencode
MGARP,ENSG00000137463,gencode
TTC29,ENSG00000137473,gencode
FCHSD2,ENSG00000137478,gencode
ARRB1,ENSG00000137486,gencode
SLCO2B1,ENSG00000137491,gencode
THAP12,ENSG00000137492,gencode
ANKRD42,ENSG00000137494,gencode
IL18BP,ENSG00000137496,gencode
NUMA1,ENSG00000137497,gencode
CCDC90B,ENSG00000137500,gencode
SYTL2,ENSG00000137501,gencode
RAB30,ENSG00000137502,gencode
CREBZF,ENSG00000137504,gencode
LRRC32,ENSG00000137507,gencode
PRCP,ENSG00000137509,gencode
NARS2,ENSG00000137513,gencode
RNF121,ENSG00000137522,gencode
PI15,ENSG00000137558,gencode
TTPA,ENSG00000137561,gencode
GGH,ENSG00000137563,gencode
SLCO5A1,ENSG00000137571,gencode
SULF1,ENSG00000137573,gencode
TGS1,ENSG00000137574,gencode
SDCBP,ENSG00000137575,gencode
NEK1,ENSG00000137601,gencode
DDX60,ENSG00000137628,gencode
NXPE4,ENSG00000137634,gencode
SORL1,ENSG00000137642,gencode
TMPRSS4,ENSG00000137648,gencode
BUD13,ENSG00000137656,gencode
TRPC6,ENSG00000137672,gencode
MMP7,ENSG00000137673,gencode
MMP20,ENSG00000137674,gencode
MMP27,ENSG00000137675,gencode
CFAP300,ENSG00000137691,gencode
DCUN1D5,ENSG00000137692,gencode
YAP1,ENSG00000137693,gencode
TRIM29,ENSG00000137699,gencode
SLC37A4,ENSG00000137700,gencode
BTG4,ENSG00000137707,gencode
POU2F3,ENSG00000137709,gencode
RDX,ENSG00000137710,gencode
PPP2R1B,ENSG00000137713,gencode
FDX1,ENSG00000137714,gencode
C11orf1,ENSG00000137720,gencode
FXYD6,ENSG00000137726,gencode
ARHGAP20,ENSG00000137727,gencode
FXYD2,ENSG00000137731,gencode
MMP13,ENSG00000137745,gencode
TMPRSS13,ENSG00000137747,gencode
CASP1,ENSG00000137752,gencode
CASP5,ENSG00000137757,gencode
ALKBH8,ENSG00000137760,gencode
MAP2K5,ENSG00000137764,gencode
UNC13C,ENSG00000137766,gencode
SQOR,ENSG00000137767,gencode
CTDSPL2,ENSG00000137770,gencode
SLTM,ENSG00000137776,gencode
THBS1,ENSG00000137801,gencode
MAPKBP1,ENSG00000137802,gencode
NUSAP1,ENSG00000137804,gencode
NDUFAF1,ENSG00000137806,gencode
KIF23,ENSG00000137807,gencode
ITGA11,ENSG00000137809,gencode
KNL1,ENSG00000137812,gencode
HAUS2,ENSG00000137814,gencode
RTF1,ENSG00000137815,gencode
PARP6,ENSG00000137817,gencode
PAQR5,ENSG00000137819,gencode
LRRC49,ENSG00000137821,gencode
TUBGCP4,ENSG00000137822,gencode
RMDN3,ENSG00000137824,gencode
ITPKA,ENSG00000137825,gencode
UACA,ENSG00000137831,gencode
SMAD6,ENSG00000137834,gencode
PLCB2,ENSG00000137841,gencode
TMEM62,ENSG00000137842,gencode
PAK6,ENSG00000137843,gencode
ADAM10,ENSG00000137845,gencode
SLC28A2,ENSG00000137860,gencode
STRA6,ENSG00000137868,gencode
CYP19A1,ENSG00000137869,gencode
ZNF280D,ENSG00000137871,gencode
SEMA6D,ENSG00000137872,gencode
BCL2L10,ENSG00000137875,gencode
RSL24D1,ENSG00000137876,gencode
SPTBN5,ENSG00000137877,gencode
GCOM1,ENSG00000137878,gencode
GCHFR,ENSG00000137880,gencode
BCAR3,ENSG00000137936,gencode
TTLL7,ENSG00000137941,gencode
FNBP1L,ENSG00000137942,gencode
KYAT3,ENSG00000137944,gencode
GTF2B,ENSG00000137947,gencode
BRDT,ENSG00000137948,gencode
RABGGTB,ENSG00000137955,gencode
IFI44L,ENSG00000137959,gencode
GIPC2,ENSG00000137960,gencode
ARHGAP29,ENSG00000137962,gencode
IFI44,ENSG00000137965,gencode
SLC44A5,ENSG00000137968,gencode
CLCA2,ENSG00000137975,gencode
DNASE2B,ENSG00000137976,gencode
DBT,ENSG00000137992,gencode
RTCA,ENSG00000137996,gencode
IFT172,ENSG00000138002,gencode
SELENOI,ENSG00000138018,gencode
CGREF1,ENSG00000138028,gencode
HADHB,ENSG00000138029,gencode
KHK,ENSG00000138030,gencode
ADCY3,ENSG00000138031,gencode
PPM1B,ENSG00000138032,gencode
PNPT1,ENSG00000138035,gencode
DYNC2LI1,ENSG00000138036,gencode
LHCGR,ENSG00000138039,gencode
THUMPD2,ENSG00000138050,gencode
CYP1B1,ENSG00000138061,gencode
SULT6B1,ENSG00000138068,gencode
RAB1A,ENSG00000138069,gencode
ACTR2,ENSG00000138071,gencode
PREB,ENSG00000138073,gencode
SLC5A6,ENSG00000138074,gencode
ABCG5,ENSG00000138075,gencode
PREPL,ENSG00000138078,gencode
SLC3A1,ENSG00000138079,gencode
EMILIN1,ENSG00000138080,gencode
FBXO11,ENSG00000138081,gencode
SIX3,ENSG00000138083,gencode
ATRAID,ENSG00000138085,gencode
CENPO,ENSG00000138092,gencode
LRPPRC,ENSG00000138095,gencode
TRIM54,ENSG00000138100,gencode
DTNB,ENSG00000138101,gencode
ACTR1A,ENSG00000138107,gencode
CYP2C9,ENSG00000138109,gencode
MFSD13A,ENSG00000138111,gencode
CYP2C8,ENSG00000138115,gencode
MYOF,ENSG00000138119,gencode
LOXL4,ENSG00000138131,gencode
STAMBPL1,ENSG00000138134,gencode
CH25H,ENSG00000138135,gencode
LBX1,ENSG00000138136,gencode
ATAD1,ENSG00000138138,gencode
BTBD16,ENSG00000138152,gencode
KIF11,ENSG00000138160,gencode
CUZD1,ENSG00000138161,gencode
TACC2,ENSG00000138162,gencode
DUSP5,ENSG00000138166,gencode
CALHM2,ENSG00000138172,gencode
ARL3,ENSG00000138175,gencode
CEP55,ENSG00000138180,gencode
KIF20B,ENSG00000138182,gencode
ENTPD1,ENSG00000138185,gencode
EXOC6,ENSG00000138190,gencode
PLCE1,ENSG00000138193,gencode
RBP4,ENSG00000138207,gencode
DBR1,ENSG00000138231,gencode
DNAJC13,ENSG00000138246,gencode
GPR87,ENSG00000138271,gencode
ANXA7,ENSG00000138279,gencode
FAM149B1,ENSG00000138286,gencode
ASCC1,ENSG00000138303,gencode
PLA2G12B,ENSG00000138308,gencode
ZNF365,ENSG00000138311,gencode
OIT3,ENSG00000138315,gencode
ADAMTS14,ENSG00000138316,gencode
TET1,ENSG00000138336,gencode
DNA2,ENSG00000138346,gencode
MYPN,ENSG00000138347,gencode
AOX1,ENSG00000138356,gencode
ATIC,ENSG00000138363,gencode
SMARCAL1,ENSG00000138375,gencode
BARD1,ENSG00000138376,gencode
STAT4,ENSG00000138378,gencode
MSTN,ENSG00000138379,gencode
CARF,ENSG00000138380,gencode
ASNSD1,ENSG00000138381,gencode
METTL5,ENSG00000138382,gencode
NAB1,ENSG00000138386,gencode
CDK15,ENSG00000138395,gencode
PPIG,ENSG00000138398,gencode
FASTKD1,ENSG00000138399,gencode
MDH1B,ENSG00000138400,gencode
HECW2,ENSG00000138411,gencode
IDH1,ENSG00000138413,gencode
OLA1,ENSG00000138430,gencode
CIR1,ENSG00000138433,gencode
ITPRID2,ENSG00000138434,gencode
CHRNA1,ENSG00000138435,gencode
FAM117B,ENSG00000138439,gencode
WDR12,ENSG00000138442,gencode
ABI2,ENSG00000138443,gencode
ITGAV,ENSG00000138448,gencode
SLC40A1,ENSG00000138449,gencode
SLC35A5,ENSG00000138459,gencode
SLC49A4,ENSG00000138463,gencode
SENP7,ENSG00000138468,gencode
GUCA1C,ENSG00000138472,gencode
CCDC54,ENSG00000138483,gencode
COX17,ENSG00000138495,gencode
PARP9,ENSG00000138496,gencode
MNS1,ENSG00000138587,gencode
USP8,ENSG00000138592,gencode
SECISBP2L,ENSG00000138593,gencode
TMOD3,ENSG00000138594,gencode
SPPL2A,ENSG00000138600,gencode
GLCE,ENSG00000138604,gencode
SHF,ENSG00000138606,gencode
APH1B,ENSG00000138613,gencode
INTS14,ENSG00000138614,gencode
CILP,ENSG00000138615,gencode
PARP16,ENSG00000138617,gencode
PPCDC,ENSG00000138621,gencode
HCN4,ENSG00000138622,gencode
SEMA7A,ENSG00000138623,gencode
UBL7,ENSG00000138629,gencode
ARHGAP24,ENSG00000138639,gencode
FAM13A,ENSG00000138640,gencode
HERC3,ENSG00000138641,gencode
HERC6,ENSG00000138642,gencode
HERC5,ENSG00000138646,gencode
PCDH10,ENSG00000138650,gencode
NDST4,ENSG00000138653,gencode
ZGRF1,ENSG00000138658,gencode
AP1AR,ENSG00000138660,gencode
COPS4,ENSG00000138663,gencode
HNRNPD,ENSG00000138668,gencode
PRKG2,ENSG00000138669,gencode
RASGEF1B,ENSG00000138670,gencode
SEC31A,ENSG00000138674,gencode
FGF5,ENSG00000138675,gencode
GPAT3,ENSG00000138678,gencode
IL21,ENSG00000138684,gencode
FGF2,ENSG00000138685,gencode
BBS7,ENSG00000138686,gencode
KIAA1109,ENSG00000138688,gencode
BMPR1B,ENSG00000138696,gencode
RAP1GDS1,ENSG00000138698,gencode
LARP1B,ENSG00000138709,gencode
MMRN1,ENSG00000138722,gencode
PDE5A,ENSG00000138735,gencode
PRDM5,ENSG00000138738,gencode
TRPC3,ENSG00000138741,gencode
NAAA,ENSG00000138744,gencode
NUP54,ENSG00000138750,gencode
CXCL9,ENSG00000138755,gencode
BMP2K,ENSG00000138756,gencode
G3BP2,ENSG00000138757,gencode
SEPTIN11,ENSG00000138758,gencode
FRAS1,ENSG00000138759,gencode
SCARB2,ENSG00000138760,gencode
CCNG2,ENSG00000138764,gencode
CNOT6L,ENSG00000138767,gencode
USO1,ENSG00000138768,gencode
CDKL2,ENSG00000138769,gencode
SHROOM3,ENSG00000138771,gencode
ANXA3,ENSG00000138772,gencode
PPA2,ENSG00000138777,gencode
CENPE,ENSG00000138778,gencode
GSTCD,ENSG00000138780,gencode
INTS12,ENSG00000138785,gencode
ENPEP,ENSG00000138792,gencode
CASP6,ENSG00000138794,gencode
LEF1,ENSG00000138795,gencode
HADH,ENSG00000138796,gencode
EGF,ENSG00000138798,gencode
PAPSS1,ENSG00000138801,gencode
SEC24B,ENSG00000138802,gencode
C4orf17,ENSG00000138813,gencode
PPP3CA,ENSG00000138814,gencode
SLC39A8,ENSG00000138821,gencode
MTTP,ENSG00000138823,gencode
FBN2,ENSG00000138829,gencode
MAPK8IP3,ENSG00000138834,gencode
RGS3,ENSG00000138835,gencode
GUCD1,ENSG00000138867,gencode
TTLL8,ENSG00000138892,gencode
RNF185,ENSG00000138942,gencode
SHISAL1,ENSG00000138944,gencode
PARVG,ENSG00000138964,gencode
B4GALNT3,ENSG00000139044,gencode
PDE6H,ENSG00000139053,gencode
ERP27,ENSG00000139055,gencode
ETV6,ENSG00000139083,gencode
GABARAPL1,ENSG00000139112,gencode
KIF21A,ENSG00000139116,gencode
CPNE8,ENSG00000139117,gencode
YARS2,ENSG00000139131,gencode
FGD4,ENSG00000139132,gencode
ALG10,ENSG00000139133,gencode
PIK3C2G,ENSG00000139144,gencode
SINHCAF,ENSG00000139146,gencode
PLCZ1,ENSG00000139151,gencode
AEBP2,ENSG00000139154,gencode
SLCO1C1,ENSG00000139155,gencode
ETFBKMT,ENSG00000139160,gencode
ETNK1,ENSG00000139163,gencode
ZCRB1,ENSG00000139168,gencode
TMEM117,ENSG00000139173,gencode
PRICKLE1,ENSG00000139174,gencode
C1RL,ENSG00000139178,gencode
NDUFA9,ENSG00000139180,gencode
CLSTN3,ENSG00000139182,gencode
KLRG1,ENSG00000139187,gencode
VAMP1,ENSG00000139190,gencode
TAPBPL,ENSG00000139192,gencode
CD27,ENSG00000139193,gencode
RBP5,ENSG00000139194,gencode
PEX5,ENSG00000139197,gencode
PIANP,ENSG00000139200,gencode
SLC38A4,ENSG00000139209,gencode
AMIGO2,ENSG00000139211,gencode
SCAF11,ENSG00000139218,gencode
COL2A1,ENSG00000139219,gencode
PPFIA2,ENSG00000139220,gencode
ANP32D,ENSG00000139223,gencode
LLPH,ENSG00000139233,gencode
LRIG3,ENSG00000139263,gencode
MARCH9,ENSG00000139266,gencode
INHBE,ENSG00000139269,gencode
GLIPR1,ENSG00000139278,gencode
TPH2,ENSG00000139287,gencode
PHLDA1,ENSG00000139289,gencode
TMEM19,ENSG00000139291,gencode
LGR5,ENSG00000139292,gencode
PTPRQ,ENSG00000139304,gencode
DUSP6,ENSG00000139318,gencode
POC1B,ENSG00000139323,gencode
TMTC3,ENSG00000139324,gencode
LUM,ENSG00000139329,gencode
KERA,ENSG00000139330,gencode
SNRPF,ENSG00000139343,gencode
AMDHD1,ENSG00000139344,gencode
NEDD1,ENSG00000139350,gencode
SYCP3,ENSG00000139351,gencode
ASCL1,ENSG00000139352,gencode
GAS2L3,ENSG00000139354,gencode
TMEM132B,ENSG00000139364,gencode
SLC15A4,ENSG00000139370,gencode
TDG,ENSG00000139372,gencode
RITA1,ENSG00000139405,gencode
SDSL,ENSG00000139410,gencode
MMAB,ENSG00000139428,gencode
GLTP,ENSG00000139433,gencode
GIT2,ENSG00000139436,gencode
TCHP,ENSG00000139437,gencode
FAM222A,ENSG00000139438,gencode
FOXN4,ENSG00000139445,gencode
NUP58,ENSG00000139496,gencode
MTMR6,ENSG00000139505,gencode
SLC46A3,ENSG00000139508,gencode
SLC7A1,ENSG00000139514,gencode
PDX1,ENSG00000139515,gencode
LNX2,ENSG00000139517,gencode
SUOX,ENSG00000139531,gencode
CCDC65,ENSG00000139537,gencode
SLC39A5,ENSG00000139540,gencode
TARBP2,ENSG00000139546,gencode
RDH16,ENSG00000139547,gencode
DHH,ENSG00000139549,gencode
ACVRL1,ENSG00000139567,gencode
GPR84,ENSG00000139572,gencode
NABP2,ENSG00000139579,gencode
N4BP2L1,ENSG00000139597,gencode
CELA1,ENSG00000139610,gencode
SMARCC2,ENSG00000139613,gencode
BRCA2,ENSG00000139618,gencode
KANSL2,ENSG00000139620,gencode
CERS5,ENSG00000139624,gencode
MAP3K12,ENSG00000139625,gencode
ITGB7,ENSG00000139626,gencode
GALNT6,ENSG00000139629,gencode
CSAD,ENSG00000139631,gencode
LMBR1L,ENSG00000139636,gencode
C12orf10,ENSG00000139637,gencode
ESYT1,ENSG00000139641,gencode
TMBIM6,ENSG00000139644,gencode
ANKRD52,ENSG00000139645,gencode
KRT71,ENSG00000139648,gencode
ZNF740,ENSG00000139651,gencode
SMIM2,ENSG00000139656,gencode
WDFY2,ENSG00000139668,gencode
LPAR6,ENSG00000139679,gencode
ESD,ENSG00000139684,gencode
RB1,ENSG00000139687,gencode
SBNO1,ENSG00000139697,gencode
MORN3,ENSG00000139714,gencode
SETD1B,ENSG00000139718,gencode
VPS33A,ENSG00000139719,gencode
VPS37B,ENSG00000139722,gencode
RHOF,ENSG00000139725,gencode
DENR,ENSG00000139726,gencode
DIAPH3,ENSG00000139734,gencode
SLAIN1,ENSG00000139737,gencode
RBM26,ENSG00000139746,gencode
SRRM4,ENSG00000139767,gencode
METTL21C,ENSG00000139780,gencode
MBNL2,ENSG00000139793,gencode
RNF113B,ENSG00000139797,gencode
ZIC5,ENSG00000139800,gencode
ABHD13,ENSG00000139826,gencode
RAB20,ENSG00000139832,gencode
GRTP1,ENSG00000139835,gencode
CUL4A,ENSG00000139842,gencode
TTC6,ENSG00000139865,gencode
SSTR1,ENSG00000139874,gencode
CDH24,ENSG00000139880,gencode
REM2,ENSG00000139890,gencode
CBLN3,ENSG00000139899,gencode
TSSK4,ENSG00000139908,gencode
NOVA1,ENSG00000139910,gencode
FITM1,ENSG00000139914,gencode
MDGA2,ENSG00000139915,gencode
TMX1,ENSG00000139921,gencode
FRMD6,ENSG00000139926,gencode
PELI2,ENSG00000139946,gencode
RTN1,ENSG00000139970,gencode
ARMH4,ENSG00000139971,gencode
SYT16,ENSG00000139973,gencode
SLC38A6,ENSG00000139974,gencode
NAA30,ENSG00000139977,gencode
ADAM21,ENSG00000139985,gencode
RDH12,ENSG00000139988,gencode
DCAF5,ENSG00000139990,gencode
RAB15,ENSG00000139998,gencode
WDR89,ENSG00000140006,gencode
KCNH5,ENSG00000140015,gencode
STON2,ENSG00000140022,gencode
EFCAB11,ENSG00000140025,gencode
GPR65,ENSG00000140030,gencode
PTGR2,ENSG00000140043,gencode
JDP2,ENSG00000140044,gencode
AK7,ENSG00000140057,gencode
FAM181A,ENSG00000140067,gencode
SLC24A4,ENSG00000140090,gencode
FBLN5,ENSG00000140092,gencode
SERPINA10,ENSG00000140093,gencode
CLBA1,ENSG00000140104,gencode
WARS,ENSG00000140105,gencode
SLC25A47,ENSG00000140107,gencode
WDR20,ENSG00000140153,gencode
NIPA2,ENSG00000140157,gencode
SLC12A6,ENSG00000140199,gencode
DUOXA1,ENSG00000140254,gencode
MFAP1,ENSG00000140259,gencode
TCF12,ENSG00000140262,gencode
SORD,ENSG00000140263,gencode
SERF2,ENSG00000140264,gencode
ZSCAN29,ENSG00000140265,gencode
DUOXA2,ENSG00000140274,gencode
DUOX2,ENSG00000140279,gencode
LYSMD2,ENSG00000140280,gencode
SLC27A2,ENSG00000140284,gencode
FGF7,ENSG00000140285,gencode
HDC,ENSG00000140287,gencode
GCNT3,ENSG00000140297,gencode
BNIP2,ENSG00000140299,gencode
GTF2A2,ENSG00000140307,gencode
BAHD1,ENSG00000140320,gencode
DISP2,ENSG00000140323,gencode
CDAN1,ENSG00000140326,gencode
TLE3,ENSG00000140332,gencode
ANP32A,ENSG00000140350,gencode
COMMD4,ENSG00000140365,gencode
UBE2Q2,ENSG00000140367,gencode
PSTPIP1,ENSG00000140368,gencode
ETFA,ENSG00000140374,gencode
BCL2A1,ENSG00000140379,gencode
HMG20A,ENSG00000140382,gencode
SCAPER,ENSG00000140386,gencode
TSPAN3,ENSG00000140391,gencode
WDR61,ENSG00000140395,gencode
NCOA2,ENSG00000140396,gencode
NEIL1,ENSG00000140398,gencode
DNAJA4,ENSG00000140403,gencode
TLNRD1,ENSG00000140406,gencode
TPM1,ENSG00000140416,gencode
IGF1R,ENSG00000140443,gencode
ARRDC4,ENSG00000140450,gencode
PIF1,ENSG00000140451,gencode
USP3,ENSG00000140455,gencode
CYP11A1,ENSG00000140459,gencode
BBS4,ENSG00000140463,gencode
PML,ENSG00000140464,gencode
CYP1A1,ENSG00000140465,gencode
ADAMTS17,ENSG00000140470,gencode
LINS1,ENSG00000140471,gencode
ULK3,ENSG00000140474,gencode
GOLGA6D,ENSG00000140478,gencode
PCSK6,ENSG00000140479,gencode
CCDC33,ENSG00000140481,gencode
CELF6,ENSG00000140488,gencode
SCAMP2,ENSG00000140497,gencode
CYP1A2,ENSG00000140505,gencode
LMAN1L,ENSG00000140506,gencode
HAPLN3,ENSG00000140511,gencode
RHCG,ENSG00000140519,gencode
POLG,ENSG00000140521,gencode
RLBP1,ENSG00000140522,gencode
FANCI,ENSG00000140525,gencode
ABHD2,ENSG00000140526,gencode
WDR93,ENSG00000140527,gencode
TICRR,ENSG00000140534,gencode
NTRK3,ENSG00000140538,gencode
DET1,ENSG00000140543,gencode
MFGE8,ENSG00000140545,gencode
ZNF710,ENSG00000140548,gencode
UNC45A,ENSG00000140553,gencode
ST8SIA2,ENSG00000140557,gencode
MCTP2,ENSG00000140563,gencode
FURIN,ENSG00000140564,gencode
IQGAP1,ENSG00000140575,gencode
CRTC3,ENSG00000140577,gencode
EFL1,ENSG00000140598,gencode
SH3GL3,ENSG00000140600,gencode
SEC11A,ENSG00000140612,gencode
SEPTIN12,ENSG00000140623,gencode
GLYR1,ENSG00000140632,gencode
PMM2,ENSG00000140650,gencode
SLC5A2,ENSG00000140675,gencode
ITGAX,ENSG00000140678,gencode
TGFB1I1,ENSG00000140682,gencode
C16orf58,ENSG00000140688,gencode
ARMC5,ENSG00000140691,gencode
PARN,ENSG00000140694,gencode
FTO,ENSG00000140718,gencode
UQCRC2,ENSG00000140740,gencode
CDR2,ENSG00000140743,gencode
IGSF6,ENSG00000140749,gencode
ARHGAP17,ENSG00000140750,gencode
MYLK3,ENSG00000140795,gencode
ABCC12,ENSG00000140798,gencode
NKD1,ENSG00000140807,gencode
DHX38,ENSG00000140829,gencode
TXNL4B,ENSG00000140830,gencode
MARVELD3,ENSG00000140832,gencode
CHST4,ENSG00000140835,gencode
ZFHX3,ENSG00000140836,gencode
CLEC18B,ENSG00000140839,gencode
CPNE2,ENSG00000140848,gencode
NLRC5,ENSG00000140853,gencode
KATNB1,ENSG00000140854,gencode
KIFC3,ENSG00000140859,gencode
ADAMTS18,ENSG00000140873,gencode
NUDT7,ENSG00000140876,gencode
GCSH,ENSG00000140905,gencode
CMTM3,ENSG00000140931,gencode
CMTM2,ENSG00000140932,gencode
CDH11,ENSG00000140937,gencode
NOL3,ENSG00000140939,gencode
MAP1LC3B,ENSG00000140941,gencode
MBTPS1,ENSG00000140943,gencode
CDH13,ENSG00000140945,gencode
ZCCHC14,ENSG00000140948,gencode
MEAK7,ENSG00000140950,gencode
ADAD2,ENSG00000140955,gencode
OSGIN1,ENSG00000140961,gencode
IRF8,ENSG00000140968,gencode
RHOT2,ENSG00000140983,gencode
ZSCAN32,ENSG00000140987,gencode
NDUFB10,ENSG00000140990,gencode
PDPK1,ENSG00000140992,gencode
TIGD7,ENSG00000140993,gencode
DEF8,ENSG00000140995,gencode
TCF25,ENSG00000141002,gencode
GALNS,ENSG00000141012,gencode
GAS8,ENSG00000141013,gencode
MED9,ENSG00000141026,gencode
NCOR1,ENSG00000141027,gencode
COPS3,ENSG00000141030,gencode
GID4,ENSG00000141034,gencode
ZNF287,ENSG00000141040,gencode
MYOCD,ENSG00000141052,gencode
KSR1,ENSG00000141068,gencode
UTP4,ENSG00000141076,gencode
RANBP10,ENSG00000141084,gencode
CTRL,ENSG00000141086,gencode
DPEP3,ENSG00000141096,gencode
GFOD2,ENSG00000141098,gencode
NOB1,ENSG00000141101,gencode
PRPSAP2,ENSG00000141127,gencode
UNC45B,ENSG00000141161,gencode
PCTP,ENSG00000141179,gencode
OR4D1,ENSG00000141194,gencode
TOM1L1,ENSG00000141198,gencode
KIF2B,ENSG00000141200,gencode
C17orf80,ENSG00000141219,gencode
TOB1,ENSG00000141232,gencode
VPS53,ENSG00000141252,gencode
SPATA22,ENSG00000141255,gencode
SGSM2,ENSG00000141258,gencode
NPEPPS,ENSG00000141279,gencode
SKAP1,ENSG00000141293,gencode
LRRC46,ENSG00000141294,gencode
SCRN2,ENSG00000141295,gencode
SSH2,ENSG00000141298,gencode
RHBDL3,ENSG00000141314,gencode
SPACA3,ENSG00000141316,gencode
ARSG,ENSG00000141337,gencode
ABCA8,ENSG00000141338,gencode
G6PC3,ENSG00000141349,gencode
CLTC,ENSG00000141367,gencode
C17orf64,ENSG00000141371,gencode
BCAS3,ENSG00000141376,gencode
PTRH2,ENSG00000141378,gencode
SS18,ENSG00000141380,gencode
TAF4B,ENSG00000141384,gencode
AFG3L2,ENSG00000141385,gencode
PRELID3A,ENSG00000141391,gencode
IMPA2,ENSG00000141401,gencode
GNAL,ENSG00000141404,gencode
SLC39A6,ENSG00000141424,gencode
RPRD1A,ENSG00000141425,gencode
C18orf21,ENSG00000141428,gencode
GALNT1,ENSG00000141429,gencode
ASXL3,ENSG00000141431,gencode
ADCYAP1,ENSG00000141433,gencode
MEP1B,ENSG00000141434,gencode
SLC25A52,ENSG00000141437,gencode
GAREM1,ENSG00000141441,gencode
ESCO1,ENSG00000141446,gencode
OSBPL1A,ENSG00000141447,gencode
GATA6,ENSG00000141448,gencode
GREB1L,ENSG00000141449,gencode
RMC1,ENSG00000141452,gencode
PELP1,ENSG00000141456,gencode
NPC1,ENSG00000141458,gencode
SLC14A1,ENSG00000141469,gencode
ARRB2,ENSG00000141480,gencode
SLC13A5,ENSG00000141485,gencode
ZMYND15,ENSG00000141497,gencode
WRAP53,ENSG00000141499,gencode
MINK1,ENSG00000141503,gencode
SAT2,ENSG00000141504,gencode
ASGR1,ENSG00000141505,gencode
PIK3R5,ENSG00000141506,gencode
TP53,ENSG00000141510,gencode
CCDC40,ENSG00000141519,gencode
ARHGDIA,ENSG00000141522,gencode
TMC6,ENSG00000141524,gencode
SLC16A3,ENSG00000141526,gencode
CARD14,ENSG00000141527,gencode
TTYH2,ENSG00000141540,gencode
RAB40B,ENSG00000141542,gencode
EIF4A3,ENSG00000141543,gencode
CSNK1D,ENSG00000141551,gencode
ANAPC11,ENSG00000141552,gencode
TBCD,ENSG00000141556,gencode
FN3KRP,ENSG00000141560,gencode
NARF,ENSG00000141562,gencode
RPTOR,ENSG00000141564,gencode
FOXK2,ENSG00000141568,gencode
TRIM65,ENSG00000141569,gencode
CBX8,ENSG00000141570,gencode
SECTM1,ENSG00000141574,gencode
RNF157,ENSG00000141576,gencode
CEP131,ENSG00000141577,gencode
ZNF750,ENSG00000141579,gencode
WDR45B,ENSG00000141580,gencode
CBX4,ENSG00000141582,gencode
RNF165,ENSG00000141622,gencode
DYM,ENSG00000141627,gencode
MAPK4,ENSG00000141639,gencode
ELAC1,ENSG00000141642,gencode
MBD1,ENSG00000141644,gencode
SMAD4,ENSG00000141646,gencode
TNFRSF11A,ENSG00000141655,gencode
ZCCHC2,ENSG00000141664,gencode
FBXO15,ENSG00000141665,gencode
CBLN2,ENSG00000141668,gencode
PMAIP1,ENSG00000141682,gencode
P3H4,ENSG00000141696,gencode
NT5C3B,ENSG00000141698,gencode
RETREG3,ENSG00000141699,gencode
ERBB2,ENSG00000141736,gencode
GRB7,ENSG00000141738,gencode
MIEN1,ENSG00000141741,gencode
PNMT,ENSG00000141744,gencode
ARL5C,ENSG00000141748,gencode
STAC2,ENSG00000141750,gencode
IGFBP4,ENSG00000141753,gencode
FKBP10,ENSG00000141756,gencode
TXNL4A,ENSG00000141759,gencode
SAMD1,ENSG00000141858,gencode
BRD4,ENSG00000141867,gencode
SLC39A3,ENSG00000141873,gencode
NFIC,ENSG00000141905,gencode
TPGS1,ENSG00000141933,gencode
PLPP2,ENSG00000141934,gencode
ZIM3,ENSG00000141946,gencode
PRDM15,ENSG00000141956,gencode
FEM1A,ENSG00000141965,gencode
VAV1,ENSG00000141968,gencode
MVB12A,ENSG00000141971,gencode
CIB3,ENSG00000141977,gencode
SH3GL1,ENSG00000141985,gencode
DUS3L,ENSG00000141994,gencode
DPP9,ENSG00000142002,gencode
DMRTC2,ENSG00000142025,gencode
CCDC97,ENSG00000142039,gencode
TMEM91,ENSG00000142046,gencode
ZFP14,ENSG00000142065,gencode
SIRT3,ENSG00000142082,gencode
IFITM3,ENSG00000142089,gencode
PGGHG,ENSG00000142102,gencode
HUNK,ENSG00000142149,gencode
COL6A1,ENSG00000142156,gencode
IFNAR1,ENSG00000142166,gencode
SOD1,ENSG00000142168,gencode
COL6A2,ENSG00000142173,gencode
DNMT3L,ENSG00000142182,gencode
TRPM2,ENSG00000142185,gencode
SCYL1,ENSG00000142186,gencode
TMEM50B,ENSG00000142188,gencode
APP,ENSG00000142192,gencode
DOP1B,ENSG00000142197,gencode
URB1,ENSG00000142207,gencode
AKT1,ENSG00000142208,gencode
IL19,ENSG00000142224,gencode
EMP3,ENSG00000142227,gencode
SAE1,ENSG00000142230,gencode
LMTK3,ENSG00000142235,gencode
GEMIN7,ENSG00000142252,gencode
CBLC,ENSG00000142273,gencode
WTIP,ENSG00000142279,gencode
ADAMTS10,ENSG00000142303,gencode
SLC6A3,ENSG00000142319,gencode
RNPEPL1,ENSG00000142327,gencode
MYO1F,ENSG00000142347,gencode
ERVK3-1,ENSG00000142396,gencode
NLRP12,ENSG00000142405,gencode
CACNG8,ENSG00000142408,gencode
ZNF787,ENSG00000142409,gencode
TIMM29,ENSG00000142444,gencode
FBN3,ENSG00000142449,gencode
CARM1,ENSG00000142453,gencode
EVI5L,ENSG00000142459,gencode
TM4SF5,ENSG00000142484,gencode
SLC47A1,ENSG00000142494,gencode
PSMB6,ENSG00000142507,gencode
GPR32,ENSG00000142511,gencode
SIGLEC10,ENSG00000142512,gencode
ACP4,ENSG00000142513,gencode
KLK3,ENSG00000142515,gencode
ZNF473,ENSG00000142528,gencode
FAM71E1,ENSG00000142530,gencode
PTH2,ENSG00000142538,gencode
CTU1,ENSG00000142544,gencode
NOSIP,ENSG00000142546,gencode
IGLON5,ENSG00000142549,gencode
RCN3,ENSG00000142552,gencode
ZNF614,ENSG00000142556,gencode
SLC2A5,ENSG00000142583,gencode
RERE,ENSG00000142599,gencode
MMEL1,ENSG00000142606,gencode
CFAP74,ENSG00000142609,gencode
PRDM16,ENSG00000142611,gencode
CELA2A,ENSG00000142615,gencode
PADI3,ENSG00000142619,gencode
FHAD1,ENSG00000142621,gencode
PADI1,ENSG00000142623,gencode
EPHA2,ENSG00000142627,gencode
ARHGEF19,ENSG00000142632,gencode
EFHD2,ENSG00000142634,gencode
PEX14,ENSG00000142655,gencode
PGD,ENSG00000142657,gencode
MYOM3,ENSG00000142661,gencode
SH3BGRL3,ENSG00000142669,gencode
CNKSR1,ENSG00000142675,gencode
IL22RA1,ENSG00000142677,gencode
ZNF593,ENSG00000142684,gencode
C1orf216,ENSG00000142686,gencode
KIAA0319L,ENSG00000142687,gencode
EVA1B,ENSG00000142694,gencode
C1orf94,ENSG00000142698,gencode
DMRTA2,ENSG00000142700,gencode
PLK4,ENSG00000142731,gencode
MAP3K6,ENSG00000142733,gencode
FCN3,ENSG00000142748,gencode
GPN2,ENSG00000142751,gencode
SYTL1,ENSG00000142765,gencode
WDTC1,ENSG00000142784,gencode
CELA3A,ENSG00000142789,gencode
NBPF3,ENSG00000142794,gencode
HSPG2,ENSG00000142798,gencode
ITGB3BP,ENSG00000142856,gencode
SERBP1,ENSG00000142864,gencode
BCL10,ENSG00000142867,gencode
CCN1,ENSG00000142871,gencode
PRKACB,ENSG00000142875,gencode
PIGK,ENSG00000142892,gencode
TINAGL1,ENSG00000142910,gencode
AZIN2,ENSG00000142920,gencode
KIF2C,ENSG00000142945,gencode
PTPRF,ENSG00000142949,gencode
BEST4,ENSG00000142959,gencode
MOB3C,ENSG00000142961,gencode
CYP4B1,ENSG00000142973,gencode
TMEM61,ENSG00000143001,gencode
DMRTB1,ENSG00000143006,gencode
LMO4,ENSG00000143013,gencode
SYPL2,ENSG00000143028,gencode
BARHL2,ENSG00000143032,gencode
MTF2,ENSG00000143033,gencode
SLC44A3,ENSG00000143036,gencode
IGSF3,ENSG00000143061,gencode
ZNF697,ENSG00000143067,gencode
CTTNBP2NL,ENSG00000143079,gencode
STRIP1,ENSG00000143093,gencode
KCNA10,ENSG00000143105,gencode
PSMA5,ENSG00000143106,gencode
FNDC7,ENSG00000143107,gencode
C1orf162,ENSG00000143110,gencode
CD53,ENSG00000143119,gencode
PROK1,ENSG00000143125,gencode
CELSR2,ENSG00000143126,gencode
ITGA10,ENSG00000143127,gencode
GPR161,ENSG00000143147,gencode
ALDH9A1,ENSG00000143149,gencode
ATP1B1,ENSG00000143153,gencode
TIPRL,ENSG00000143155,gencode
NME7,ENSG00000143156,gencode
POGK,ENSG00000143157,gencode
MPC2,ENSG00000143158,gencode
CREG1,ENSG00000143162,gencode
DCAF6,ENSG00000143164,gencode
GPA33,ENSG00000143167,gencode
RXRG,ENSG00000143171,gencode
TBX19,ENSG00000143178,gencode
UCK2,ENSG00000143179,gencode
TMCO1,ENSG00000143183,gencode
XCL1,ENSG00000143184,gencode
XCL2,ENSG00000143185,gencode
POU2F1,ENSG00000143190,gencode
MAEL,ENSG00000143194,gencode
ILDR2,ENSG00000143195,gencode
DPT,ENSG00000143196,gencode
MGST3,ENSG00000143198,gencode
ADCY10,ENSG00000143199,gencode
COP1,ENSG00000143207,gencode
NECTIN4,ENSG00000143217,gencode
UFC1,ENSG00000143222,gencode
PPOX,ENSG00000143224,gencode
FCGR2A,ENSG00000143226,gencode
NUF2,ENSG00000143228,gencode
RGS5,ENSG00000143248,gencode
SDHC,ENSG00000143252,gencode
PFDN2,ENSG00000143256,gencode
NR1I3,ENSG00000143257,gencode
USP21,ENSG00000143258,gencode
F13B,ENSG00000143278,gencode
PRCC,ENSG00000143294,gencode
FCRL5,ENSG00000143297,gencode
RRNAD1,ENSG00000143303,gencode
PIGM,ENSG00000143315,gencode
CASQ1,ENSG00000143318,gencode
ISG20L2,ENSG00000143319,gencode
CRABP2,ENSG00000143320,gencode
HDGF,ENSG00000143321,gencode
ABL2,ENSG00000143322,gencode
XPR1,ENSG00000143324,gencode
RGS16,ENSG00000143333,gencode
TOR1AIP1,ENSG00000143337,gencode
FAM163A,ENSG00000143340,gencode
HMCN1,ENSG00000143341,gencode
RGL1,ENSG00000143344,gencode
LYPLAL1,ENSG00000143353,gencode
LHX9,ENSG00000143355,gencode
PRUNE1,ENSG00000143363,gencode
RORC,ENSG00000143365,gencode
TUFT1,ENSG00000143367,gencode
SF3B4,ENSG00000143368,gencode
ECM1,ENSG00000143369,gencode
ZNF687,ENSG00000143373,gencode
TARS2,ENSG00000143374,gencode
CGN,ENSG00000143375,gencode
SNX27,ENSG00000143376,gencode
SETDB1,ENSG00000143379,gencode
ADAMTSL4,ENSG00000143382,gencode
MCL1,ENSG00000143384,gencode
CTSK,ENSG00000143387,gencode
RFX5,ENSG00000143390,gencode
PI4KB,ENSG00000143393,gencode
PIP5K1A,ENSG00000143398,gencode
ANP32E,ENSG00000143401,gencode
MINDY1,ENSG00000143409,gencode
ANXA9,ENSG00000143412,gencode
SELENBP1,ENSG00000143416,gencode
CERS2,ENSG00000143418,gencode
ENSA,ENSG00000143420,gencode
SEMA6C,ENSG00000143434,gencode
ARNT,ENSG00000143437,gencode
POGZ,ENSG00000143442,gencode
C1orf56,ENSG00000143443,gencode
OAZ3,ENSG00000143450,gencode
HORMAD1,ENSG00000143452,gencode
GOLPH3L,ENSG00000143457,gencode
GABPB2,ENSG00000143458,gencode
SYT14,ENSG00000143469,gencode
KCNH1,ENSG00000143473,gencode
DTL,ENSG00000143476,gencode
DYRK3,ENSG00000143479,gencode
EIF2D,ENSG00000143486,gencode
INTS7,ENSG00000143493,gencode
VASH2,ENSG00000143494,gencode
TAF1A,ENSG00000143498,gencode
SMYD2,ENSG00000143499,gencode
SUSD4,ENSG00000143502,gencode
DUSP10,ENSG00000143507,gencode
HHIPL2,ENSG00000143512,gencode
TP53BP2,ENSG00000143514,gencode
ATP8B2,ENSG00000143515,gencode
FLG2,ENSG00000143520,gencode
CRNN,ENSG00000143536,gencode
ADAM15,ENSG00000143537,gencode
JTB,ENSG00000143543,gencode
RAB13,ENSG00000143545,gencode
S100A8,ENSG00000143546,gencode
NUP210L,ENSG00000143552,gencode
SNAPIN,ENSG00000143553,gencode
SLC27A3,ENSG00000143554,gencode
S100A7,ENSG00000143556,gencode
UBAP2L,ENSG00000143569,gencode
SLC39A1,ENSG00000143570,gencode
HAX1,ENSG00000143575,gencode
CREB3L4,ENSG00000143578,gencode
EFNA3,ENSG00000143590,gencode
AQP10,ENSG00000143595,gencode
KCNN3,ENSG00000143603,gencode
C1orf43,ENSG00000143612,gencode
GATAD2B,ENSG00000143614,gencode
ILF2,ENSG00000143621,gencode
RIT1,ENSG00000143622,gencode
INTS3,ENSG00000143624,gencode
PKLR,ENSG00000143627,gencode
HCN3,ENSG00000143630,gencode
FLG,ENSG00000143631,gencode
ACTA1,ENSG00000143632,gencode
C1orf131,ENSG00000143633,gencode
GALNT2,ENSG00000143641,gencode
TTC13,ENSG00000143643,gencode
SCCPDH,ENSG00000143653,gencode
LYST,ENSG00000143669,gencode
MAP3K21,ENSG00000143674,gencode
CEP170,ENSG00000143702,gencode
ACP1,ENSG00000143727,gencode
SNAP47,ENSG00000143740,gencode
SRP9,ENSG00000143742,gencode
NVL,ENSG00000143748,gencode
SDE2,ENSG00000143751,gencode
DEGS1,ENSG00000143753,gencode
FBXO28,ENSG00000143756,gencode
ARF1,ENSG00000143761,gencode
LEFTY2,ENSG00000143768,gencode
CNIH4,ENSG00000143771,gencode
ITPKB,ENSG00000143772,gencode
GUK1,ENSG00000143774,gencode
CDC42BPA,ENSG00000143776,gencode
CNIH3,ENSG00000143786,gencode
C1orf35,ENSG00000143793,gencode
MBOAT2,ENSG00000143797,gencode
PARP1,ENSG00000143799,gencode
PSEN2,ENSG00000143801,gencode
PYCR2,ENSG00000143811,gencode
LBR,ENSG00000143815,gencode
WNT9A,ENSG00000143816,gencode
EPHX1,ENSG00000143819,gencode
REN,ENSG00000143839,gencode
SOX13,ENSG00000143842,gencode
ETNK2,ENSG00000143845,gencode
PPFIA4,ENSG00000143847,gencode
PLEKHA6,ENSG00000143850,gencode
PTPN7,ENSG00000143851,gencode
SYT2,ENSG00000143858,gencode
ARL8A,ENSG00000143862,gencode
OSR1,ENSG00000143867,gencode
GDF7,ENSG00000143869,gencode
PDIA6,ENSG00000143870,gencode
RHOB,ENSG00000143878,gencode
ATP6V1C2,ENSG00000143882,gencode
HNRNPLL,ENSG00000143889,gencode
GALM,ENSG00000143891,gencode
CAMKMT,ENSG00000143919,gencode
ABCG8,ENSG00000143921,gencode
EML4,ENSG00000143924,gencode
CALM2,ENSG00000143933,gencode
CHAC2,ENSG00000143942,gencode
WDPCP,ENSG00000143951,gencode
VPS54,ENSG00000143952,gencode
REG3G,ENSG00000143954,gencode
ASXL2,ENSG00000143970,gencode
ETAA1,ENSG00000143971,gencode
SNRPG,ENSG00000143977,gencode
ABHD1,ENSG00000143994,gencode
MEIS1,ENSG00000143995,gencode
TRIM43B,ENSG00000144010,gencode
TRIM43,ENSG00000144015,gencode
CIAO1,ENSG00000144021,gencode
ZNF514,ENSG00000144026,gencode
SNRNP200,ENSG00000144028,gencode
ANKRD53,ENSG00000144031,gencode
TPRKB,ENSG00000144034,gencode
NAT8,ENSG00000144035,gencode
EXOC6B,ENSG00000144036,gencode
SFXN5,ENSG00000144040,gencode
TEX261,ENSG00000144043,gencode
DQX1,ENSG00000144045,gencode
DUSP11,ENSG00000144048,gencode
ST6GAL2,ENSG00000144057,gencode
NPHP1,ENSG00000144061,gencode
MALL,ENSG00000144063,gencode
THNSL2,ENSG00000144115,gencode
RALB,ENSG00000144118,gencode
C1QL2,ENSG00000144119,gencode
TMEM177,ENSG00000144120,gencode
NT5DC4,ENSG00000144130,gencode
RABL2A,ENSG00000144134,gencode
SLC20A1,ENSG00000144136,gencode
FBLN7,ENSG00000144152,gencode
ZC3H8,ENSG00000144161,gencode
LIPT1,ENSG00000144182,gencode
CNGA3,ENSG00000144191,gencode
FAHD2B,ENSG00000144199,gencode
LYG1,ENSG00000144214,gencode
AFF3,ENSG00000144218,gencode
UBXN4,ENSG00000144224,gencode
NXPH2,ENSG00000144227,gencode
SPOPL,ENSG00000144228,gencode
THSD7B,ENSG00000144229,gencode
GPR17,ENSG00000144230,gencode
POLR2D,ENSG00000144231,gencode
AMMECR1L,ENSG00000144233,gencode
GALNT13,ENSG00000144278,gencode
PKP4,ENSG00000144283,gencode
SCN1A,ENSG00000144285,gencode
SLC4A10,ENSG00000144290,gencode
SCRN3,ENSG00000144306,gencode
LNPK,ENSG00000144320,gencode
ZNF385B,ENSG00000144331,gencode
TMEFF2,ENSG00000144339,gencode
CDCA7,ENSG00000144354,gencode
DLX1,ENSG00000144355,gencode
UBR3,ENSG00000144357,gencode
PHOSPHO2,ENSG00000144362,gencode
GULP1,ENSG00000144366,gencode
FAM171B,ENSG00000144369,gencode
HSPD1,ENSG00000144381,gencode
CCDC150,ENSG00000144395,gencode
METTL21A,ENSG00000144401,gencode
UNC80,ENSG00000144406,gencode
PTH2R,ENSG00000144407,gencode
CPO,ENSG00000144410,gencode
NBEAL1,ENSG00000144426,gencode
KANSL1L,ENSG00000144445,gencode
SPAG16,ENSG00000144451,gencode
ABCA12,ENSG00000144452,gencode
SUMF1,ENSG00000144455,gencode
NYAP2,ENSG00000144460,gencode
RHBDD1,ENSG00000144468,gencode
ACKR3,ENSG00000144476,gencode
TRPM8,ENSG00000144481,gencode
HES6,ENSG00000144485,gencode
ESPNL,ENSG00000144488,gencode
ANKMY1,ENSG00000144504,gencode
COPS7B,ENSG00000144524,gencode
DIS3L2,ENSG00000144535,gencode
CPNE9,ENSG00000144550,gencode
FANCD2,ENSG00000144554,gencode
TAMM41,ENSG00000144559,gencode
VGLL4,ENSG00000144560,gencode
RAB5A,ENSG00000144566,gencode
RETREG2,ENSG00000144567,gencode
CTDSP1,ENSG00000144579,gencode
CNOT9,ENSG00000144580,gencode
MARCH4,ENSG00000144583,gencode
STK11IP,ENSG00000144589,gencode
GMPPA,ENSG00000144591,gencode
GRIP2,ENSG00000144596,gencode
EAF1,ENSG00000144597,gencode
CNTN4,ENSG00000144619,gencode
DYNC1LI1,ENSG00000144635,gencode
RBMS3,ENSG00000144642,gencode
GADL1,ENSG00000144644,gencode
OSBPL10,ENSG00000144645,gencode
POMGNT2,ENSG00000144647,gencode
ACKR2,ENSG00000144648,gencode
GASK1A,ENSG00000144649,gencode
CSRNP1,ENSG00000144655,gencode
SLC25A38,ENSG00000144659,gencode
ITGA9,ENSG00000144668,gencode
SLC22A14,ENSG00000144671,gencode
CTDSPL,ENSG00000144677,gencode
STAC,ENSG00000144681,gencode
IQSEC1,ENSG00000144711,gencode
CAND2,ENSG00000144712,gencode
PTPRG,ENSG00000144724,gencode
IL17RD,ENSG00000144730,gencode
SHQ1,ENSG00000144736,gencode
SLC25A26,ENSG00000144741,gencode
UBA3,ENSG00000144744,gencode
ARL6IP5,ENSG00000144746,gencode
TMF1,ENSG00000144747,gencode
LRIG1,ENSG00000144749,gencode
LIMD1,ENSG00000144791,gencode
ZNF660,ENSG00000144792,gencode
NFKBIZ,ENSG00000144802,gencode
COL8A1,ENSG00000144810,gencode
NXPE3,ENSG00000144815,gencode
ADGRG7,ENSG00000144820,gencode
MYH15,ENSG00000144821,gencode
PHLDB2,ENSG00000144824,gencode
ABHD10,ENSG00000144827,gencode
TAGLN3,ENSG00000144834,gencode
PLA1A,ENSG00000144837,gencode
RABL3,ENSG00000144840,gencode
ADPRH,ENSG00000144843,gencode
IGSF11,ENSG00000144847,gencode
ATG3,ENSG00000144848,gencode
NR1I2,ENSG00000144852,gencode
BOC,ENSG00000144857,gencode
SRPRB,ENSG00000144867,gencode
TMEM108,ENSG00000144868,gencode
AGTR1,ENSG00000144891,gencode
MED12L,ENSG00000144893,gencode
EIF2A,ENSG00000144895,gencode
ALDH1L1,ENSG00000144908,gencode
OSBPL11,ENSG00000144909,gencode
TRPC1,ENSG00000144935,gencode
NCEH1,ENSG00000144959,gencode
SPATA16,ENSG00000144962,gencode
LPP,ENSG00000145012,gencode
TMEM44,ENSG00000145014,gencode
RUBCN,ENSG00000145016,gencode
AMT,ENSG00000145020,gencode
TCTA,ENSG00000145022,gencode
NICN1,ENSG00000145029,gencode
UCN2,ENSG00000145040,gencode
DCAF1,ENSG00000145041,gencode
MANF,ENSG00000145050,gencode
STXBP5L,ENSG00000145087,gencode
EAF2,ENSG00000145088,gencode
ILDR1,ENSG00000145103,gencode
TM4SF19,ENSG00000145107,gencode
MUC4,ENSG00000145113,gencode
SLIT2,ENSG00000145147,gencode
EIF2B5,ENSG00000145191,gencode
AHSG,ENSG00000145192,gencode
ECE2,ENSG00000145194,gencode
VWA5B2,ENSG00000145198,gencode
DGKQ,ENSG00000145214,gencode
FIP1L1,ENSG00000145216,gencode
SLC26A1,ENSG00000145217,gencode
LYAR,ENSG00000145220,gencode
CENPC,ENSG00000145241,gencode
EPHA5,ENSG00000145242,gencode
CORIN,ENSG00000145244,gencode
ATP10D,ENSG00000145246,gencode
OCIAD2,ENSG00000145247,gencode
SLC10A4,ENSG00000145248,gencode
SLC10A6,ENSG00000145283,gencode
SCD5,ENSG00000145284,gencode
PLAC8,ENSG00000145287,gencode
ENOPH1,ENSG00000145293,gencode
CABS1,ENSG00000145309,gencode
GC,ENSG00000145321,gencode
TRMT10A,ENSG00000145331,gencode
KLHL8,ENSG00000145332,gencode
SNCA,ENSG00000145335,gencode
PYURF,ENSG00000145337,gencode
TBCK,ENSG00000145348,gencode
CAMK2D,ENSG00000145349,gencode
CISD2,ENSG00000145354,gencode
DDIT4L,ENSG00000145358,gencode
ANK2,ENSG00000145362,gencode
TIFA,ENSG00000145365,gencode
SPATA5,ENSG00000145375,gencode
FABP2,ENSG00000145384,gencode
CCNA2,ENSG00000145386,gencode
METTL14,ENSG00000145388,gencode
USP53,ENSG00000145390,gencode
SETD7,ENSG00000145391,gencode
NAF1,ENSG00000145414,gencode
MARCH1,ENSG00000145416,gencode
SFRP2,ENSG00000145423,gencode
RNF175,ENSG00000145428,gencode
PDGFC,ENSG00000145431,gencode
CBR4,ENSG00000145439,gencode
GLRA3,ENSG00000145451,gencode
CYP4V2,ENSG00000145476,gencode
ROPN1L,ENSG00000145491,gencode
NDUFS6,ENSG00000145494,gencode
MARCH6,ENSG00000145495,gencode
NKD2,ENSG00000145506,gencode
CDH18,ENSG00000145526,gencode
ADAMTS16,ENSG00000145536,gencode
SRD5A1,ENSG00000145545,gencode
MYO10,ENSG00000145555,gencode
OTULINL,ENSG00000145569,gencode
SKP2,ENSG00000145604,gencode
OSMR,ENSG00000145623,gencode
UGT3A1,ENSG00000145626,gencode
PLK2,ENSG00000145632,gencode
SHISAL2B,ENSG00000145642,gencode
GZMA,ENSG00000145649,gencode
PIK3R1,ENSG00000145675,gencode
HAPLN1,ENSG00000145681,gencode
LHFPL2,ENSG00000145685,gencode
SSBP2,ENSG00000145687,gencode
BHMT,ENSG00000145692,gencode
ANKRD31,ENSG00000145700,gencode
IQGAP2,ENSG00000145703,gencode
CRHBP,ENSG00000145708,gencode
RASA1,ENSG00000145715,gencode
LIX1,ENSG00000145721,gencode
GIN1,ENSG00000145723,gencode
PPIP5K2,ENSG00000145725,gencode
PAM,ENSG00000145730,gencode
BDP1,ENSG00000145734,gencode
GTF2H2,ENSG00000145736,gencode
SLC30A5,ENSG00000145740,gencode
BTF3,ENSG00000145741,gencode
FBXL17,ENSG00000145743,gencode
SPATA9,ENSG00000145757,gencode
TSLP,ENSG00000145777,gencode
TNFAIP8,ENSG00000145779,gencode
FEM1C,ENSG00000145780,gencode
COMMD10,ENSG00000145781,gencode
ATG12,ENSG00000145782,gencode
MEGF10,ENSG00000145794,gencode
ADAMTS19,ENSG00000145808,gencode
YIPF5,ENSG00000145817,gencode
ARHGAP26,ENSG00000145819,gencode
CXCL14,ENSG00000145824,gencode
LECT2,ENSG00000145826,gencode
SLC25A48,ENSG00000145832,gencode
DDX46,ENSG00000145833,gencode
IL9,ENSG00000145839,gencode
TIMD4,ENSG00000145850,gencode
RNF145,ENSG00000145860,gencode
C1QTNF2,ENSG00000145861,gencode
GABRA6,ENSG00000145863,gencode
GABRB2,ENSG00000145864,gencode
FBXO38,ENSG00000145868,gencode
SPINK7,ENSG00000145879,gencode
PCYOX1L,ENSG00000145882,gencode
GLRA1,ENSG00000145888,gencode
TNIP1,ENSG00000145901,gencode
ZNF300,ENSG00000145908,gencode
N4BP3,ENSG00000145911,gencode
NHP2,ENSG00000145912,gencode
RMND5B,ENSG00000145916,gencode
BOD1,ENSG00000145919,gencode
CPLX2,ENSG00000145920,gencode
TENM2,ENSG00000145934,gencode
KCNMB1,ENSG00000145936,gencode
FAM50B,ENSG00000145945,gencode
MYLK4,ENSG00000145949,gencode
FAM217A,ENSG00000145975,gencode
TBC1D7,ENSG00000145979,gencode
FARS2,ENSG00000145982,gencode
GFOD1,ENSG00000145990,gencode
CDKAL1,ENSG00000145996,gencode
PSD2,ENSG00000146005,gencode
LRRTM2,ENSG00000146006,gencode
ZMAT2,ENSG00000146007,gencode
GFRA3,ENSG00000146013,gencode
KLHL3,ENSG00000146021,gencode
DCDC2,ENSG00000146038,gencode
SLC17A4,ENSG00000146039,gencode
HIST1H2BA,ENSG00000146047,gencode
KAAG1,ENSG00000146049,gencode
TRIM7,ENSG00000146054,gencode
TRIM41,ENSG00000146063,gencode
HIGD2A,ENSG00000146066,gencode
FAM193B,ENSG00000146067,gencode
PLA2G7,ENSG00000146070,gencode
TNFRSF21,ENSG00000146072,gencode
RNF44,ENSG00000146083,gencode
MMUT,ENSG00000146085,gencode
RASGEF1C,ENSG00000146090,gencode
DOK3,ENSG00000146094,gencode
ABT1,ENSG00000146109,gencode
PPP1R18,ENSG00000146112,gencode
DAAM2,ENSG00000146122,gencode
PRIM2,ENSG00000146143,gencode
MLIP,ENSG00000146147,gencode
HMGCLL1,ENSG00000146151,gencode
LGSN,ENSG00000146166,gencode
FGD2,ENSG00000146192,gencode
SCUBE3,ENSG00000146197,gencode
CRIP3,ENSG00000146215,gencode
TTBK1,ENSG00000146216,gencode
TCTE1,ENSG00000146221,gencode
NFKBIE,ENSG00000146232,gencode
CYP39A1,ENSG00000146233,gencode
TPBG,ENSG00000146242,gencode
IRAK1BP1,ENSG00000146243,gencode
PHIP,ENSG00000146247,gencode
PRSS35,ENSG00000146250,gencode
MMS22L,ENSG00000146263,gencode
FAXC,ENSG00000146267,gencode
GABRR1,ENSG00000146276,gencode
PNRC1,ENSG00000146278,gencode
PM20D2,ENSG00000146281,gencode
RARS2,ENSG00000146282,gencode
SCML4,ENSG00000146285,gencode
TBC1D32,ENSG00000146350,gencode
CLVS2,ENSG00000146352,gencode
GPR6,ENSG00000146360,gencode
RNF217,ENSG00000146373,gencode
RSPO3,ENSG00000146374,gencode
ARHGAP18,ENSG00000146376,gencode
TAAR2,ENSG00000146378,gencode
TAAR6,ENSG00000146383,gencode
TAAR8,ENSG00000146385,gencode
ABRACL,ENSG00000146386,gencode
TAAR1,ENSG00000146399,gencode
SLC18B1,ENSG00000146409,gencode
MTFR2,ENSG00000146410,gencode
SLC2A12,ENSG00000146411,gencode
SHPRH,ENSG00000146414,gencode
AIG1,ENSG00000146416,gencode
DYNLT1,ENSG00000146425,gencode
TIAM2,ENSG00000146426,gencode
TMEM181,ENSG00000146433,gencode
PNLDC1,ENSG00000146453,gencode
WTAP,ENSG00000146457,gencode
ZMYM4,ENSG00000146463,gencode
VIP,ENSG00000146469,gencode
ARMT1,ENSG00000146476,gencode
SLC22A3,ENSG00000146477,gencode
VWDE,ENSG00000146530,gencode
GNA12,ENSG00000146535,gencode
C7orf50,ENSG00000146540,gencode
SDK1,ENSG00000146555,gencode
CCZ1B,ENSG00000146574,gencode
C7orf26,ENSG00000146576,gencode
RBAK,ENSG00000146587,gencode
CREB5,ENSG00000146592,gencode
FERD3L,ENSG00000146618,gencode
EGFR,ENSG00000146648,gencode
CDCA5,ENSG00000146670,gencode
IGFBP3,ENSG00000146674,gencode
PURB,ENSG00000146676,gencode
IGFBP1,ENSG00000146678,gencode
SSC4D,ENSG00000146700,gencode
MDH2,ENSG00000146701,gencode
POMZP3,ENSG00000146707,gencode
NIPSNAP2,ENSG00000146729,gencode
CCT6A,ENSG00000146731,gencode
PSPH,ENSG00000146733,gencode
TRIM50,ENSG00000146755,gencode
ZNF92,ENSG00000146757,gencode
ATXN7L1,ENSG00000146776,gencode
TMEM168,ENSG00000146802,gencode
ASB15,ENSG00000146809,gencode
SLC12A9,ENSG00000146828,gencode
GIGYF1,ENSG00000146830,gencode
TRIM4,ENSG00000146833,gencode
MEPCE,ENSG00000146834,gencode
ZAN,ENSG00000146839,gencode
TMEM209,ENSG00000146842,gencode
AGBL3,ENSG00000146856,gencode
STRA8,ENSG00000146857,gencode
ZC3HAV1L,ENSG00000146858,gencode
TMEM140,ENSG00000146859,gencode
TLK2,ENSG00000146872,gencode
EPHA1,ENSG00000146904,gencode
NOM1,ENSG00000146909,gencode
NCAPG2,ENSG00000146918,gencode
ASB10,ENSG00000146926,gencode
NLGN4X,ENSG00000146938,gencode
SHROOM2,ENSG00000146950,gencode
RAB19,ENSG00000146955,gencode
LUC7L2,ENSG00000146963,gencode
DENND2A,ENSG00000146966,gencode
CLTRN,ENSG00000147003,gencode
SH3KBP1,ENSG00000147010,gencode
TMEM47,ENSG00000147027,gencode
LANCL3,ENSG00000147036,gencode
SYTL5,ENSG00000147041,gencode
CASK,ENSG00000147044,gencode
KDM6A,ENSG00000147050,gencode
MSN,ENSG00000147065,gencode
AKAP4,ENSG00000147081,gencode
CCNB3,ENSG00000147082,gencode
HDAC8,ENSG00000147099,gencode
SLC16A2,ENSG00000147100,gencode
DIPK2B,ENSG00000147113,gencode
ZNF157,ENSG00000147117,gencode
ZNF182,ENSG00000147118,gencode
CHST7,ENSG00000147119,gencode
KRBOX4,ENSG00000147121,gencode
NDUFB11,ENSG00000147123,gencode
ZNF41,ENSG00000147124,gencode
RAB41,ENSG00000147127,gencode
ZMYM3,ENSG00000147130,gencode
TAF1,ENSG00000147133,gencode
GPR174,ENSG00000147138,gencode
NONO,ENSG00000147140,gencode
CCDC120,ENSG00000147144,gencode
LPAR4,ENSG00000147145,gencode
EBP,ENSG00000147155,gencode
AWAT2,ENSG00000147160,gencode
OGT,ENSG00000147162,gencode
SNX12,ENSG00000147164,gencode
ITGB1BP2,ENSG00000147166,gencode
IL2RG,ENSG00000147168,gencode
GCNA,ENSG00000147174,gencode
ZNF711,ENSG00000147180,gencode
CPXCR1,ENSG00000147183,gencode
DIAPH2,ENSG00000147202,gencode
NXF3,ENSG00000147206,gencode
RIPPLY1,ENSG00000147223,gencode
PRPS1,ENSG00000147224,gencode
RADX,ENSG00000147231,gencode
FRMPD3,ENSG00000147234,gencode
HTR2C,ENSG00000147246,gencode
DOCK11,ENSG00000147251,gencode
IGSF1,ENSG00000147255,gencode
ARHGAP36,ENSG00000147256,gencode
GPC3,ENSG00000147257,gencode
GPR119,ENSG00000147262,gencode
RBMX,ENSG00000147274,gencode
MCPH1,ENSG00000147316,gencode
MFHAS1,ENSG00000147324,gencode
FBXO25,ENSG00000147364,gencode
FATE1,ENSG00000147378,gencode
MAGEA4,ENSG00000147381,gencode
NSDHL,ENSG00000147383,gencode
ZNF185,ENSG00000147394,gencode
CETN2,ENSG00000147400,gencode
CSGALNACT1,ENSG00000147408,gencode
ATP6V1B2,ENSG00000147416,gencode
CCDC25,ENSG00000147419,gencode
HMBOX1,ENSG00000147421,gencode
CHRNB3,ENSG00000147432,gencode
CHRNA6,ENSG00000147434,gencode
GNRH1,ENSG00000147437,gencode
BIN3,ENSG00000147439,gencode
DOK2,ENSG00000147443,gencode
SLC25A37,ENSG00000147454,gencode
CHMP7,ENSG00000147457,gencode
DOCK5,ENSG00000147459,gencode
STAR,ENSG00000147465,gencode
PLPBP,ENSG00000147471,gencode
ERLIN2,ENSG00000147475,gencode
SNTG1,ENSG00000147481,gencode
PXDNL,ENSG00000147485,gencode
ST18,ENSG00000147488,gencode
RGS20,ENSG00000147509,gencode
TACC1,ENSG00000147526,gencode
GOLGA7,ENSG00000147533,gencode
PLPP5,ENSG00000147535,gencode
GINS4,ENSG00000147536,gencode
NSD3,ENSG00000147548,gencode
DNAJC5B,ENSG00000147570,gencode
CRH,ENSG00000147571,gencode
TRIM55,ENSG00000147573,gencode
ADHFE1,ENSG00000147576,gencode
PMP2,ENSG00000147588,gencode
LACTB2,ENSG00000147592,gencode
PRDM14,ENSG00000147596,gencode
TERF1,ENSG00000147601,gencode
SLC26A7,ENSG00000147606,gencode
PSKH2,ENSG00000147613,gencode
ATP6V0D2,ENSG00000147614,gencode
SYBU,ENSG00000147642,gencode
DPYS,ENSG00000147647,gencode
MTDH,ENSG00000147649,gencode
LRP12,ENSG00000147650,gencode
EBAG9,ENSG00000147654,gencode
RSPO2,ENSG00000147655,gencode
POLR2K,ENSG00000147669,gencode
MAL2,ENSG00000147676,gencode
EIF3H,ENSG00000147677,gencode
UTP23,ENSG00000147679,gencode
NDUFB9,ENSG00000147684,gencode
TATDN1,ENSG00000147687,gencode
FAM83A,ENSG00000147689,gencode
GSDMC,ENSG00000147697,gencode
FAM135B,ENSG00000147724,gencode
ZNF7,ENSG00000147789,gencode
ARHGAP39,ENSG00000147799,gencode
NAPRT,ENSG00000147813,gencode
VLDLR,ENSG00000147852,gencode
AK3,ENSG00000147853,gencode
UHRF2,ENSG00000147854,gencode
NFIB,ENSG00000147862,gencode
CER1,ENSG00000147869,gencode
PLIN2,ENSG00000147872,gencode
IFNA5,ENSG00000147873,gencode
HAUS6,ENSG00000147874,gencode
CDKN2B,ENSG00000147883,gencode
IFNA16,ENSG00000147885,gencode
CDKN2A,ENSG00000147889,gencode
C9orf72,ENSG00000147894,gencode
IFNK,ENSG00000147896,gencode
ZCCHC7,ENSG00000147905,gencode
FBXO10,ENSG00000147912,gencode
SIGMAR1,ENSG00000147955,gencode
CEP78,ENSG00000148019,gencode
NTRK2,ENSG00000148053,gencode
IDNK,ENSG00000148057,gencode
SHC3,ENSG00000148082,gencode
AUH,ENSG00000148090,gencode
MFSD14B,ENSG00000148110,gencode
PLPPR1,ENSG00000148123,gencode
OR13C4,ENSG00000148136,gencode
ZNF462,ENSG00000148143,gencode
INIP,ENSG00000148153,gencode
UGCG,ENSG00000148154,gencode
ACTL7B,ENSG00000148156,gencode
SNX30,ENSG00000148158,gencode
STOM,ENSG00000148175,gencode
GSN,ENSG00000148180,gencode
MRRF,ENSG00000148187,gencode
NR6A1,ENSG00000148200,gencode
CRB2,ENSG00000148204,gencode
OR5C1,ENSG00000148215,gencode
ALAD,ENSG00000148218,gencode
ASTN2,ENSG00000148219,gencode
WDR31,ENSG00000148225,gencode
POLE3,ENSG00000148229,gencode
SURF4,ENSG00000148248,gencode
GBGT1,ENSG00000148288,gencode
SURF1,ENSG00000148290,gencode
SURF2,ENSG00000148291,gencode
SURF6,ENSG00000148296,gencode
MED22,ENSG00000148297,gencode
REXO4,ENSG00000148300,gencode
GTF3C5,ENSG00000148308,gencode
ASB6,ENSG00000148331,gencode
PTGES2,ENSG00000148334,gencode
NTMT1,ENSG00000148335,gencode
CIZ1,ENSG00000148337,gencode
SLC25A25,ENSG00000148339,gencode
SH3GLB2,ENSG00000148341,gencode
MIGA2,ENSG00000148343,gencode
PTGES,ENSG00000148344,gencode
LCN2,ENSG00000148346,gencode
LRSAM1,ENSG00000148356,gencode
HMCN2,ENSG00000148357,gencode
GPR107,ENSG00000148358,gencode
PAXX,ENSG00000148362,gencode
IDI2,ENSG00000148377,gencode
INPP5E,ENSG00000148384,gencode
LCN9,ENSG00000148386,gencode
SEC16A,ENSG00000148396,gencode
DPH7,ENSG00000148399,gencode
NOTCH1,ENSG00000148400,gencode
CACNA1B,ENSG00000148408,gencode
NACC2,ENSG00000148411,gencode
PROSER2,ENSG00000148426,gencode
USP6NL,ENSG00000148429,gencode
COMMD3,ENSG00000148444,gencode
MSRB2,ENSG00000148450,gencode
PDSS1,ENSG00000148459,gencode
FAM171A1,ENSG00000148468,gencode
MINDY3,ENSG00000148481,gencode
SLC39A12,ENSG00000148482,gencode
TMEM236,ENSG00000148483,gencode
RSU1,ENSG00000148484,gencode
ST8SIA6,ENSG00000148488,gencode
PARD3,ENSG00000148498,gencode
ANKRD30A,ENSG00000148513,gencode
ZEB1,ENSG00000148516,gencode
FAM13C,ENSG00000148541,gencode
NRBF2,ENSG00000148572,gencode
A1CF,ENSG00000148584,gencode
CDHR1,ENSG00000148600,gencode
LRIT1,ENSG00000148602,gencode
RGR,ENSG00000148604,gencode
POLR3A,ENSG00000148606,gencode
HERC4,ENSG00000148634,gencode
LRMDA,ENSG00000148655,gencode
CAMK2G,ENSG00000148660,gencode
ADIRF,ENSG00000148671,gencode
GLUD1,ENSG00000148672,gencode
ANKRD1,ENSG00000148677,gencode
HTR7,ENSG00000148680,gencode
RPP30,ENSG00000148688,gencode
FRA10AC1,ENSG00000148690,gencode
ADD3,ENSG00000148700,gencode
HABP2,ENSG00000148702,gencode
VAX1,ENSG00000148704,gencode
DNAJB12,ENSG00000148719,gencode
EIF4EBP2,ENSG00000148730,gencode
NPFFR1,ENSG00000148734,gencode
PLEKHS1,ENSG00000148735,gencode
TCF7L2,ENSG00000148737,gencode
MKI67,ENSG00000148773,gencode
CYP17A1,ENSG00000148795,gencode
INA,ENSG00000148798,gencode
FUOM,ENSG00000148803,gencode
LRRC27,ENSG00000148814,gencode
MTG1,ENSG00000148824,gencode
NKX6-2,ENSG00000148826,gencode
PAOX,ENSG00000148832,gencode
GSTO1,ENSG00000148834,gencode
TAF5,ENSG00000148835,gencode
PPRC1,ENSG00000148840,gencode
ITPRIP,ENSG00000148841,gencode
CNNM2,ENSG00000148842,gencode
PDCD11,ENSG00000148843,gencode
ADAM12,ENSG00000148848,gencode
RGS10,ENSG00000148908,gencode
BTBD10,ENSG00000148925,gencode
ADM,ENSG00000148926,gencode
GAS2,ENSG00000148935,gencode
SLC5A12,ENSG00000148942,gencode
LIN7C,ENSG00000148943,gencode
LRRC4C,ENSG00000148948,gencode
IMMP1L,ENSG00000148950,gencode
SAA4,ENSG00000148965,gencode
PGAP2,ENSG00000148985,gencode
TUT1,ENSG00000149016,gencode
SCGB1A1,ENSG00000149021,gencode
SYT8,ENSG00000149043,gencode
ZNF214,ENSG00000149050,gencode
ZNF215,ENSG00000149054,gencode
HSD17B12,ENSG00000149084,gencode
APIP,ENSG00000149089,gencode
PAMR1,ENSG00000149090,gencode
DGKZ,ENSG00000149091,gencode
EIF3M,ENSG00000149100,gencode
TNKS1BP1,ENSG00000149115,gencode
GLYAT,ENSG00000149124,gencode
SERPING1,ENSG00000149131,gencode
OR5F1,ENSG00000149133,gencode
SSRP1,ENSG00000149136,gencode
SLC43A1,ENSG00000149150,gencode
PTPRJ,ENSG00000149177,gencode
C11orf49,ENSG00000149179,gencode
ARFGAP2,ENSG00000149182,gencode
CELF1,ENSG00000149187,gencode
HIKESHI,ENSG00000149196,gencode
CCDC81,ENSG00000149201,gencode
SESN3,ENSG00000149212,gencode
ENDOD1,ENSG00000149218,gencode
CCDC82,ENSG00000149231,gencode
KLHL35,ENSG00000149243,gencode
TENM4,ENSG00000149256,gencode
SERPINH1,ENSG00000149257,gencode
CAPN5,ENSG00000149260,gencode
INTS4,ENSG00000149262,gencode
PAK1,ENSG00000149269,gencode
ZC3H12C,ENSG00000149289,gencode
TTC12,ENSG00000149292,gencode
NCAM1,ENSG00000149294,gencode
DRD2,ENSG00000149295,gencode
C11orf52,ENSG00000149300,gencode
NPAT,ENSG00000149308,gencode
ATM,ENSG00000149311,gencode
AASDHPPT,ENSG00000149313,gencode
GLB1L2,ENSG00000149328,gencode
SLX4IP,ENSG00000149346,gencode
LAMTOR1,ENSG00000149357,gencode
P4HA3,ENSG00000149380,gencode
GRIK4,ENSG00000149403,gencode
ST14,ENSG00000149418,gencode
HYOU1,ENSG00000149428,gencode
GGTLC1,ENSG00000149435,gencode
ADAM33,ENSG00000149451,gencode
SLC22A8,ENSG00000149452,gencode
KAT14,ENSG00000149474,gencode
TKFC,ENSG00000149476,gencode
MTA2,ENSG00000149480,gencode
TMEM138,ENSG00000149483,gencode
FADS1,ENSG00000149485,gencode
TMC2,ENSG00000149488,gencode
ROM1,ENSG00000149489,gencode
INCENP,ENSG00000149503,gencode
ZP1,ENSG00000149506,gencode
OOSP2,ENSG00000149507,gencode
MS4A3,ENSG00000149516,gencode
PLCH2,ENSG00000149527,gencode
CPSF7,ENSG00000149532,gencode
MS4A2,ENSG00000149534,gencode
B3GAT3,ENSG00000149541,gencode
EI24,ENSG00000149547,gencode
CCDC15,ENSG00000149548,gencode
CHEK1,ENSG00000149554,gencode
FEZ1,ENSG00000149557,gencode
ESAM,ENSG00000149564,gencode
KIRREL3,ENSG00000149571,gencode
MPZL2,ENSG00000149573,gencode
SCN2B,ENSG00000149575,gencode
SIDT2,ENSG00000149577,gencode
TMEM25,ENSG00000149582,gencode
TAGLN,ENSG00000149591,gencode
JPH2,ENSG00000149596,gencode
DUSP15,ENSG00000149599,gencode
COMMD7,ENSG00000149600,gencode
C20orf144,ENSG00000149609,gencode
KIAA1755,ENSG00000149633,gencode
OCSTAMP,ENSG00000149635,gencode
DSN1,ENSG00000149636,gencode
SOGA1,ENSG00000149639,gencode
SPINT4,ENSG00000149651,gencode
CDH22,ENSG00000149654,gencode
LSM14B,ENSG00000149657,gencode
YTHDF1,ENSG00000149658,gencode
CABLES2,ENSG00000149679,gencode
LTO1,ENSG00000149716,gencode
GPHA2,ENSG00000149735,gencode
SLC22A9,ENSG00000149742,gencode
TRPT1,ENSG00000149743,gencode
NUDT22,ENSG00000149761,gencode
FERMT3,ENSG00000149781,gencode
PLCB3,ENSG00000149782,gencode
CDC42EP2,ENSG00000149798,gencode
TM7SF2,ENSG00000149809,gencode
VPS51,ENSG00000149823,gencode
TBX6,ENSG00000149922,gencode
PPP4C,ENSG00000149923,gencode
TLCD3B,ENSG00000149926,gencode
DOC2A,ENSG00000149927,gencode
HIRIP3,ENSG00000149929,gencode
TAOK2,ENSG00000149930,gencode
TMEM219,ENSG00000149932,gencode
HMGA2,ENSG00000149948,gencode
MMP3,ENSG00000149968,gencode
CNKSR2,ENSG00000149970,gencode
CNTN5,ENSG00000149972,gencode
KLRF1,ENSG00000150045,gencode
CLEC1A,ENSG00000150048,gencode
MKX,ENSG00000150051,gencode
MPP7,ENSG00000150054,gencode
ITGB1,ENSG00000150093,gencode
FXYD4,ENSG00000150201,gencode
TRIM48,ENSG00000150244,gencode
OR8K1,ENSG00000150261,gencode
OR5M9,ENSG00000150269,gencode
PCDH15,ENSG00000150275,gencode
CTF1,ENSG00000150281,gencode
CWC15,ENSG00000150316,gencode
FCGR1A,ENSG00000150337,gencode
ARID5B,ENSG00000150347,gencode
KLHL1,ENSG00000150361,gencode
CDH8,ENSG00000150394,gencode
DCUN1D2,ENSG00000150401,gencode
TMCO3,ENSG00000150403,gencode
TMEM218,ENSG00000150433,gencode
TIRAP,ENSG00000150455,gencode
EEF1AKMT1,ENSG00000150456,gencode
LATS2,ENSG00000150457,gencode
SAP18,ENSG00000150459,gencode
ADGRL3,ENSG00000150471,gencode
KIAA1328,ENSG00000150477,gencode
FAM124A,ENSG00000150510,gencode
MIA2,ENSG00000150527,gencode
HNMT,ENSG00000150540,gencode
LYPD1,ENSG00000150551,gencode
LYPD6B,ENSG00000150556,gencode
PDCD4,ENSG00000150593,gencode
ADRA2A,ENSG00000150594,gencode
GPM6A,ENSG00000150625,gencode
WDR17,ENSG00000150627,gencode
SPATA4,ENSG00000150628,gencode
VEGFC,ENSG00000150630,gencode
CCDC102B,ENSG00000150636,gencode
CD226,ENSG00000150637,gencode
CNDP1,ENSG00000150656,gencode
FSIP1,ENSG00000150667,gencode
DLG2,ENSG00000150672,gencode
CCDC83,ENSG00000150676,gencode
RGS18,ENSG00000150681,gencode
PRSS23,ENSG00000150687,gencode
MTMR12,ENSG00000150712,gencode
PPP1R1C,ENSG00000150722,gencode
C11orf53,ENSG00000150750,gencode
CCT5,ENSG00000150753,gencode
ATPSCKMT,ENSG00000150756,gencode
DOCK1,ENSG00000150760,gencode
DIXDC1,ENSG00000150764,gencode
DLAT,ENSG00000150768,gencode
PIH1D2,ENSG00000150773,gencode
NKAPD1,ENSG00000150776,gencode
TIMM8B,ENSG00000150779,gencode
IL18,ENSG00000150782,gencode
TEX12,ENSG00000150783,gencode
PTS,ENSG00000150787,gencode
PIP4K2A,ENSG00000150867,gencode
C2orf50,ENSG00000150873,gencode
FREM2,ENSG00000150893,gencode
FOXO1,ENSG00000150907,gencode
CRIM1,ENSG00000150938,gencode
SEC24D,ENSG00000150961,gencode
ABCB9,ENSG00000150967,gencode
RILPL2,ENSG00000150977,gencode
DHX37,ENSG00000150990,gencode
UBC,ENSG00000150991,gencode
ITPR1,ENSG00000150995,gencode
TKTL2,ENSG00000151005,gencode
PRSS53,ENSG00000151006,gencode
SLC7A11,ENSG00000151012,gencode
NOCT,ENSG00000151014,gencode
ENKUR,ENSG00000151023,gencode
GPR158,ENSG00000151025,gencode
LYZL2,ENSG00000151033,gencode
CACNA2D4,ENSG00000151062,gencode
DCP1B,ENSG00000151065,gencode
CACNA1C,ENSG00000151067,gencode
THRB,ENSG00000151090,gencode
NGLY1,ENSG00000151092,gencode
OXSM,ENSG00000151093,gencode
UEVLD,ENSG00000151116,gencode
TMEM86A,ENSG00000151117,gencode
C12orf45,ENSG00000151131,gencode
TMEM263,ENSG00000151135,gencode
BTBD11,ENSG00000151136,gencode
UBE3B,ENSG00000151148,gencode
ANK3,ENSG00000151150,gencode
IPMK,ENSG00000151151,gencode
RAD9B,ENSG00000151164,gencode
PLBD2,ENSG00000151176,gencode
DLG5,ENSG00000151208,gencode
MAT1A,ENSG00000151224,gencode
SLC2A13,ENSG00000151229,gencode
GXYLT1,ENSG00000151233,gencode
TWF1,ENSG00000151239,gencode
DIP2C,ENSG00000151240,gencode
EIF4E,ENSG00000151247,gencode
MAGI1,ENSG00000151276,gencode
TEX30,ENSG00000151287,gencode
CSNK1G3,ENSG00000151292,gencode
SRFBP1,ENSG00000151304,gencode
AKAP6,ENSG00000151320,gencode
NPAS3,ENSG00000151322,gencode
FAM177A1,ENSG00000151327,gencode
MBIP,ENSG00000151332,gencode
MIPOL1,ENSG00000151338,gencode
EXT2,ENSG00000151348,gencode
TMEM18,ENSG00000151353,gencode
ALLC,ENSG00000151360,gencode
KCTD14,ENSG00000151364,gencode
THRSP,ENSG00000151365,gencode
NDUFC2,ENSG00000151366,gencode
ME3,ENSG00000151376,gencode
MSGN1,ENSG00000151379,gencode
ADAMTS12,ENSG00000151388,gencode
NUBPL,ENSG00000151413,gencode
NEK7,ENSG00000151414,gencode
ATP6V1G3,ENSG00000151418,gencode
FER,ENSG00000151422,gencode
VIPAS39,ENSG00000151445,gencode
ANKRD50,ENSG00000151458,gencode
UPF2,ENSG00000151461,gencode
CDC123,ENSG00000151465,gencode
SCLT1,ENSG00000151466,gencode
CCDC3,ENSG00000151468,gencode
C4orf33,ENSG00000151470,gencode
FRMD4A,ENSG00000151474,gencode
SLC25A31,ENSG00000151475,gencode
PTPRO,ENSG00000151490,gencode
EPS8,ENSG00000151491,gencode
ACAD8,ENSG00000151498,gencode
THYN1,ENSG00000151500,gencode
VPS26B,ENSG00000151502,gencode
NCAPD3,ENSG00000151503,gencode
VTI1A,ENSG00000151532,gencode
QDPR,ENSG00000151552,gencode
FAM160B1,ENSG00000151553,gencode
ANO4,ENSG00000151572,gencode
TEX9,ENSG00000151575,gencode
QTRT2,ENSG00000151576,gencode
DRD3,ENSG00000151577,gencode
MMAA,ENSG00000151611,gencode
ZNF827,ENSG00000151612,gencode
POU4F2,ENSG00000151615,gencode
EDNRA,ENSG00000151617,gencode
NR3C2,ENSG00000151623,gencode
AKR1C2,ENSG00000151632,gencode
DPYSL4,ENSG00000151640,gencode
VENTX,ENSG00000151650,gencode
ADAM8,ENSG00000151651,gencode
ITIH2,ENSG00000151655,gencode
KIN,ENSG00000151657,gencode
PIGF,ENSG00000151665,gencode
ANKAR,ENSG00000151687,gencode
INPP1,ENSG00000151689,gencode
MFSD6,ENSG00000151690,gencode
RNF144A,ENSG00000151692,gencode
ASAP2,ENSG00000151693,gencode
ADAM17,ENSG00000151694,gencode
FLI1,ENSG00000151702,gencode
KCNJ1,ENSG00000151704,gencode
TMEM45B,ENSG00000151715,gencode
WWC2,ENSG00000151718,gencode
CENPU,ENSG00000151725,gencode
ACSL1,ENSG00000151726,gencode
SLC25A4,ENSG00000151729,gencode
AMN1,ENSG00000151743,gencode
BICD1,ENSG00000151746,gencode
SAV1,ENSG00000151748,gencode
CCDC122,ENSG00000151773,gencode
SERP2,ENSG00000151778,gencode
NBAS,ENSG00000151779,gencode
ZNF385D,ENSG00000151789,gencode
TDO2,ENSG00000151790,gencode
GUF1,ENSG00000151806,gencode
SLC35F4,ENSG00000151812,gencode
GABRA2,ENSG00000151834,gencode
SACS,ENSG00000151835,gencode
CCDC175,ENSG00000151838,gencode
PABPC3,ENSG00000151846,gencode
CENPJ,ENSG00000151849,gencode
FBXO4,ENSG00000151876,gencode
TMEM267,ENSG00000151881,gencode
CCL28,ENSG00000151882,gencode
PARP8,ENSG00000151883,gencode
GFRA1,ENSG00000151892,gencode
CACUL1,ENSG00000151893,gencode
DST,ENSG00000151914,gencode
BEND6,ENSG00000151917,gencode
TIAL1,ENSG00000151923,gencode
BAG3,ENSG00000151929,gencode
GLT1D1,ENSG00000151948,gencode
TMEM132D,ENSG00000151952,gencode
RBM46,ENSG00000151962,gencode
SCHIP1,ENSG00000151967,gencode
MCHR2,ENSG00000152034,gencode
KCNE4,ENSG00000152049,gencode
AP1S3,ENSG00000152056,gencode
RABGAP1L,ENSG00000152061,gencode
CCDC74B,ENSG00000152076,gencode
TLCD4,ENSG00000152078,gencode
MZT2B,ENSG00000152082,gencode
TUBA3E,ENSG00000152086,gencode
ASTN1,ENSG00000152092,gencode
CFC1B,ENSG00000152093,gencode
FAM168B,ENSG00000152102,gencode
PTPN14,ENSG00000152104,gencode
MGAT5,ENSG00000152127,gencode
TMEM163,ENSG00000152128,gencode
GPATCH11,ENSG00000152133,gencode
HSPB8,ENSG00000152137,gencode
GEMIN6,ENSG00000152147,gencode
TMEM178A,ENSG00000152154,gencode
POU4F1,ENSG00000152192,gencode
OBI1,ENSG00000152193,gencode
CYSLTR2,ENSG00000152207,gencode
GRID2,ENSG00000152208,gencode
ARL11,ENSG00000152213,gencode
RIT2,ENSG00000152214,gencode
SETBP1,ENSG00000152217,gencode
ARL14EP,ENSG00000152219,gencode
EPG5,ENSG00000152223,gencode
PSTPIP2,ENSG00000152229,gencode
ATP5F1A,ENSG00000152234,gencode
HAUS1,ENSG00000152240,gencode
C18orf25,ENSG00000152242,gencode
SPC25,ENSG00000152253,gencode
G6PC2,ENSG00000152254,gencode
PDK1,ENSG00000152256,gencode
PTH,ENSG00000152266,gencode
PDE3B,ENSG00000152270,gencode
TCF7L1,ENSG00000152284,gencode
TGOLN2,ENSG00000152291,gencode
SH2D6,ENSG00000152292,gencode
KCNK13,ENSG00000152315,gencode
UHMK1,ENSG00000152332,gencode
ATG10,ENSG00000152348,gencode
POC5,ENSG00000152359,gencode
SPOCK1,ENSG00000152377,gencode
FAM151B,ENSG00000152380,gencode
TADA1,ENSG00000152382,gencode
GUCY1A2,ENSG00000152402,gencode
CWF19L2,ENSG00000152404,gencode
JMY,ENSG00000152409,gencode
HOMER1,ENSG00000152413,gencode
XRCC4,ENSG00000152422,gencode
BOLL,ENSG00000152430,gencode
ZNF547,ENSG00000152433,gencode
ZNF773,ENSG00000152439,gencode
ZNF776,ENSG00000152443,gencode
ZNF256,ENSG00000152454,gencode
SUV39H2,ENSG00000152455,gencode
DCLRE1C,ENSG00000152457,gencode
OLAH,ENSG00000152463,gencode
RPP38,ENSG00000152464,gencode
NMT2,ENSG00000152465,gencode
ZSCAN1,ENSG00000152467,gencode
ZNF837,ENSG00000152475,gencode
USP12,ENSG00000152484,gencode
CCDC50,ENSG00000152492,gencode
CAMK4,ENSG00000152495,gencode
TRIM36,ENSG00000152503,gencode
ZFP36L2,ENSG00000152518,gencode
PAN3,ENSG00000152520,gencode
PLEKHH2,ENSG00000152527,gencode
PFKM,ENSG00000152556,gencode
TMEM123,ENSG00000152558,gencode
GRIA4,ENSG00000152578,gencode
SPEF2,ENSG00000152582,gencode
SPARCL1,ENSG00000152583,gencode
DSPP,ENSG00000152591,gencode
DMP1,ENSG00000152592,gencode
MEPE,ENSG00000152595,gencode
MBNL1,ENSG00000152601,gencode
CAPSL,ENSG00000152611,gencode
NADK2,ENSG00000152620,gencode
GPD1L,ENSG00000152642,gencode
GJA1,ENSG00000152661,gencode
CCNO,ENSG00000152669,gencode
DDX4,ENSG00000152670,gencode
CLEC4F,ENSG00000152672,gencode
SLC30A6,ENSG00000152683,gencode
PELO,ENSG00000152684,gencode
RASGRP3,ENSG00000152689,gencode
SAR1B,ENSG00000152700,gencode
CATSPER3,ENSG00000152705,gencode
GPR180,ENSG00000152749,gencode
TCTEX1D1,ENSG00000152760,gencode
WDR78,ENSG00000152763,gencode
ANKRD22,ENSG00000152766,gencode
FARP1,ENSG00000152767,gencode
IFIT5,ENSG00000152778,gencode
SLC16A12,ENSG00000152779,gencode
PANK1,ENSG00000152782,gencode
PRDM8,ENSG00000152784,gencode
BMP3,ENSG00000152785,gencode
HNRNPDL,ENSG00000152795,gencode
HHEX,ENSG00000152804,gencode
UTRN,ENSG00000152818,gencode
GRM1,ENSG00000152822,gencode
PTPRK,ENSG00000152894,gencode
GGPS1,ENSG00000152904,gencode
CNTNAP4,ENSG00000152910,gencode
ZNF117,ENSG00000152926,gencode
RAB3C,ENSG00000152932,gencode
LMNTD1,ENSG00000152936,gencode
MARVELD2,ENSG00000152939,gencode
RAD17,ENSG00000152942,gencode
MED21,ENSG00000152944,gencode
PLOD2,ENSG00000152952,gencode
STK32B,ENSG00000152953,gencode
NRSN1,ENSG00000152954,gencode
JAKMIP1,ENSG00000152969,gencode
ZIC1,ENSG00000152977,gencode
ADGRA3,ENSG00000152990,gencode
CPB1,ENSG00000153002,gencode
SREK1IP1,ENSG00000153006,gencode
LGI2,ENSG00000153012,gencode
CWC27,ENSG00000153015,gencode
SRP19,ENSG00000153037,gencode
CENPH,ENSG00000153044,gencode
CDYL,ENSG00000153046,gencode
CARHSP1,ENSG00000153048,gencode
TEKT5,ENSG00000153060,gencode
BANK1,ENSG00000153064,gencode
TXNDC11,ENSG00000153066,gencode
DAB2,ENSG00000153071,gencode
ACMSD,ENSG00000153086,gencode
ACOXL,ENSG00000153093,gencode
BCL2L11,ENSG00000153094,gencode
ANAPC1,ENSG00000153107,gencode
CAST,ENSG00000153113,gencode
SCOC,ENSG00000153130,gencode
CLGN,ENSG00000153132,gencode
CETN3,ENSG00000153140,gencode
SMARCA5,ENSG00000153147,gencode
SYCP2L,ENSG00000153157,gencode
BMP6,ENSG00000153162,gencode
RGPD3,ENSG00000153165,gencode
RASSF3,ENSG00000153179,gencode
HNRNPU,ENSG00000153187,gencode
AHCTF1,ENSG00000153207,gencode
MERTK,ENSG00000153208,gencode
TMEM87B,ENSG00000153214,gencode
OR14K1,ENSG00000153230,gencode
PTPRR,ENSG00000153233,gencode
NR4A2,ENSG00000153234,gencode
CCDC148,ENSG00000153237,gencode
PLA2R1,ENSG00000153246,gencode
RBMS1,ENSG00000153250,gencode
SCN3A,ENSG00000153253,gencode
FEZF2,ENSG00000153266,gencode
CD96,ENSG00000153283,gencode
SLC25A27,ENSG00000153291,gencode
ADGRF1,ENSG00000153292,gencode
ADGRF4,ENSG00000153294,gencode
FRMD1,ENSG00000153303,gencode
FAM49B,ENSG00000153310,gencode
ASAP1,ENSG00000153317,gencode
TRAPPC8,ENSG00000153339,gencode
FAM81B,ENSG00000153347,gencode
INO80C,ENSG00000153391,gencode
LPCAT1,ENSG00000153395,gencode
PLEKHG4B,ENSG00000153404,gencode
NMRAL1,ENSG00000153406,gencode
UBALD1,ENSG00000153443,gencode
C16orf89,ENSG00000153446,gencode
TMEM251,ENSG00000153485,gencode
ING1,ENSG00000153487,gencode
TEX29,ENSG00000153495,gencode
SPACA7,ENSG00000153498,gencode
ADPRHL1,ENSG00000153531,gencode
CMTM7,ENSG00000153551,gencode
FBXL2,ENSG00000153558,gencode
UBP1,ENSG00000153560,gencode
RMND5A,ENSG00000153561,gencode
CD8A,ENSG00000153563,gencode
RPIA,ENSG00000153574,gencode
GOLGA8F,ENSG00000153684,gencode
PTPRD,ENSG00000153707,gencode
LURAP1L,ENSG00000153714,gencode
CNKSR3,ENSG00000153721,gencode
GTF2E1,ENSG00000153767,gencode
CFDP1,ENSG00000153774,gencode
TGIF2LX,ENSG00000153779,gencode
ZDHHC7,ENSG00000153786,gencode
FAM92B,ENSG00000153789,gencode
C7orf31,ENSG00000153790,gencode
TMPRSS11D,ENSG00000153802,gencode
JAZF1,ENSG00000153814,gencode
CMIP,ENSG00000153815,gencode
SPHKAP,ENSG00000153820,gencode
KCNJ16,ENSG00000153822,gencode
PID1,ENSG00000153823,gencode
TRIP12,ENSG00000153827,gencode
FBXO36,ENSG00000153832,gencode
CEBPG,ENSG00000153879,gencode
KCTD15,ENSG00000153885,gencode
ZNF599,ENSG00000153896,gencode
MCOLN2,ENSG00000153898,gencode
LGI4,ENSG00000153902,gencode
DDAH1,ENSG00000153904,gencode
CHD1,ENSG00000153922,gencode
ANKFN1,ENSG00000153930,gencode
DGKE,ENSG00000153933,gencode
HS2ST1,ENSG00000153936,gencode
MSI2,ENSG00000153944,gencode
CACNA2D1,ENSG00000153956,gencode
ZUP1,ENSG00000153975,gencode
HS3ST3A1,ENSG00000153976,gencode
GDPD1,ENSG00000153982,gencode
NUS1,ENSG00000153989,gencode
SEMA3D,ENSG00000153993,gencode
PPP2R5E,ENSG00000154001,gencode
ASB17,ENSG00000154007,gencode
GRAP,ENSG00000154016,gencode
SLC5A10,ENSG00000154025,gencode
AK5,ENSG00000154027,gencode
CABYR,ENSG00000154040,gencode
IMPACT,ENSG00000154059,gencode
ANKRD29,ENSG00000154065,gencode
SDHAF4,ENSG00000154079,gencode
CHST9,ENSG00000154080,gencode
THY1,ENSG00000154096,gencode
DNAAF1,ENSG00000154099,gencode
C16orf74,ENSG00000154102,gencode
TBCEL,ENSG00000154114,gencode
JPH3,ENSG00000154118,gencode
ANKH,ENSG00000154122,gencode
OTULIN,ENSG00000154124,gencode
UBASH3B,ENSG00000154127,gencode
ROBO4,ENSG00000154133,gencode
ROBO3,ENSG00000154134,gencode
PANX3,ENSG00000154143,gencode
TBRG1,ENSG00000154144,gencode
NRGN,ENSG00000154146,gencode
RETREG1,ENSG00000154153,gencode
CDH12,ENSG00000154162,gencode
GPR15,ENSG00000154165,gencode
TOMM70,ENSG00000154174,gencode
ABI3BP,ENSG00000154175,gencode
ANGPT1,ENSG00000154188,gencode
PITPNC1,ENSG00000154217,gencode
CC2D1B,ENSG00000154222,gencode
CERS3,ENSG00000154227,gencode
PRKCA,ENSG00000154229,gencode
LRRK1,ENSG00000154237,gencode
CEP112,ENSG00000154240,gencode
ABCA9,ENSG00000154258,gencode
ABCA6,ENSG00000154262,gencode
ABCA10,ENSG00000154263,gencode
ABCA5,ENSG00000154265,gencode
ENPP3,ENSG00000154269,gencode
C4orf19,ENSG00000154274,gencode
UCHL1,ENSG00000154277,gencode
MIA3,ENSG00000154305,gencode
DISP1,ENSG00000154309,gencode
TNIK,ENSG00000154310,gencode
FAM167A,ENSG00000154319,gencode
NEIL2,ENSG00000154328,gencode
PGM5,ENSG00000154330,gencode
WNT3A,ENSG00000154342,gencode
OBSCN,ENSG00000154358,gencode
LONRF1,ENSG00000154359,gencode
TRIM11,ENSG00000154370,gencode
ENAH,ENSG00000154380,gencode
PPP1R3A,ENSG00000154415,gencode
CCSAP,ENSG00000154429,gencode
ASZ1,ENSG00000154438,gencode
SH3RF1,ENSG00000154447,gencode
GBP5,ENSG00000154451,gencode
BUB3,ENSG00000154473,gencode
GPR26,ENSG00000154478,gencode
CCDC173,ENSG00000154479,gencode
MMP21,ENSG00000154485,gencode
C10orf90,ENSG00000154493,gencode
DIPK1A,ENSG00000154511,gencode
ATP5MC3,ENSG00000154518,gencode
CNTNAP3B,ENSG00000154529,gencode
SRSF12,ENSG00000154548,gencode
PDLIM3,ENSG00000154553,gencode
SORBS2,ENSG00000154556,gencode
ELOC,ENSG00000154582,gencode
LY96,ENSG00000154589,gencode
PSMA8,ENSG00000154611,gencode
TMSB4Y,ENSG00000154620,gencode
CXADR,ENSG00000154639,gencode
BTG3,ENSG00000154640,gencode
C21orf91,ENSG00000154642,gencode
CHODL,ENSG00000154645,gencode
TMPRSS15,ENSG00000154646,gencode
NCAM2,ENSG00000154654,gencode
L3MBTL4,ENSG00000154655,gencode
PDE1C,ENSG00000154678,gencode
RABGEF1,ENSG00000154710,gencode
JAM2,ENSG00000154721,gencode
ATP5PF,ENSG00000154723,gencode
GABPA,ENSG00000154727,gencode
ADAMTS1,ENSG00000154734,gencode
ADAMTS5,ENSG00000154736,gencode
TSEN2,ENSG00000154743,gencode
SLFN13,ENSG00000154760,gencode
WNT7A,ENSG00000154764,gencode
XPC,ENSG00000154767,gencode
CCDC174,ENSG00000154781,gencode
FGD5,ENSG00000154783,gencode
FLCN,ENSG00000154803,gencode
DPH3,ENSG00000154813,gencode
OXNAD1,ENSG00000154814,gencode
PLCL2,ENSG00000154822,gencode
CXXC1,ENSG00000154832,gencode
SKA1,ENSG00000154839,gencode
PPP4R1,ENSG00000154845,gencode
APCDD1,ENSG00000154856,gencode
PIEZO2,ENSG00000154864,gencode
MPPE1,ENSG00000154889,gencode
USP43,ENSG00000154914,gencode
RAB6B,ENSG00000154917,gencode
EME1,ENSG00000154920,gencode
EPHB1,ENSG00000154928,gencode
ACSS1,ENSG00000154930,gencode
ANKRD40,ENSG00000154945,gencode
ZNF18,ENSG00000154957,gencode
CA10,ENSG00000154975,gencode
VOPP1,ENSG00000154978,gencode
SEPTIN14,ENSG00000154997,gencode
APOOL,ENSG00000155008,gencode
DKK2,ENSG00000155011,gencode
CYP2U1,ENSG00000155016,gencode
FBXL18,ENSG00000155034,gencode
CNTNAP5,ENSG00000155052,gencode
PROM2,ENSG00000155066,gencode
AK9,ENSG00000155085,gencode
ODF1,ENSG00000155087,gencode
KLF10,ENSG00000155090,gencode
PTPRN2,ENSG00000155093,gencode
AZIN1,ENSG00000155096,gencode
ATP6V1C1,ENSG00000155097,gencode
PIP4P2,ENSG00000155099,gencode
OTUD6B,ENSG00000155100,gencode
CDK19,ENSG00000155111,gencode
GTF3C6,ENSG00000155115,gencode
TTC39B,ENSG00000155158,gencode
AGPAT5,ENSG00000155189,gencode
MMS19,ENSG00000155229,gencode
OR4K1,ENSG00000155249,gencode
PI4K2A,ENSG00000155252,gencode
MARVELD1,ENSG00000155254,gencode
ZFYVE27,ENSG00000155256,gencode
GOLGA7B,ENSG00000155265,gencode
GPR78,ENSG00000155269,gencode
TRMT44,ENSG00000155275,gencode
SLC25A28,ENSG00000155287,gencode
HSPA13,ENSG00000155304,gencode
SAMSN1,ENSG00000155307,gencode
USP25,ENSG00000155313,gencode
GRAMD2B,ENSG00000155324,gencode
ZCCHC10,ENSG00000155329,gencode
C16orf87,ENSG00000155330,gencode
MOV10,ENSG00000155363,gencode
RHOC,ENSG00000155366,gencode
PPM1J,ENSG00000155367,gencode
DBI,ENSG00000155368,gencode
SLC16A1,ENSG00000155380,gencode
HEATR3,ENSG00000155393,gencode
NIFK,ENSG00000155438,gencode
OXA1L,ENSG00000155463,gencode
SLC7A7,ENSG00000155465,gencode
MAGEC1,ENSG00000155495,gencode
LARP1,ENSG00000155506,gencode
CNOT8,ENSG00000155508,gencode
GRIA1,ENSG00000155511,gencode
LRGUK,ENSG00000155530,gencode
SETD9,ENSG00000155542,gencode
MIER3,ENSG00000155545,gencode
NUP205,ENSG00000155561,gencode
ZKSCAN2,ENSG00000155592,gencode
C9orf85,ENSG00000155621,gencode
XAGE2,ENSG00000155622,gencode
PIK3AP1,ENSG00000155629,gencode
RBM45,ENSG00000155636,gencode
TTN,ENSG00000155657,gencode
VSIG4,ENSG00000155659,gencode
PDIA4,ENSG00000155660,gencode
KDM8,ENSG00000155666,gencode
PDZD9,ENSG00000155714,gencode
OTOA,ENSG00000155719,gencode
KCTD18,ENSG00000155729,gencode
FAM126B,ENSG00000155744,gencode
FLACC1,ENSG00000155749,gencode
C2CD6,ENSG00000155754,gencode
TMEM237,ENSG00000155755,gencode
FZD7,ENSG00000155760,gencode
SPAG17,ENSG00000155761,gencode
DEPTOR,ENSG00000155792,gencode
FMN2,ENSG00000155816,gencode
RNF20,ENSG00000155827,gencode
CYLC2,ENSG00000155833,gencode
PPARGC1B,ENSG00000155846,gencode
ELMO1,ENSG00000155849,gencode
SLC26A2,ENSG00000155850,gencode
LSM11,ENSG00000155858,gencode
MED7,ENSG00000155868,gencode
SAXO1,ENSG00000155875,gencode
RRAGA,ENSG00000155876,gencode
SLC24A2,ENSG00000155886,gencode
TRIM42,ENSG00000155890,gencode
PXYLP1,ENSG00000155893,gencode
ADCY8,ENSG00000155897,gencode
RASA2,ENSG00000155903,gencode
RMND1,ENSG00000155906,gencode
RAET1L,ENSG00000155918,gencode
SLA,ENSG00000155926,gencode
TMBIM4,ENSG00000155957,gencode
VBP1,ENSG00000155959,gencode
RAB39B,ENSG00000155961,gencode
CLIC2,ENSG00000155962,gencode
AFF2,ENSG00000155966,gencode
MICU3,ENSG00000155970,gencode
GRIP1,ENSG00000155974,gencode
VPS37A,ENSG00000155975,gencode
KIF5A,ENSG00000155980,gencode
NAT2,ENSG00000156006,gencode
MAGEA8,ENSG00000156009,gencode
PSD3,ENSG00000156011,gencode
CARNMT1,ENSG00000156017,gencode
MCU,ENSG00000156026,gencode
ELMSAN1,ENSG00000156030,gencode
CFAP70,ENSG00000156042,gencode
GNA14,ENSG00000156049,gencode
FAM161B,ENSG00000156050,gencode
GNAQ,ENSG00000156052,gencode
WIF1,ENSG00000156076,gencode
UGT2B4,ENSG00000156096,gencode
GPR61,ENSG00000156097,gencode
MMP16,ENSG00000156103,gencode
ADK,ENSG00000156110,gencode
KCNMA1,ENSG00000156113,gencode
BATF,ENSG00000156127,gencode
DCK,ENSG00000156136,gencode
ADAMTS3,ENSG00000156140,gencode
ALX3,ENSG00000156150,gencode
DPY19L4,ENSG00000156162,gencode
NDUFAF6,ENSG00000156170,gencode
DRAM2,ENSG00000156171,gencode
C8orf37,ENSG00000156172,gencode
PPEF2,ENSG00000156194,gencode
CFAP161,ENSG00000156206,gencode
ADAMTSL3,ENSG00000156218,gencode
ART3,ENSG00000156219,gencode
SLC28A1,ENSG00000156222,gencode
WHAMM,ENSG00000156232,gencode
CXCL13,ENSG00000156234,gencode
N6AMT1,ENSG00000156239,gencode
RWDD2B,ENSG00000156253,gencode
USP16,ENSG00000156256,gencode
CCT8,ENSG00000156261,gencode
MAP3K7CL,ENSG00000156265,gencode
NAA11,ENSG00000156269,gencode
BACH1,ENSG00000156273,gencode
CLDN17,ENSG00000156282,gencode
CLDN8,ENSG00000156284,gencode
TSPAN7,ENSG00000156298,gencode
TIAM1,ENSG00000156299,gencode
SCAF4,ENSG00000156304,gencode
RPGR,ENSG00000156313,gencode
CDK20,ENSG00000156345,gencode
PCGF6,ENSG00000156374,gencode
ANKRD9,ENSG00000156381,gencode
SFR1,ENSG00000156384,gencode
SORCS3,ENSG00000156395,gencode
SFXN2,ENSG00000156398,gencode
ATP5MPL,ENSG00000156411,gencode
FUT6,ENSG00000156413,gencode
TDRD9,ENSG00000156414,gencode
FGF18,ENSG00000156427,gencode
PCDH1,ENSG00000156453,gencode
SH3RF2,ENSG00000156463,gencode
GDF6,ENSG00000156466,gencode
UQCRB,ENSG00000156467,gencode
MTERF3,ENSG00000156469,gencode
PTDSS1,ENSG00000156471,gencode
PPP2R2B,ENSG00000156475,gencode
KCNS2,ENSG00000156486,gencode
FAM122C,ENSG00000156500,gencode
SUPV3L1,ENSG00000156502,gencode
FAM122B,ENSG00000156504,gencode
FBXO43,ENSG00000156509,gencode
HKDC1,ENSG00000156510,gencode
HK1,ENSG00000156515,gencode
TYSND1,ENSG00000156521,gencode
PHF6,ENSG00000156531,gencode
CD109,ENSG00000156535,gencode
LRFN2,ENSG00000156564,gencode
NODAL,ENSG00000156574,gencode
PRG3,ENSG00000156575,gencode
UBE2L6,ENSG00000156587,gencode
ZDHHC5,ENSG00000156599,gencode
MED19,ENSG00000156603,gencode
ZFAND3,ENSG00000156639,gencode
NPTN,ENSG00000156642,gencode
KAT6B,ENSG00000156650,gencode
SAMD8,ENSG00000156671,gencode
RAB11FIP1,ENSG00000156675,gencode
UNC5D,ENSG00000156687,gencode
GLYATL2,ENSG00000156689,gencode
UTP14A,ENSG00000156697,gencode
AIFM1,ENSG00000156709,gencode
MAPK13,ENSG00000156711,gencode
BAG4,ENSG00000156735,gencode
MS4A1,ENSG00000156738,gencode
TBC1D31,ENSG00000156787,gencode
WDYHV1,ENSG00000156795,gencode
ATAD2,ENSG00000156802,gencode
FBXO32,ENSG00000156804,gencode
NSMCE2,ENSG00000156831,gencode
ZNF689,ENSG00000156853,gencode
PRR14,ENSG00000156858,gencode
FBRS,ENSG00000156860,gencode
FRRS1,ENSG00000156869,gencode
PHKG2,ENSG00000156873,gencode
MFSD14A,ENSG00000156875,gencode
SASS6,ENSG00000156876,gencode
COX6A2,ENSG00000156885,gencode
ITGAD,ENSG00000156886,gencode
ADGRG4,ENSG00000156920,gencode
ZIC3,ENSG00000156925,gencode
MALSU1,ENSG00000156928,gencode
VPS8,ENSG00000156931,gencode
GALK2,ENSG00000156958,gencode
LHFPL4,ENSG00000156959,gencode
B3GNT7,ENSG00000156966,gencode
MPV17L,ENSG00000156968,gencode
BUB1B,ENSG00000156970,gencode
PDE6D,ENSG00000156973,gencode
EIF4A2,ENSG00000156976,gencode
BRPF1,ENSG00000156983,gencode
RPUSD3,ENSG00000156990,gencode
SST,ENSG00000157005,gencode
TATDN2,ENSG00000157014,gencode
GHRL,ENSG00000157017,gencode
SEC13,ENSG00000157020,gencode
EXOG,ENSG00000157036,gencode
NTAN1,ENSG00000157045,gencode
SHCBP1L,ENSG00000157060,gencode
NMNAT2,ENSG00000157064,gencode
ZFYVE9,ENSG00000157077,gencode
ATP2B2,ENSG00000157087,gencode
LYZL4,ENSG00000157093,gencode
SLC6A1,ENSG00000157103,gencode
SMG1,ENSG00000157106,gencode
FCHO2,ENSG00000157107,gencode
RBPMS,ENSG00000157110,gencode
TMEM171,ENSG00000157111,gencode
KLHL40,ENSG00000157119,gencode
C8A,ENSG00000157131,gencode
TIMP4,ENSG00000157150,gencode
SYN2,ENSG00000157152,gencode
NRG1,ENSG00000157168,gencode
ODR4,ENSG00000157181,gencode
CPT2,ENSG00000157184,gencode
NECAP2,ENSG00000157191,gencode
LRP8,ENSG00000157193,gencode
CDCP2,ENSG00000157211,gencode
PAXIP1,ENSG00000157212,gencode
STEAP2,ENSG00000157214,gencode
SSBP3,ENSG00000157216,gencode
HTR5A,ENSG00000157219,gencode
CLDN12,ENSG00000157224,gencode
MMP14,ENSG00000157227,gencode
FZD1,ENSG00000157240,gencode
GATAD1,ENSG00000157259,gencode
SUSD3,ENSG00000157303,gencode
TMED6,ENSG00000157315,gencode
CLEC18A,ENSG00000157322,gencode
DHRS4,ENSG00000157326,gencode
C1orf158,ENSG00000157330,gencode
CLEC18C,ENSG00000157335,gencode
ARMC12,ENSG00000157343,gencode
DDX19B,ENSG00000157349,gencode
ST3GAL2,ENSG00000157350,gencode
FCSK,ENSG00000157353,gencode
IL34,ENSG00000157368,gencode
DHRS1,ENSG00000157379,gencode
CACNA1D,ENSG00000157388,gencode
ARSE,ENSG00000157399,gencode
KIT,ENSG00000157404,gencode
HYDIN,ENSG00000157423,gencode
AASDH,ENSG00000157426,gencode
ZNF19,ENSG00000157429,gencode
CACNA2D3,ENSG00000157445,gencode
RNF111,ENSG00000157450,gencode
CCNB2,ENSG00000157456,gencode
FAM81A,ENSG00000157470,gencode
MYO1E,ENSG00000157483,gencode
APPL1,ENSG00000157500,gencode
PWWP3B,ENSG00000157502,gencode
AFAP1L1,ENSG00000157510,gencode
TSC22D3,ENSG00000157514,gencode
VPS26C,ENSG00000157538,gencode
DYRK1A,ENSG00000157540,gencode
KCNJ6,ENSG00000157542,gencode
KCNJ15,ENSG00000157551,gencode
ERG,ENSG00000157554,gencode
ETS2,ENSG00000157557,gencode
TSPAN18,ENSG00000157570,gencode
LCA5L,ENSG00000157578,gencode
SLC35B2,ENSG00000157593,gencode
TMEM164,ENSG00000157600,gencode
MX1,ENSG00000157601,gencode
CREB3L1,ENSG00000157613,gencode
C2CD2,ENSG00000157617,gencode
TAB3,ENSG00000157625,gencode
SLC38A10,ENSG00000157637,gencode
C9orf43,ENSG00000157653,gencode
PALM2-AKAP2,ENSG00000157654,gencode
ZNF618,ENSG00000157657,gencode
DGKI,ENSG00000157680,gencode
TMEM268,ENSG00000157693,gencode
SVOPL,ENSG00000157703,gencode
SNX22,ENSG00000157734,gencode
UBN2,ENSG00000157741,gencode
BRAF,ENSG00000157764,gencode
SLC34A2,ENSG00000157765,gencode
ACAN,ENSG00000157766,gencode
PSMG3,ENSG00000157778,gencode
CABP1,ENSG00000157782,gencode
WDR19,ENSG00000157796,gencode
SLC37A3,ENSG00000157800,gencode
AP3S2,ENSG00000157823,gencode
FMNL2,ENSG00000157827,gencode
GAREM2,ENSG00000157833,gencode
SPPL3,ENSG00000157837,gencode
DPYSL5,ENSG00000157851,gencode
DRC1,ENSG00000157856,gencode
RAB28,ENSG00000157869,gencode
PRXL2B,ENSG00000157870,gencode
TNFRSF14,ENSG00000157873,gencode
PANK4,ENSG00000157881,gencode
CIB4,ENSG00000157884,gencode
MEGF11,ENSG00000157890,gencode
C12orf43,ENSG00000157895,gencode
PEX10,ENSG00000157911,gencode
RER1,ENSG00000157916,gencode
RADIL,ENSG00000157927,gencode
SKI,ENSG00000157933,gencode
WIPI2,ENSG00000157954,gencode
LDLRAP1,ENSG00000157978,gencode
AGAP1,ENSG00000157985,gencode
KRTCAP3,ENSG00000157992,gencode
ANKRD61,ENSG00000157999,gencode
PAFAH2,ENSG00000158006,gencode
EXTL1,ENSG00000158008,gencode
SLC30A2,ENSG00000158014,gencode
BABAM2,ENSG00000158019,gencode
TRIM63,ENSG00000158022,gencode
WDR66,ENSG00000158023,gencode
DUSP2,ENSG00000158050,gencode
GRHL3,ENSG00000158055,gencode
UBXN11,ENSG00000158062,gencode
NLRP14,ENSG00000158077,gencode
PTPDC1,ENSG00000158079,gencode
GALNT14,ENSG00000158089,gencode
NCK1,ENSG00000158092,gencode
HPD,ENSG00000158104,gencode
RHPN1,ENSG00000158106,gencode
TPRG1L,ENSG00000158109,gencode
LRRC43,ENSG00000158113,gencode
PRXL2C,ENSG00000158122,gencode
XDH,ENSG00000158125,gencode
XKR8,ENSG00000158156,gencode
CNNM4,ENSG00000158158,gencode
EYA3,ENSG00000158161,gencode
DZIP1L,ENSG00000158163,gencode
TMSB15A,ENSG00000158164,gencode
FANCC,ENSG00000158169,gencode
MRAS,ENSG00000158186,gencode
WASF2,ENSG00000158195,gencode
ABHD3,ENSG00000158201,gencode
ESYT3,ENSG00000158220,gencode
FAIM,ENSG00000158234,gencode
TENT5B,ENSG00000158246,gencode
CLSTN2,ENSG00000158258,gencode
COLEC12,ENSG00000158270,gencode
RNF207,ENSG00000158286,gencode
CUL4B,ENSG00000158290,gencode
GPR153,ENSG00000158292,gencode
SLC13A3,ENSG00000158296,gencode
GPRASP2,ENSG00000158301,gencode
RHBDL2,ENSG00000158315,gencode
AUTS2,ENSG00000158321,gencode
SHROOM4,ENSG00000158352,gencode
CDC25C,ENSG00000158402,gencode
MITD1,ENSG00000158411,gencode
EIF5B,ENSG00000158417,gencode
RIBC1,ENSG00000158423,gencode
TMSB15B,ENSG00000158427,reference_var
CATIP,ENSG00000158428,gencode
CNOT11,ENSG00000158435,gencode
KCNB1,ENSG00000158445,gencode
TSPAN33,ENSG00000158457,gencode
NRG2,ENSG00000158458,gencode
AHCYL2,ENSG00000158467,gencode
B4GALT5,ENSG00000158470,gencode
CD1D,ENSG00000158473,gencode
CD1A,ENSG00000158477,gencode
SPATA2,ENSG00000158480,gencode
CD1C,ENSG00000158481,gencode
FAM86C1,ENSG00000158483,gencode
CD1B,ENSG00000158485,gencode
DNAH3,ENSG00000158486,gencode
CD1E,ENSG00000158488,gencode
HMHB1,ENSG00000158497,gencode
CPA2,ENSG00000158516,gencode
NCF1,ENSG00000158517,gencode
CPA5,ENSG00000158525,gencode
TSR2,ENSG00000158526,gencode
PPP1R9A,ENSG00000158528,gencode
ZC3H18,ENSG00000158545,gencode
ZFAND2B,ENSG00000158552,gencode
POM121L2,ENSG00000158553,gencode
GDPD5,ENSG00000158555,gencode
DYNC1I1,ENSG00000158560,gencode
PFKFB1,ENSG00000158571,gencode
ALAS2,ENSG00000158578,gencode
TMED4,ENSG00000158604,gencode
PPP1R15B,ENSG00000158615,gencode
COPG2,ENSG00000158623,gencode
EMSY,ENSG00000158636,gencode
PAGE5,ENSG00000158639,gencode
GPAT4,ENSG00000158669,gencode
PKD1L1,ENSG00000158683,gencode
ZSCAN12,ENSG00000158691,gencode
TAGLN2,ENSG00000158710,gencode
ELK4,ENSG00000158711,gencode
SLAMF8,ENSG00000158714,gencode
SLC45A3,ENSG00000158715,gencode
DUSP23,ENSG00000158716,gencode
RNF166,ENSG00000158717,gencode
NBL1,ENSG00000158747,gencode
HTR6,ENSG00000158748,gencode
ITLN2,ENSG00000158764,gencode
F11R,ENSG00000158769,gencode
USF1,ENSG00000158773,gencode
PLA2G2F,ENSG00000158786,gencode
SPATA2L,ENSG00000158792,gencode
NIT1,ENSG00000158793,gencode
DEDD,ENSG00000158796,gencode
ZNF276,ENSG00000158805,gencode
NPM2,ENSG00000158806,gencode
EDA,ENSG00000158813,gencode
FGF17,ENSG00000158815,gencode
VWA5B1,ENSG00000158816,gencode
CDA,ENSG00000158825,gencode
PINK1,ENSG00000158828,gencode
B4GALT3,ENSG00000158850,gencode
DMTN,ENSG00000158856,gencode
ADAMTS4,ENSG00000158859,gencode
FAM160B2,ENSG00000158863,gencode
NDUFS2,ENSG00000158864,gencode
SLC5A11,ENSG00000158865,gencode
FCER1G,ENSG00000158869,gencode
APOA2,ENSG00000158874,gencode
TOMM40L,ENSG00000158882,gencode
MPZ,ENSG00000158887,gencode
WFDC8,ENSG00000158901,gencode
CCAR2,ENSG00000158941,gencode
WNT9B,ENSG00000158955,gencode
CACHD1,ENSG00000158966,gencode
CDC42SE2,ENSG00000158985,gencode
RAPGEF6,ENSG00000158987,gencode
EPB41,ENSG00000159023,gencode
MIS18A,ENSG00000159055,gencode
ALG8,ENSG00000159063,gencode
FBXW5,ENSG00000159069,gencode
CFAP298,ENSG00000159079,gencode
SYNJ1,ENSG00000159082,gencode
PAXBP1,ENSG00000159086,gencode
IFNAR2,ENSG00000159110,gencode
IFNGR2,ENSG00000159128,gencode
GART,ENSG00000159131,gencode
SON,ENSG00000159140,gencode
DONSON,ENSG00000159147,gencode
SV2A,ENSG00000159164,gencode
LAD1,ENSG00000159166,gencode
STC1,ENSG00000159167,gencode
TNNI1,ENSG00000159173,gencode
CSRP1,ENSG00000159176,gencode
PRAC1,ENSG00000159182,gencode
HOXB13,ENSG00000159184,gencode
C1QC,ENSG00000159189,gencode
KCNE2,ENSG00000159197,gencode
ATP5MC1,ENSG00000159199,gencode
RCAN1,ENSG00000159200,gencode
UBE2Z,ENSG00000159202,gencode
CIART,ENSG00000159208,gencode
SNF8,ENSG00000159210,gencode
CLIC6,ENSG00000159212,gencode
CCDC24,ENSG00000159214,gencode
RUNX1,ENSG00000159216,gencode
IGF2BP1,ENSG00000159217,gencode
GIP,ENSG00000159224,gencode
CBR1,ENSG00000159228,gencode
CBR3,ENSG00000159231,gencode
GJD2,ENSG00000159248,gencode
ACTC1,ENSG00000159251,gencode
MORC3,ENSG00000159256,gencode
CHAF1B,ENSG00000159259,gencode
CLDN14,ENSG00000159261,gencode
SIM2,ENSG00000159263,gencode
HLCS,ENSG00000159267,gencode
SCUBE1,ENSG00000159307,gencode
ARHGAP27,ENSG00000159314,gencode
ADPGK,ENSG00000159322,gencode
PTMS,ENSG00000159335,gencode
PLA2G4D,ENSG00000159337,gencode
PADI4,ENSG00000159339,gencode
ADIPOR1,ENSG00000159346,gencode
CYB5R1,ENSG00000159348,gencode
PSMD4,ENSG00000159352,gencode
ATP13A2,ENSG00000159363,gencode
M1AP,ENSG00000159374,gencode
PSMB4,ENSG00000159377,gencode
IRX6,ENSG00000159387,gencode
BTG2,ENSG00000159388,gencode
CES5A,ENSG00000159398,gencode
HK2,ENSG00000159399,gencode
C1R,ENSG00000159403,gencode
CELF3,ENSG00000159409,gencode
ALDH4A1,ENSG00000159423,gencode
STARD9,ENSG00000159433,gencode
THEM4,ENSG00000159445,gencode
TCHH,ENSG00000159450,gencode
LCE2B,ENSG00000159455,gencode
AMFR,ENSG00000159461,gencode
MED8,ENSG00000159479,gencode
TGM7,ENSG00000159495,gencode
RGL4,ENSG00000159496,gencode
SPRR2G,ENSG00000159516,gencode
PGLYRP3,ENSG00000159527,gencode
ISL2,ENSG00000159556,gencode
RSPRY1,ENSG00000159579,gencode
CCDC17,ENSG00000159588,gencode
GPBP1L1,ENSG00000159592,gencode
NAE1,ENSG00000159593,gencode
TMEM69,ENSG00000159596,gencode
ADGRG5,ENSG00000159618,gencode
DRC7,ENSG00000159625,gencode
ACE,ENSG00000159640,gencode
TEPP,ENSG00000159648,gencode
UROC1,ENSG00000159650,gencode
EFCAB14,ENSG00000159658,gencode
SPON2,ENSG00000159674,gencode
CHCHD6,ENSG00000159685,gencode
LRRC36,ENSG00000159708,gencode
TPPP3,ENSG00000159713,gencode
ZDHHC1,ENSG00000159714,gencode
ATP6V0D1,ENSG00000159720,gencode
AGRP,ENSG00000159723,gencode
ZFYVE28,ENSG00000159733,gencode
CARMIL2,ENSG00000159753,gencode
C16orf86,ENSG00000159761,gencode
PIP,ENSG00000159763,gencode
FAM131B,ENSG00000159784,gencode
RGS12,ENSG00000159788,gencode
PSKH1,ENSG00000159792,gencode
ZYX,ENSG00000159840,gencode
ABR,ENSG00000159842,gencode
LYPD5,ENSG00000159871,gencode
CCDC117,ENSG00000159873,gencode
ZNF230,ENSG00000159882,gencode
CCDC107,ENSG00000159884,gencode
ZNF222,ENSG00000159885,gencode
NPR2,ENSG00000159899,gencode
ZNF221,ENSG00000159905,gencode
ZNF233,ENSG00000159915,gencode
ZNF235,ENSG00000159917,gencode
GNE,ENSG00000159921,gencode
TNFRSF13C,ENSG00000159958,gencode
OR3A3,ENSG00000159961,gencode
ARHGAP35,ENSG00000160007,gencode
PTGIR,ENSG00000160013,gencode
CALM3,ENSG00000160014,gencode
DFFA,ENSG00000160049,gencode
CCDC28B,ENSG00000160050,gencode
IQCC,ENSG00000160051,gencode
TMEM234,ENSG00000160055,gencode
BSDC1,ENSG00000160058,gencode
ZBTB8A,ENSG00000160062,gencode
ATAD3B,ENSG00000160072,gencode
SSU72,ENSG00000160075,gencode
UBE2J2,ENSG00000160087,gencode
ZNF362,ENSG00000160094,gencode
FNDC5,ENSG00000160097,gencode
CPAMD8,ENSG00000160111,gencode
NR2F6,ENSG00000160113,gencode
ANKLE1,ENSG00000160117,gencode
CCDC58,ENSG00000160124,gencode
VMA21,ENSG00000160131,gencode
KALRN,ENSG00000160145,gencode
CILP2,ENSG00000160161,gencode
ABCG1,ENSG00000160179,gencode
TFF3,ENSG00000160180,gencode
TFF2,ENSG00000160181,gencode
TFF1,ENSG00000160182,gencode
TMPRSS3,ENSG00000160183,gencode
UBASH3A,ENSG00000160185,gencode
RSPH1,ENSG00000160188,gencode
SLC37A1,ENSG00000160190,gencode
PDE9A,ENSG00000160191,gencode
WDR4,ENSG00000160193,gencode
NDUFV3,ENSG00000160194,gencode
PKNOX1,ENSG00000160199,gencode
CBS,ENSG00000160200,gencode
CRYAA,ENSG00000160202,gencode
HSF2BP,ENSG00000160207,gencode
RRP1B,ENSG00000160208,gencode
PDXK,ENSG00000160209,gencode
G6PD,ENSG00000160211,gencode
CSTB,ENSG00000160213,gencode
RRP1,ENSG00000160214,gencode
AGPAT3,ENSG00000160216,gencode
TRAPPC10,ENSG00000160218,gencode
GAB3,ENSG00000160219,gencode
GATD3A,ENSG00000160221,gencode
AIRE,ENSG00000160224,gencode
CFAP410,ENSG00000160226,gencode
ZNF66,ENSG00000160229,gencode
LRRC3,ENSG00000160233,gencode
ITGB2,ENSG00000160255,gencode
FAM207A,ENSG00000160256,gencode
RALGDS,ENSG00000160271,gencode
FTCD,ENSG00000160282,gencode
SPATC1L,ENSG00000160284,gencode
LSS,ENSG00000160285,gencode
VAV2,ENSG00000160293,gencode
MCM3AP,ENSG00000160294,gencode
C21orf58,ENSG00000160298,gencode
PCNT,ENSG00000160299,gencode
DIP2A,ENSG00000160305,gencode
S100B,ENSG00000160307,gencode
PRMT2,ENSG00000160310,gencode
CLDND2,ENSG00000160318,gencode
ZNF208,ENSG00000160321,gencode
ADAMTS13,ENSG00000160323,gencode
CACFD1,ENSG00000160325,gencode
SLC2A6,ENSG00000160326,gencode
FCN2,ENSG00000160339,gencode
C9orf116,ENSG00000160345,gencode
LCN1,ENSG00000160349,gencode
ZNF714,ENSG00000160352,gencode
GPSM1,ENSG00000160360,gencode
C19orf47,ENSG00000160392,gencode
HIPK4,ENSG00000160396,gencode
CFAP157,ENSG00000160401,gencode
TOR2A,ENSG00000160404,gencode
ST6GALNAC6,ENSG00000160408,gencode
SHKBP1,ENSG00000160410,gencode
RDH13,ENSG00000160439,gencode
ZER1,ENSG00000160445,gencode
ZDHHC12,ENSG00000160446,gencode
PKN3,ENSG00000160447,gencode
SPTBN4,ENSG00000160460,gencode
BRSK1,ENSG00000160469,gencode
COX6B2,ENSG00000160471,gencode
TMEM190,ENSG00000160472,gencode
NLRP4,ENSG00000160505,gencode
PLPP7,ENSG00000160539,gencode
TAOK1,ENSG00000160551,gencode
MED27,ENSG00000160563,gencode
DEDD2,ENSG00000160570,gencode
SIK3,ENSG00000160584,gencode
MPZL3,ENSG00000160588,gencode
JAML,ENSG00000160593,gencode
NEK8,ENSG00000160602,gencode
TLCD1,ENSG00000160606,gencode
PCSK7,ENSG00000160613,gencode
SAFB,ENSG00000160633,gencode
CD3G,ENSG00000160654,gencode
S100A1,ENSG00000160678,gencode
CHTOP,ENSG00000160679,gencode
CXCR5,ENSG00000160683,gencode
ZBTB7B,ENSG00000160685,gencode
FLAD1,ENSG00000160688,gencode
SHC1,ENSG00000160691,gencode
VPS11,ENSG00000160695,gencode
NLRX1,ENSG00000160703,gencode
ADAR,ENSG00000160710,gencode
IL6R,ENSG00000160712,gencode
UBE2Q1,ENSG00000160714,gencode
CHRNB2,ENSG00000160716,gencode
CRTC2,ENSG00000160741,gencode
ANO10,ENSG00000160746,gencode
FDPS,ENSG00000160752,gencode
RUSC1,ENSG00000160753,gencode
FAM189B,ENSG00000160767,gencode
PAQR6,ENSG00000160781,gencode
PMF1,ENSG00000160783,gencode
SLC25A44,ENSG00000160785,gencode
LMNA,ENSG00000160789,gencode
CCR5,ENSG00000160791,gencode
NBEAL2,ENSG00000160796,gencode
CCDC12,ENSG00000160799,gencode
PTH1R,ENSG00000160801,gencode
UBQLN4,ENSG00000160803,gencode
MYL3,ENSG00000160808,gencode
PPP1R35,ENSG00000160813,gencode
GPATCH4,ENSG00000160818,gencode
LRRC71,ENSG00000160838,gencode
FCRL3,ENSG00000160856,gencode
AZGP1,ENSG00000160862,gencode
FGFR4,ENSG00000160867,gencode
CYP3A4,ENSG00000160868,gencode
CYP3A7,ENSG00000160870,gencode
NACC1,ENSG00000160877,gencode
CYP11B1,ENSG00000160882,gencode
HK3,ENSG00000160883,gencode
LY6K,ENSG00000160886,gencode
IER2,ENSG00000160888,gencode
ZNF394,ENSG00000160908,gencode
CPSF4,ENSG00000160917,gencode
LY6E,ENSG00000160932,gencode
VPS28,ENSG00000160948,gencode
TONSL,ENSG00000160949,gencode
PTGER1,ENSG00000160951,gencode
PWWP3A,ENSG00000160953,gencode
RECQL4,ENSG00000160957,gencode
LRRC14,ENSG00000160959,gencode
ZNF333,ENSG00000160961,gencode
COL26A1,ENSG00000160963,gencode
PPP1R16A,ENSG00000160972,gencode
FOXH1,ENSG00000160973,gencode
ORAI2,ENSG00000160991,gencode
ALKBH4,ENSG00000160993,gencode
CCDC105,ENSG00000160994,gencode
SH2B2,ENSG00000160999,gencode
MRNIP,ENSG00000161010,gencode
SQSTM1,ENSG00000161011,gencode
MGAT4B,ENSG00000161013,gencode
MAML1,ENSG00000161021,gencode
PGLYRP2,ENSG00000161031,gencode
LRWD1,ENSG00000161036,gencode
FBXL13,ENSG00000161040,gencode
NAPEPLD,ENSG00000161048,gencode
SCGB3A1,ENSG00000161055,gencode
PSMC2,ENSG00000161057,gencode
CELF5,ENSG00000161082,gencode
MFSD12,ENSG00000161091,gencode
USP41,ENSG00000161133,gencode
YDJC,ENSG00000161179,gencode
CCDC116,ENSG00000161180,gencode
DVL3,ENSG00000161202,gencode
AP2M1,ENSG00000161203,gencode
ABCF3,ENSG00000161204,gencode
PCYT1A,ENSG00000161217,gencode
FBXO27,ENSG00000161243,gencode
DMKN,ENSG00000161249,gencode
U2AF1L4,ENSG00000161265,gencode
BDH1,ENSG00000161267,gencode
NPHS1,ENSG00000161270,gencode
THAP8,ENSG00000161277,gencode
COX7A1,ENSG00000161281,gencode
ZNF382,ENSG00000161298,gencode
LRRC56,ENSG00000161328,gencode
PLXDC1,ENSG00000161381,gencode
PGAP3,ENSG00000161395,gencode
IKZF3,ENSG00000161405,gencode
GRIN2C,ENSG00000161509,gencode
FDXR,ENSG00000161513,gencode
SAP30BP,ENSG00000161526,gencode
ACOX1,ENSG00000161533,gencode
PRPSAP1,ENSG00000161542,gencode
CYGB,ENSG00000161544,gencode
SRSF2,ENSG00000161547,gencode
ZNF577,ENSG00000161551,gencode
TMEM143,ENSG00000161558,gencode
KLHL10,ENSG00000161594,gencode
CCDC155,ENSG00000161609,gencode
ALDH16A1,ENSG00000161618,gencode
DCD,ENSG00000161634,gencode
ITGA5,ENSG00000161638,gencode
SIGLEC11,ENSG00000161640,gencode
ZNF385A,ENSG00000161642,gencode
MPP3,ENSG00000161647,gencode
CD300LG,ENSG00000161649,gencode
IZUMO2,ENSG00000161652,gencode
NAGS,ENSG00000161653,gencode
LSM12,ENSG00000161654,gencode
ASB16,ENSG00000161664,gencode
EMC10,ENSG00000161671,gencode
JOSD2,ENSG00000161677,gencode
SHANK1,ENSG00000161681,gencode
FAM171A2,ENSG00000161682,gencode
DBF4B,ENSG00000161692,gencode
PLCD3,ENSG00000161714,gencode
FMNL3,ENSG00000161791,gencode
AQP5,ENSG00000161798,gencode
RACGAP1,ENSG00000161800,gencode
OR7G1,ENSG00000161807,gencode
LARP4,ENSG00000161813,gencode
GRASP,ENSG00000161835,gencode
RAVER1,ENSG00000161847,gencode
KRT84,ENSG00000161849,gencode
KRT82,ENSG00000161850,gencode
SYCE2,ENSG00000161860,gencode
SPC24,ENSG00000161888,gencode
IP6K3,ENSG00000161896,gencode
LEMD2,ENSG00000161904,gencode
ALOX15,ENSG00000161905,gencode
TREML1,ENSG00000161911,gencode
ZNF653,ENSG00000161914,gencode
MED11,ENSG00000161920,gencode
CXCL16,ENSG00000161921,gencode
SCIMP,ENSG00000161929,gencode
BCL6B,ENSG00000161940,gencode
ASGR2,ENSG00000161944,gencode
TNFSF13,ENSG00000161955,gencode
SENP3,ENSG00000161956,gencode
FGF11,ENSG00000161958,gencode
EIF4A1,ENSG00000161960,gencode
CCDC42,ENSG00000161973,gencode
POLR3K,ENSG00000161980,gencode
SNRNP25,ENSG00000161981,gencode
PRR35,ENSG00000161992,gencode
WDR90,ENSG00000161996,gencode
JMJD8,ENSG00000161999,gencode
CCDC78,ENSG00000162004,gencode
MSLNL,ENSG00000162006,gencode
SSTR5,ENSG00000162009,gencode
SPSB3,ENSG00000162032,gencode
MEIOB,ENSG00000162039,gencode
HS3ST6,ENSG00000162040,gencode
TEDC2,ENSG00000162062,gencode
CCNF,ENSG00000162063,gencode
TBC1D24,ENSG00000162065,gencode
AMDHD2,ENSG00000162066,gencode
NTN3,ENSG00000162068,gencode
BICDL2,ENSG00000162069,gencode
PAQR4,ENSG00000162073,gencode
FLYWCH2,ENSG00000162076,gencode
ZG16B,ENSG00000162078,gencode
ZNF75A,ENSG00000162086,gencode
ADCY9,ENSG00000162104,gencode
SHANK2,ENSG00000162105,gencode
CLPB,ENSG00000162129,gencode
NEU3,ENSG00000162139,gencode
CYB561A3,ENSG00000162144,gencode
PPP1R32,ENSG00000162148,gencode
ASRGL1,ENSG00000162174,gencode
GNG3,ENSG00000162188,gencode
UBXN1,ENSG00000162191,gencode
LBHD1,ENSG00000162194,gencode
TTC9C,ENSG00000162222,gencode
TAF6L,ENSG00000162227,gencode
NXF1,ENSG00000162231,gencode
STX5,ENSG00000162236,gencode
SLC25A45,ENSG00000162241,gencode
ITIH3,ENSG00000162267,gencode
SYVN1,ENSG00000162298,gencode
ZFPL1,ENSG00000162300,gencode
LRP5,ENSG00000162337,gencode
TPCN2,ENSG00000162341,gencode
FGF19,ENSG00000162344,gencode
CYP4A22,ENSG00000162365,gencode
PDZK1IP1,ENSG00000162366,gencode
TAL1,ENSG00000162367,gencode
CMPK1,ENSG00000162368,gencode
BEND5,ENSG00000162373,gencode
ELAVL4,ENSG00000162374,gencode
COA7,ENSG00000162377,gencode
ZYG11B,ENSG00000162378,gencode
SLC1A7,ENSG00000162383,gencode
CZIB,ENSG00000162384,gencode
MAGOH,ENSG00000162385,gencode
ACOT11,ENSG00000162390,gencode
FAM151A,ENSG00000162391,gencode
PARS2,ENSG00000162396,gencode
LEXM,ENSG00000162398,gencode
BSND,ENSG00000162399,gencode
USP24,ENSG00000162402,gencode
PLPP3,ENSG00000162407,gencode
NOL9,ENSG00000162408,gencode
PRKAA2,ENSG00000162409,gencode
KLHL21,ENSG00000162413,gencode
ZSWIM5,ENSG00000162415,gencode
GMEB1,ENSG00000162419,gencode
SLC45A1,ENSG00000162426,gencode
SELENON,ENSG00000162430,gencode
AK4,ENSG00000162433,gencode
JAK1,ENSG00000162434,gencode
RAVER2,ENSG00000162437,gencode
CTRC,ENSG00000162438,gencode
LZIC,ENSG00000162441,gencode
RBP7,ENSG00000162444,gencode
KNCN,ENSG00000162456,gencode
FBLIM1,ENSG00000162458,gencode
TMEM82,ENSG00000162460,gencode
SLC25A34,ENSG00000162461,gencode
DRAXIN,ENSG00000162490,gencode
PDPN,ENSG00000162493,gencode
LRRC38,ENSG00000162494,gencode
DHRS3,ENSG00000162496,gencode
MATN1,ENSG00000162510,gencode
LAPTM5,ENSG00000162511,gencode
SDC3,ENSG00000162512,gencode
PEF1,ENSG00000162517,gencode
SYNC,ENSG00000162520,gencode
RBBP4,ENSG00000162521,gencode
KIAA1522,ENSG00000162522,gencode
TSSK3,ENSG00000162526,gencode
TMCO4,ENSG00000162542,gencode
UBXN10,ENSG00000162543,gencode
CAMK2N1,ENSG00000162545,gencode
ALPL,ENSG00000162551,gencode
WNT4,ENSG00000162552,gencode
TTLL10,ENSG00000162571,gencode
SCNN1D,ENSG00000162572,gencode
MXRA8,ENSG00000162576,gencode
FAAP20,ENSG00000162585,gencode
MEGF6,ENSG00000162591,gencode
CCDC27,ENSG00000162592,gencode
IL23R,ENSG00000162594,gencode
DIRAS3,ENSG00000162595,gencode
C1orf87,ENSG00000162598,gencode
NFIA,ENSG00000162599,gencode
OMA1,ENSG00000162600,gencode
MYSM1,ENSG00000162601,gencode
TM2D1,ENSG00000162604,gencode
USP1,ENSG00000162607,gencode
FUBP1,ENSG00000162613,gencode
NEXN,ENSG00000162614,gencode
DNAJB4,ENSG00000162616,gencode
ADGRL4,ENSG00000162618,gencode
LRRIQ3,ENSG00000162620,gencode
LRRC53,ENSG00000162621,gencode
TYW3,ENSG00000162623,gencode
LHX8,ENSG00000162624,gencode
SNX7,ENSG00000162627,gencode
B3GALT2,ENSG00000162630,gencode
NTNG1,ENSG00000162631,gencode
FAM102B,ENSG00000162636,gencode
HENMT1,ENSG00000162639,gencode
C1orf52,ENSG00000162642,gencode
WDR63,ENSG00000162643,gencode
GBP2,ENSG00000162645,gencode
ATXN7L2,ENSG00000162650,gencode
GBP4,ENSG00000162654,gencode
ZNF326,ENSG00000162664,gencode
HFM1,ENSG00000162669,gencode
BRINP3,ENSG00000162670,gencode
GFI1,ENSG00000162676,gencode
KCNT2,ENSG00000162687,gencode
AGL,ENSG00000162688,gencode
VCAM1,ENSG00000162692,gencode
EXTL2,ENSG00000162694,gencode
SLC30A7,ENSG00000162695,gencode
ZNF281,ENSG00000162702,gencode
ARPC5,ENSG00000162704,gencode
CADM3,ENSG00000162706,gencode
NLRP3,ENSG00000162711,gencode
ZNF496,ENSG00000162714,gencode
TRIM58,ENSG00000162722,gencode
SLAMF9,ENSG00000162723,gencode
OR2M5,ENSG00000162727,gencode
KCNJ9,ENSG00000162728,gencode
IGSF8,ENSG00000162729,gencode
DDR2,ENSG00000162733,gencode
PEA15,ENSG00000162734,gencode
PEX19,ENSG00000162735,gencode
NCSTN,ENSG00000162736,gencode
VANGL2,ENSG00000162738,gencode
SLAMF6,ENSG00000162739,gencode
OLFML2B,ENSG00000162745,gencode
FCRLB,ENSG00000162746,gencode
FCGR3B,ENSG00000162747,gencode
SLC9C2,ENSG00000162753,gencode
KLHDC9,ENSG00000162755,gencode
C1orf74,ENSG00000162757,gencode
LMX1A,ENSG00000162761,gencode
LRRC52,ENSG00000162763,gencode
FLVCR1,ENSG00000162769,gencode
FAM71A,ENSG00000162771,gencode
ATF3,ENSG00000162772,gencode
RBM15,ENSG00000162775,gencode
DENND2D,ENSG00000162777,gencode
AXDND1,ENSG00000162779,gencode
TDRD5,ENSG00000162782,gencode
IER5,ENSG00000162783,gencode
SNED1,ENSG00000162804,gencode
BPNT1,ENSG00000162813,gencode
SPATA17,ENSG00000162814,gencode
C1orf115,ENSG00000162817,gencode
BROX,ENSG00000162819,gencode
NBPF20,ENSG00000162825,gencode
ACP6,ENSG00000162836,gencode
WDR64,ENSG00000162843,gencode
KIF26B,ENSG00000162849,gencode
TFB2M,ENSG00000162851,gencode
CNST,ENSG00000162852,gencode
PPP1R21,ENSG00000162869,gencode
KLHDC8A,ENSG00000162873,gencode
PM20D1,ENSG00000162877,gencode
PKDCC,ENSG00000162878,gencode
OXER1,ENSG00000162881,gencode
HAAO,ENSG00000162882,gencode
B3GALNT2,ENSG00000162885,gencode
MAPKAPK2,ENSG00000162889,gencode
IL20,ENSG00000162891,gencode
IL24,ENSG00000162892,gencode
FCMR,ENSG00000162894,gencode
PIGR,ENSG00000162896,gencode
FCAMR,ENSG00000162897,gencode
CAPN2,ENSG00000162909,gencode
WDR26,ENSG00000162923,gencode
REL,ENSG00000162924,gencode
PUS10,ENSG00000162927,gencode
PEX13,ENSG00000162928,gencode
KIAA1841,ENSG00000162929,gencode
TRIM17,ENSG00000162931,gencode
RFTN2,ENSG00000162944,gencode
DISC1,ENSG00000162946,gencode
CAPN13,ENSG00000162949,gencode
LRRTM1,ENSG00000162951,gencode
MEMO1,ENSG00000162959,gencode
DPY30,ENSG00000162961,gencode
TYW5,ENSG00000162971,gencode
MAIP1,ENSG00000162972,gencode
KCNF1,ENSG00000162975,gencode
SLC66A3,ENSG00000162976,gencode
ARL5A,ENSG00000162980,gencode
LRATD1,ENSG00000162981,gencode
KCNJ3,ENSG00000162989,gencode
NEUROD1,ENSG00000162992,gencode
CLHC1,ENSG00000162994,gencode
FRZB,ENSG00000162998,gencode
DUSP19,ENSG00000162999,gencode
CFAP36,ENSG00000163001,gencode
NUP35,ENSG00000163002,gencode
CCDC138,ENSG00000163006,gencode
ZSWIM2,ENSG00000163012,gencode
FBXO41,ENSG00000163013,gencode
ACTG2,ENSG00000163017,gencode
WDCP,ENSG00000163026,gencode
SMC6,ENSG00000163029,gencode
VSNL1,ENSG00000163032,gencode
CCDC74A,ENSG00000163040,gencode
H3F3A,ENSG00000163041,gencode
ANKRD30BL,ENSG00000163046,gencode
COQ8A,ENSG00000163050,gencode
SLC16A14,ENSG00000163053,gencode
EN1,ENSG00000163064,gencode
SGCB,ENSG00000163069,gencode
SPATA18,ENSG00000163071,gencode
NOSTRIN,ENSG00000163072,gencode
CFAP221,ENSG00000163075,gencode
CCDC140,ENSG00000163081,gencode
SGPP2,ENSG00000163082,gencode
INHBB,ENSG00000163083,gencode
XIRP2,ENSG00000163092,gencode
BBS5,ENSG00000163093,gencode
SMARCAD1,ENSG00000163104,gencode
HPGDS,ENSG00000163106,gencode
PDLIM5,ENSG00000163110,gencode
PDHA2,ENSG00000163114,gencode
STPG2,ENSG00000163116,gencode
NEURL3,ENSG00000163121,gencode
RPRD2,ENSG00000163125,gencode
ANKRD23,ENSG00000163126,gencode
CTSS,ENSG00000163131,gencode
MSX1,ENSG00000163132,gencode
PACRGL,ENSG00000163138,gencode
BNIPL,ENSG00000163141,gencode
C1QTNF7,ENSG00000163145,gencode
TNFAIP8L2,ENSG00000163154,gencode
LYSMD1,ENSG00000163155,gencode
SCNM1,ENSG00000163156,gencode
TMOD4,ENSG00000163157,gencode
VPS72,ENSG00000163159,gencode
ERCC3,ENSG00000163161,gencode
RNF149,ENSG00000163162,gencode
IWS1,ENSG00000163166,gencode
BOLA3,ENSG00000163170,gencode
CDC42EP3,ENSG00000163171,gencode
S100A11,ENSG00000163191,gencode
LCE3D,ENSG00000163202,gencode
SMCP,ENSG00000163206,gencode
IVL,ENSG00000163207,gencode
SPRR3,ENSG00000163209,gencode
DHX57,ENSG00000163214,gencode
SPRR2D,ENSG00000163216,gencode
BMP10,ENSG00000163217,gencode
PGLYRP4,ENSG00000163218,gencode
ARHGAP25,ENSG00000163219,gencode
S100A9,ENSG00000163220,gencode
S100A12,ENSG00000163221,gencode
TGFA,ENSG00000163235,gencode
TDRD10,ENSG00000163239,gencode
CCNYL1,ENSG00000163249,gencode
FZD5,ENSG00000163251,gencode
CRYGC,ENSG00000163254,gencode
DCAF16,ENSG00000163257,gencode
C1orf189,ENSG00000163263,gencode
NPPC,ENSG00000163273,gencode
GNPDA2,ENSG00000163281,gencode
ALPP,ENSG00000163283,gencode
GABRG1,ENSG00000163285,gencode
ALPG,ENSG00000163286,gencode
GABRB1,ENSG00000163288,gencode
PAQR3,ENSG00000163291,gencode
NIPAL1,ENSG00000163293,gencode
ALPI,ENSG00000163295,gencode
ANTXR2,ENSG00000163297,gencode
HELQ,ENSG00000163312,gencode
CGGBP1,ENSG00000163320,gencode
ABRAXAS1,ENSG00000163322,gencode
GPR155,ENSG00000163328,gencode
PMVK,ENSG00000163344,gencode
PBXIP1,ENSG00000163346,gencode
CLDN1,ENSG00000163347,gencode
PYGO2,ENSG00000163348,gencode
HIPK1,ENSG00000163349,gencode
LENEP,ENSG00000163352,gencode
DCST2,ENSG00000163354,gencode
DCST1,ENSG00000163357,gencode
COL6A3,ENSG00000163359,gencode
INAVA,ENSG00000163362,gencode
YY1AP1,ENSG00000163374,gencode
KBTBD8,ENSG00000163376,gencode
TAFA4,ENSG00000163377,gencode
EOGT,ENSG00000163378,gencode
NAXE,ENSG00000163382,gencode
POGLUT1,ENSG00000163389,gencode
SLC22A15,ENSG00000163393,gencode
CCKAR,ENSG00000163394,gencode
IGFN1,ENSG00000163395,gencode
ATP1A1,ENSG00000163399,gencode
SLC15A2,ENSG00000163406,gencode
EIF4E3,ENSG00000163412,gencode
PROK2,ENSG00000163421,gencode
TEX55,ENSG00000163424,gencode
LRRC58,ENSG00000163428,gencode
FSTL1,ENSG00000163430,gencode
LMOD1,ENSG00000163431,gencode
ELF3,ENSG00000163435,gencode
PDCL2,ENSG00000163440,gencode
TMEM183A,ENSG00000163444,gencode
TMEM169,ENSG00000163449,gencode
IGFBP7,ENSG00000163453,gencode
TRIM46,ENSG00000163462,gencode
KRTCAP2,ENSG00000163463,gencode
CXCR1,ENSG00000163464,gencode
ARPC2,ENSG00000163466,gencode
TSACC,ENSG00000163467,gencode
CCT3,ENSG00000163468,gencode
TMEM79,ENSG00000163472,gencode
SSR2,ENSG00000163479,gencode
RNF25,ENSG00000163481,gencode
STK36,ENSG00000163482,gencode
ADORA1,ENSG00000163485,gencode
NEK10,ENSG00000163491,gencode
CCDC141,ENSG00000163492,gencode
FEV,ENSG00000163497,gencode
CRYBA2,ENSG00000163499,gencode
IHH,ENSG00000163501,gencode
CIP2A,ENSG00000163507,gencode
EOMES,ENSG00000163508,gencode
CWC22,ENSG00000163510,gencode
AZI2,ENSG00000163512,gencode
TGFBR2,ENSG00000163513,gencode
RETNLB,ENSG00000163515,gencode
ANKZF1,ENSG00000163516,gencode
HDAC11,ENSG00000163517,gencode
FCRL4,ENSG00000163518,gencode
TRAT1,ENSG00000163519,gencode
FBLN2,ENSG00000163520,gencode
GLB1L,ENSG00000163521,gencode
STT3B,ENSG00000163527,gencode
CHCHD4,ENSG00000163528,gencode
DPPA2,ENSG00000163530,gencode
NFASC,ENSG00000163531,gencode
FCRL1,ENSG00000163534,gencode
SGO2,ENSG00000163535,gencode
SERPINI1,ENSG00000163536,gencode
CLASP2,ENSG00000163539,gencode
SUCLG1,ENSG00000163541,gencode
NUAK2,ENSG00000163545,gencode
SPTA1,ENSG00000163554,gencode
PRKCI,ENSG00000163558,gencode
MNDA,ENSG00000163563,gencode
PYHIN1,ENSG00000163564,gencode
IFI16,ENSG00000163565,gencode
AIM2,ENSG00000163568,gencode
EFHB,ENSG00000163576,gencode
EIF5A2,ENSG00000163577,gencode
SLC2A2,ENSG00000163581,gencode
FABP1,ENSG00000163586,gencode
PPM1L,ENSG00000163590,gencode
ICA1L,ENSG00000163596,gencode
CTLA4,ENSG00000163599,gencode
ICOS,ENSG00000163600,gencode
RYBP,ENSG00000163602,gencode
PPP4R2,ENSG00000163605,gencode
CD200R1,ENSG00000163606,gencode
GTPBP8,ENSG00000163607,gencode
NEPRO,ENSG00000163608,gencode
SPICE1,ENSG00000163611,gencode
CCDC191,ENSG00000163617,gencode
CADPS,ENSG00000163618,gencode
NKX6-1,ENSG00000163623,gencode
CDS1,ENSG00000163624,gencode
WDFY3,ENSG00000163625,gencode
COX18,ENSG00000163626,gencode
PTPN13,ENSG00000163629,gencode
SYNPR,ENSG00000163630,gencode
ALB,ENSG00000163631,gencode
C3orf49,ENSG00000163632,gencode
C4orf36,ENSG00000163633,gencode
THOC7,ENSG00000163634,gencode
ATXN7,ENSG00000163635,reference_var
PSMD6,ENSG00000163636,gencode
PRICKLE2,ENSG00000163637,gencode
ADAMTS9,ENSG00000163638,gencode
PPM1K,ENSG00000163644,gencode
ERICH6,ENSG00000163645,gencode
CLRN1,ENSG00000163646,gencode
GMPS,ENSG00000163655,gencode
TIPARP,ENSG00000163659,gencode
CCNL1,ENSG00000163660,gencode
PTX3,ENSG00000163661,gencode
HESX1,ENSG00000163666,gencode
DCLK3,ENSG00000163673,gencode
SLMAP,ENSG00000163681,gencode
SMIM14,ENSG00000163683,gencode
RPP14,ENSG00000163684,gencode
ABHD6,ENSG00000163686,gencode
DNASE1L3,ENSG00000163687,gencode
C3orf67,ENSG00000163689,gencode
RBM47,ENSG00000163694,gencode
APBB2,ENSG00000163697,gencode
IL17RC,ENSG00000163702,gencode
CRELD1,ENSG00000163703,gencode
FANCD2OS,ENSG00000163705,gencode
PCOLCE2,ENSG00000163710,gencode
U2SURP,ENSG00000163714,gencode
MTMR14,ENSG00000163719,gencode
TTC14,ENSG00000163728,gencode
CXCL3,ENSG00000163734,gencode
CXCL5,ENSG00000163735,gencode
PPBP,ENSG00000163736,gencode
PF4,ENSG00000163737,gencode
MTHFD2L,ENSG00000163738,gencode
CXCL1,ENSG00000163739,gencode
RCHY1,ENSG00000163743,gencode
PLSCR2,ENSG00000163746,gencode
CCDC158,ENSG00000163749,gencode
CPA3,ENSG00000163751,gencode
GYG1,ENSG00000163754,gencode
HPS3,ENSG00000163755,gencode
TM4SF18,ENSG00000163762,gencode
TOPBP1,ENSG00000163781,gencode
RYK,ENSG00000163785,gencode
SNRK,ENSG00000163788,gencode
TCF23,ENSG00000163792,gencode
DNAJC5G,ENSG00000163793,gencode
UCN,ENSG00000163794,gencode
ZNF513,ENSG00000163795,gencode
SLC4A1AP,ENSG00000163798,gencode
PLB1,ENSG00000163803,gencode
SPDYA,ENSG00000163806,gencode
KIAA1143,ENSG00000163807,gencode
KIF15,ENSG00000163808,gencode
TGM4,ENSG00000163810,gencode
WDR43,ENSG00000163811,gencode
ZDHHC3,ENSG00000163812,gencode
CDCP1,ENSG00000163814,gencode
CLEC3B,ENSG00000163815,gencode
SLC6A20,ENSG00000163817,gencode
LZTFL1,ENSG00000163818,gencode
FYCO1,ENSG00000163820,gencode
CCR1,ENSG00000163823,gencode
RTP3,ENSG00000163825,gencode
LRRC2,ENSG00000163827,gencode
ELP6,ENSG00000163832,gencode
FBXO40,ENSG00000163833,gencode
DTX3L,ENSG00000163840,gencode
ZNF148,ENSG00000163848,gencode
NMNAT3,ENSG00000163864,gencode
SMIM12,ENSG00000163866,gencode
ZMYM6,ENSG00000163867,gencode
TPRA1,ENSG00000163870,gencode
YEATS2,ENSG00000163872,gencode
GRIK3,ENSG00000163873,gencode
ZC3H12A,ENSG00000163874,gencode
MEAF6,ENSG00000163875,gencode
SNIP1,ENSG00000163877,gencode
DNALI1,ENSG00000163879,gencode
POLR2H,ENSG00000163882,gencode
KLF15,ENSG00000163884,gencode
CFAP100,ENSG00000163885,gencode
CAMK2N2,ENSG00000163888,gencode
LIPH,ENSG00000163898,gencode
TMEM41A,ENSG00000163900,gencode
RPN1,ENSG00000163902,gencode
SENP2,ENSG00000163904,gencode
HEYL,ENSG00000163909,gencode
IFT122,ENSG00000163913,gencode
RHO,ENSG00000163914,gencode
RFC4,ENSG00000163918,gencode
BAP1,ENSG00000163930,gencode
PRKCD,ENSG00000163932,gencode
RFT1,ENSG00000163933,gencode
SFMBT1,ENSG00000163935,gencode
GNL3,ENSG00000163938,gencode
PBRM1,ENSG00000163939,gencode
UVSSA,ENSG00000163945,gencode
TASOR,ENSG00000163946,gencode
ARHGEF3,ENSG00000163947,gencode
SLBP,ENSG00000163950,gencode
LRPAP1,ENSG00000163956,gencode
ZDHHC19,ENSG00000163958,gencode
SLC51A,ENSG00000163959,gencode
UBXN7,ENSG00000163960,gencode
RNF168,ENSG00000163961,gencode
PIGX,ENSG00000163964,gencode
MELTF,ENSG00000163975,gencode
OTOP1,ENSG00000163982,gencode
S100P,ENSG00000163993,gencode
ABLIM2,ENSG00000163995,gencode
EXO5,ENSG00000164002,gencode
CLDN19,ENSG00000164007,gencode
ERMAP,ENSG00000164010,gencode
ZNF691,ENSG00000164011,gencode
AIMP1,ENSG00000164022,gencode
SGMS2,ENSG00000164023,gencode
DNAJB14,ENSG00000164031,gencode
H2AFZ,ENSG00000164032,gencode
EMCN,ENSG00000164035,gencode
SLC9B1,ENSG00000164037,gencode
SLC9B2,ENSG00000164038,gencode
BDH2,ENSG00000164039,gencode
PGRMC2,ENSG00000164040,gencode
CDC25A,ENSG00000164045,gencode
CAMP,ENSG00000164047,gencode
ZNF589,ENSG00000164048,gencode
FBXW12,ENSG00000164049,gencode
PLXNB1,ENSG00000164050,gencode
CCDC51,ENSG00000164051,gencode
ATRIP,ENSG00000164053,gencode
SHISA5,ENSG00000164054,gencode
SPRY1,ENSG00000164056,gencode
BSN,ENSG00000164061,gencode
APEH,ENSG00000164062,gencode
INTU,ENSG00000164066,gencode
RNF123,ENSG00000164068,gencode
HSPA4L,ENSG00000164070,gencode
MFSD8,ENSG00000164073,gencode
ABHD18,ENSG00000164074,gencode
CAMKV,ENSG00000164076,gencode
MON1A,ENSG00000164077,gencode
MST1R,ENSG00000164078,gencode
RAD54L2,ENSG00000164080,gencode
TEX264,ENSG00000164081,gencode
GRM2,ENSG00000164082,gencode
DUSP7,ENSG00000164086,gencode
POC1A,ENSG00000164087,gencode
PPM1M,ENSG00000164088,gencode
ETNPPL,ENSG00000164089,gencode
WDR82,ENSG00000164091,gencode
PITX2,ENSG00000164093,gencode
C4orf3,ENSG00000164096,gencode
PRSS12,ENSG00000164099,gencode
NDST3,ENSG00000164100,gencode
HMGB2,ENSG00000164104,gencode
SAP30,ENSG00000164105,gencode
HAND2,ENSG00000164107,gencode
MAD2L1,ENSG00000164109,gencode
ANXA5,ENSG00000164111,gencode
TMEM155,ENSG00000164112,gencode
ADAD1,ENSG00000164113,gencode
MAP9,ENSG00000164114,gencode
GUCY1A1,ENSG00000164116,gencode
FBXO8,ENSG00000164117,gencode
CEP44,ENSG00000164118,gencode
HPGD,ENSG00000164120,gencode
ASB5,ENSG00000164122,gencode
C4orf45,ENSG00000164123,gencode
TMEM144,ENSG00000164124,gencode
GASK1B,ENSG00000164125,gencode
NPY1R,ENSG00000164128,gencode
NPY5R,ENSG00000164129,gencode
NAA15,ENSG00000164134,gencode
IL15,ENSG00000164136,gencode
FAM160A1,ENSG00000164142,gencode
ARFIP1,ENSG00000164144,gencode
HHIP,ENSG00000164161,gencode
ANAPC10,ENSG00000164162,gencode
ABCE1,ENSG00000164163,gencode
OTUD4,ENSG00000164164,gencode
LSM6,ENSG00000164167,gencode
TMEM184C,ENSG00000164168,gencode
PRMT9,ENSG00000164169,gencode
ITGA2,ENSG00000164171,gencode
MOCS2,ENSG00000164172,gencode
SLC45A2,ENSG00000164175,gencode
EDIL3,ENSG00000164176,gencode
TMEM161B,ENSG00000164180,gencode
ELOVL7,ENSG00000164181,gencode
NDUFAF2,ENSG00000164182,gencode
ZNF474,ENSG00000164185,gencode
LMBRD2,ENSG00000164187,gencode
RANBP3L,ENSG00000164188,gencode
NIPBL,ENSG00000164190,gencode
RNF180,ENSG00000164197,gencode
ADGRV1,ENSG00000164199,gencode
SLC25A46,ENSG00000164209,gencode
STARD4,ENSG00000164211,gencode
PGGT1B,ENSG00000164219,gencode
F2RL2,ENSG00000164220,gencode
CCDC112,ENSG00000164221,gencode
ANKRD33B,ENSG00000164236,gencode
CMBL,ENSG00000164237,gencode
C5orf63,ENSG00000164241,gencode
PRRC1,ENSG00000164244,gencode
F2RL1,ENSG00000164251,gencode
AGGF1,ENSG00000164252,gencode
WDR41,ENSG00000164253,gencode
PRDM9,ENSG00000164256,gencode
NDUFS4,ENSG00000164258,gencode
SCGB3A2,ENSG00000164265,gencode
SPINK1,ENSG00000164266,gencode
HTR4,ENSG00000164270,gencode
ESM1,ENSG00000164283,gencode
GRPEL2,ENSG00000164284,gencode
CDC20B,ENSG00000164287,gencode
ARSK,ENSG00000164291,gencode
RHOBTB3,ENSG00000164292,gencode
GPX8,ENSG00000164294,gencode
TIGD6,ENSG00000164296,gencode
SPZ1,ENSG00000164299,gencode
SERINC5,ENSG00000164300,gencode
ENPP6,ENSG00000164303,gencode
CAGE1,ENSG00000164304,gencode
CASP3,ENSG00000164305,gencode
PRIMPOL,ENSG00000164306,gencode
ERAP1,ENSG00000164307,gencode
ERAP2,ENSG00000164308,gencode
CMYA5,ENSG00000164309,gencode
EGFLAM,ENSG00000164318,gencode
CFAP97,ENSG00000164323,gencode
TMEM174,ENSG00000164325,gencode
CARTPT,ENSG00000164326,gencode
RICTOR,ENSG00000164327,gencode
TENT2,ENSG00000164329,gencode
EBF1,ENSG00000164330,gencode
ANKRA2,ENSG00000164331,gencode
UBLCP1,ENSG00000164332,gencode
FAM170A,ENSG00000164334,gencode
UTP15,ENSG00000164338,gencode
TLR3,ENSG00000164342,gencode
KLKB1,ENSG00000164344,gencode
NSA2,ENSG00000164346,gencode
GFM2,ENSG00000164347,gencode
TERT,ENSG00000164362,gencode
SLC6A18,ENSG00000164363,gencode
CCDC127,ENSG00000164366,gencode
FOXQ1,ENSG00000164379,gencode
ADGRF2,ENSG00000164393,gencode
ACSL6,ENSG00000164398,gencode
IL3,ENSG00000164399,gencode
CSF2,ENSG00000164400,gencode
SEPTIN8,ENSG00000164402,gencode
SHROOM1,ENSG00000164403,gencode
GDF9,ENSG00000164404,gencode
UQCRQ,ENSG00000164405,gencode
LEAP2,ENSG00000164406,gencode
GJB7,ENSG00000164411,gencode
SLC35A1,ENSG00000164414,gencode
GRIK2,ENSG00000164418,gencode
CGAS,ENSG00000164430,gencode
FABP7,ENSG00000164434,gencode
TLX3,ENSG00000164438,gencode
TXLNB,ENSG00000164440,gencode
CITED2,ENSG00000164442,gencode
CALHM4,ENSG00000164451,gencode
TBXT,ENSG00000164458,gencode
CREBRF,ENSG00000164463,gencode
DCBLD1,ENSG00000164465,gencode
SFXN1,ENSG00000164466,gencode
SAMD3,ENSG00000164483,gencode
TMEM200A,ENSG00000164484,gencode
IL22RA2,ENSG00000164485,gencode
DACT2,ENSG00000164488,gencode
PDSS2,ENSG00000164494,gencode
SPATA48,ENSG00000164500,gencode
STXBP5,ENSG00000164506,gencode
HIST1H2AA,ENSG00000164508,gencode
IL31RA,ENSG00000164509,gencode
ANKRD55,ENSG00000164512,gencode
RAET1E,ENSG00000164520,gencode
PI16,ENSG00000164530,gencode
DAGLB,ENSG00000164535,gencode
KIAA0895,ENSG00000164542,gencode
STK17A,ENSG00000164543,gencode
TRA2A,ENSG00000164548,gencode
GALNT10,ENSG00000164574,gencode
SAP30L,ENSG00000164576,gencode
HCN1,ENSG00000164588,gencode
MYOZ3,ENSG00000164591,gencode
COG5,ENSG00000164597,gencode
NEUROD6,ENSG00000164600,gencode
BMT2,ENSG00000164603,gencode
GPR85,ENSG00000164604,gencode
SLU7,ENSG00000164609,gencode
RP9,ENSG00000164610,gencode
PTTG1,ENSG00000164611,gencode
CAMLG,ENSG00000164615,gencode
BMPER,ENSG00000164619,gencode
RELL2,ENSG00000164620,gencode
KCNK5,ENSG00000164626,gencode
KIF6,ENSG00000164627,gencode
ZNF12,ENSG00000164631,gencode
SLC29A4,ENSG00000164638,gencode
TEX47,ENSG00000164645,gencode
STEAP1,ENSG00000164647,gencode
CDCA7L,ENSG00000164649,gencode
SP8,ENSG00000164651,gencode
MIOS,ENSG00000164654,gencode
KIAA1324L,ENSG00000164659,gencode
USP49,ENSG00000164663,gencode
SYTL3,ENSG00000164674,gencode
IQUB,ENSG00000164675,gencode
HEY1,ENSG00000164683,gencode
ZNF704,ENSG00000164684,gencode
FABP5,ENSG00000164687,gencode
SHH,ENSG00000164690,gencode
TAGAP,ENSG00000164691,gencode
COL1A2,ENSG00000164692,gencode
FNDC1,ENSG00000164694,gencode
CHMP4C,ENSG00000164695,gencode
SLC13A4,ENSG00000164707,gencode
PGAM2,ENSG00000164708,gencode
BRI3,ENSG00000164713,gencode
LMTK2,ENSG00000164715,gencode
SLC35G3,ENSG00000164729,gencode
CTSB,ENSG00000164733,gencode
SOX17,ENSG00000164736,gencode
DLC1,ENSG00000164741,gencode
ADCY1,ENSG00000164742,gencode
C8orf48,ENSG00000164743,gencode
SUN3,ENSG00000164744,gencode
C7orf57,ENSG00000164746,gencode
HNF4G,ENSG00000164749,gencode
PEX2,ENSG00000164751,gencode
RAD21,ENSG00000164754,gencode
SLC30A8,ENSG00000164756,gencode
MED30,ENSG00000164758,gencode
TNFRSF11B,ENSG00000164761,gencode
SBSPON,ENSG00000164764,gencode
PHKG1,ENSG00000164776,gencode
EN2,ENSG00000164778,gencode
KCNV1,ENSG00000164794,gencode
CSMD3,ENSG00000164796,gencode
SPIDR,ENSG00000164808,gencode
ORC5,ENSG00000164815,gencode
DEFA5,ENSG00000164816,gencode
DNAAF5,ENSG00000164818,gencode
DEFA4,ENSG00000164821,gencode
DEFA6,ENSG00000164822,gencode
OSGIN2,ENSG00000164823,gencode
DEFB1,ENSG00000164825,gencode
SUN1,ENSG00000164828,gencode
OXR1,ENSG00000164830,gencode
TMEM74,ENSG00000164841,gencode
GPR146,ENSG00000164849,gencode
GPER1,ENSG00000164850,gencode
UNCX,ENSG00000164853,gencode
TMEM184A,ENSG00000164855,gencode
NOS3,ENSG00000164867,gencode
MICALL2,ENSG00000164877,gencode
CA3,ENSG00000164879,gencode
INTS1,ENSG00000164880,gencode
CDK5,ENSG00000164885,gencode
SLC4A2,ENSG00000164889,gencode
SLC7A13,ENSG00000164893,gencode
FASTK,ENSG00000164896,gencode
TMUB1,ENSG00000164897,gencode
FMC1,ENSG00000164898,gencode
GBX1,ENSG00000164900,gencode
PHAX,ENSG00000164902,gencode
ALDH7A1,ENSG00000164904,gencode
FOXK1,ENSG00000164916,gencode
COX6C,ENSG00000164919,gencode
OSR2,ENSG00000164920,gencode
YWHAZ,ENSG00000164924,gencode
BAALC,ENSG00000164929,gencode
FZD6,ENSG00000164930,gencode
CTHRC1,ENSG00000164932,gencode
SLC25A32,ENSG00000164933,gencode
DCAF13,ENSG00000164934,gencode
DCSTAMP,ENSG00000164935,gencode
TP53INP1,ENSG00000164938,gencode
INTS8,ENSG00000164941,gencode
VIRMA,ENSG00000164944,gencode
FREM1,ENSG00000164946,gencode
GEM,ENSG00000164949,gencode
PDP1,ENSG00000164951,gencode
TMEM67,ENSG00000164953,gencode
WASHC5,ENSG00000164961,gencode
RPP25L,ENSG00000164967,gencode
FAM219A,ENSG00000164970,gencode
C9orf24,ENSG00000164972,gencode
SNAPC3,ENSG00000164975,gencode
MYORG,ENSG00000164976,gencode
NUDT2,ENSG00000164978,gencode
TMEM65,ENSG00000164983,gencode
PSIP1,ENSG00000164985,gencode
CCDC171,ENSG00000164989,gencode
UBAP1,ENSG00000165006,gencode
DIRAS2,ENSG00000165023,gencode
SYK,ENSG00000165025,gencode
NIPSNAP3B,ENSG00000165028,gencode
ABCA1,ENSG00000165029,gencode
NFIL3,ENSG00000165030,gencode
LETM2,ENSG00000165046,gencode
METTL2B,ENSG00000165055,gencode
PRKACG,ENSG00000165059,gencode
FXN,ENSG00000165060,gencode
ZMAT4,ENSG00000165061,gencode
NKX6-3,ENSG00000165066,gencode
TMEM71,ENSG00000165071,gencode
MAMDC2,ENSG00000165072,gencode
PRSS37,ENSG00000165076,gencode
CPA6,ENSG00000165078,gencode
C8orf34,ENSG00000165084,gencode
ALDH1A1,ENSG00000165092,gencode
KDM1B,ENSG00000165097,gencode
HGSNAT,ENSG00000165102,gencode
RASEF,ENSG00000165105,gencode
GKAP1,ENSG00000165113,gencode
KIF27,ENSG00000165115,gencode
C9orf64,ENSG00000165118,gencode
HNRNPK,ENSG00000165119,gencode
SSMEM1,ENSG00000165120,gencode
SVEP1,ENSG00000165124,gencode
TRPV6,ENSG00000165125,gencode
LLCFC1,ENSG00000165131,gencode
ANKS6,ENSG00000165138,gencode
FBP1,ENSG00000165140,gencode
TMEM246,ENSG00000165152,gencode
ZHX1,ENSG00000165156,gencode
CFAP47,ENSG00000165164,gencode
CYBB,ENSG00000165168,gencode
DYNLT3,ENSG00000165169,gencode
METTL27,ENSG00000165171,gencode
MID1IP1,ENSG00000165175,gencode
SHOC1,ENSG00000165181,gencode
CXorf58,ENSG00000165182,gencode
KIAA1958,ENSG00000165185,gencode
PTCHD1,ENSG00000165186,gencode
RNF183,ENSG00000165188,gencode
ASB11,ENSG00000165192,gencode
PCDH19,ENSG00000165194,gencode
PIGA,ENSG00000165195,gencode
VEGFD,ENSG00000165197,gencode
OR1Q1,ENSG00000165202,gencode
OR1K1,ENSG00000165204,gencode
STRBP,ENSG00000165209,gencode
CLDN3,ENSG00000165215,gencode
GAPVD1,ENSG00000165219,gencode
CARD19,ENSG00000165233,gencode
WNK2,ENSG00000165238,gencode
ATP7A,ENSG00000165240,gencode
ZNF367,ENSG00000165244,gencode
NLGN4Y,ENSG00000165246,gencode
HDX,ENSG00000165259,gencode
NDUFB6,ENSG00000165264,gencode
AQP7,ENSG00000165269,gencode
NOL6,ENSG00000165271,gencode
AQP3,ENSG00000165272,gencode
TRMT10B,ENSG00000165275,gencode
VCP,ENSG00000165280,gencode
PIGO,ENSG00000165282,gencode
STOML2,ENSG00000165283,gencode
BRWD3,ENSG00000165288,gencode
SLITRK5,ENSG00000165300,gencode
MELK,ENSG00000165304,gencode
ARMC3,ENSG00000165309,gencode
OTUD1,ENSG00000165312,gencode
ARHGAP12,ENSG00000165322,gencode
FAT3,ENSG00000165323,gencode
DEUP1,ENSG00000165325,gencode
HECTD2,ENSG00000165338,gencode
SLC7A3,ENSG00000165349,gencode
FBXO33,ENSG00000165355,gencode
INTS6L,ENSG00000165359,gencode
GPR101,ENSG00000165370,gencode
CLDN2,ENSG00000165376,gencode
LRFN5,ENSG00000165379,gencode
LRRC18,ENSG00000165383,gencode
SPTSSA,ENSG00000165389,gencode
WRN,ENSG00000165392,gencode
MARCH8,ENSG00000165406,gencode
TSHR,ENSG00000165409,gencode
CFL2,ENSG00000165410,gencode
SUGT1,ENSG00000165416,gencode
GTF2A1,ENSG00000165417,gencode
ZCCHC24,ENSG00000165424,gencode
PGM2L1,ENSG00000165434,gencode
PHYHIPL,ENSG00000165443,gencode
SLC16A9,ENSG00000165449,gencode
FOLR2,ENSG00000165457,gencode
INPPL1,ENSG00000165458,gencode
PHOX2A,ENSG00000165462,gencode
MBL2,ENSG00000165471,gencode
GJB2,ENSG00000165474,gencode
CRYL1,ENSG00000165475,gencode
REEP3,ENSG00000165476,gencode
HEPACAM,ENSG00000165478,gencode
SKA3,ENSG00000165480,gencode
MICU2,ENSG00000165487,gencode
DDIAS,ENSG00000165490,gencode
PCF11,ENSG00000165494,gencode
PKNOX2,ENSG00000165495,gencode
LRR1,ENSG00000165501,gencode
DNAAF2,ENSG00000165506,gencode
DEPP1,ENSG00000165507,gencode
MAGEC3,ENSG00000165509,gencode
ZNF22,ENSG00000165512,gencode
KLHDC2,ENSG00000165516,gencode
EML5,ENSG00000165521,gencode
NEMF,ENSG00000165525,gencode
RPUSD4,ENSG00000165526,gencode
ARF6,ENSG00000165527,gencode
TTC8,ENSG00000165533,gencode
TMEM63C,ENSG00000165548,gencode
NGB,ENSG00000165553,gencode
NOXRED1,ENSG00000165555,gencode
CDX2,ENSG00000165556,gencode
AMER2,ENSG00000165566,gencode
AKR1E2,ENSG00000165568,gencode
KBTBD6,ENSG00000165572,gencode
SSX5,ENSG00000165583,gencode
SSX3,ENSG00000165584,gencode
OTX2,ENSG00000165588,gencode
FAAH2,ENSG00000165591,gencode
DRGX,ENSG00000165606,gencode
NUDT5,ENSG00000165609,gencode
DACT1,ENSG00000165617,gencode
OXGR1,ENSG00000165621,gencode
UCMA,ENSG00000165623,gencode
BEND7,ENSG00000165626,gencode
ATP5F1C,ENSG00000165629,gencode
PRPF18,ENSG00000165630,gencode
TAF3,ENSG00000165632,gencode
VSTM4,ENSG00000165633,gencode
VDAC2,ENSG00000165637,gencode
SOHLH1,ENSG00000165643,gencode
COMTD1,ENSG00000165644,gencode
SLC18A2,ENSG00000165646,gencode
PDZD8,ENSG00000165650,gencode
ZNF503,ENSG00000165655,gencode
ABRAXAS2,ENSG00000165660,gencode
QSOX2,ENSG00000165661,gencode
FAM204A,ENSG00000165669,gencode
NSD1,ENSG00000165671,gencode
PRDX3,ENSG00000165672,gencode
ENOX2,ENSG00000165675,gencode
GHITM,ENSG00000165678,gencode
CLEC1B,ENSG00000165682,gencode
SNAPC4,ENSG00000165684,gencode
TMEM52B,ENSG00000165685,gencode
PMPCA,ENSG00000165688,gencode
ENTR1,ENSG00000165689,gencode
FRMD7,ENSG00000165694,gencode
AK8,ENSG00000165695,gencode
SPACA9,ENSG00000165698,gencode
TSC1,ENSG00000165699,gencode
GFI1B,ENSG00000165702,gencode
HPRT1,ENSG00000165704,gencode
BORCS5,ENSG00000165714,gencode
DIPK1B,ENSG00000165716,gencode
ZMYND19,ENSG00000165724,gencode
STOX1,ENSG00000165730,gencode
RET,ENSG00000165731,gencode
DDX21,ENSG00000165732,gencode
BMS1,ENSG00000165733,gencode
STK32C,ENSG00000165752,gencode
JCAD,ENSG00000165757,gencode
OR4K2,ENSG00000165762,gencode
FUNDC2,ENSG00000165775,gencode
PIP4P1,ENSG00000165782,gencode
METTL17,ENSG00000165792,gencode
SLC39A2,ENSG00000165794,gencode
NDRG2,ENSG00000165795,gencode
RNASE7,ENSG00000165799,gencode
ARHGEF40,ENSG00000165801,gencode
NSMF,ENSG00000165802,gencode
ZNF219,ENSG00000165804,gencode
C12orf50,ENSG00000165805,gencode
CASP7,ENSG00000165806,gencode
PPP1R36,ENSG00000165807,gencode
CCDC186,ENSG00000165813,gencode
VWA2,ENSG00000165816,gencode
METTL3,ENSG00000165819,gencode
SALL2,ENSG00000165821,gencode
PRAP1,ENSG00000165828,gencode
TRUB1,ENSG00000165832,gencode
ERICH6B,ENSG00000165837,gencode
CYP2C19,ENSG00000165841,gencode
ZFYVE1,ENSG00000165861,gencode
C10orf82,ENSG00000165863,gencode
HSPA12A,ENSG00000165868,gencode
FRAT1,ENSG00000165879,gencode
UBTD1,ENSG00000165886,gencode
ANKRD2,ENSG00000165887,gencode
E2F7,ENSG00000165891,gencode
ARHGAP42,ENSG00000165895,gencode
ISCA2,ENSG00000165898,gencode
OTOGL,ENSG00000165899,gencode
LARGE2,ENSG00000165905,gencode
PACSIN3,ENSG00000165912,gencode
TTC7B,ENSG00000165914,gencode
SLC39A13,ENSG00000165915,gencode
PSMC3,ENSG00000165916,gencode
RAPSN,ENSG00000165917,gencode
AGBL2,ENSG00000165923,gencode
TC2N,ENSG00000165929,gencode
CPSF2,ENSG00000165934,gencode
SMCO2,ENSG00000165935,gencode
MOAP1,ENSG00000165943,gencode
IFI27L1,ENSG00000165948,gencode
IFI27,ENSG00000165949,gencode
SERPINA12,ENSG00000165953,gencode
CLMN,ENSG00000165959,gencode
PDZRN4,ENSG00000165966,gencode
SLC6A5,ENSG00000165970,gencode
CCDC38,ENSG00000165972,gencode
NELL1,ENSG00000165973,gencode
PTER,ENSG00000165983,gencode
C1QL3,ENSG00000165985,gencode
CACNB2,ENSG00000165995,gencode
HACD1,ENSG00000165996,gencode
ARL5B,ENSG00000165997,gencode
SMCO4,ENSG00000166002,gencode
CEP295,ENSG00000166004,gencode
KCNC2,ENSG00000166006,gencode
TAF1D,ENSG00000166012,gencode
ABTB2,ENSG00000166016,gencode
R3HCC1L,ENSG00000166024,gencode
AMOTL1,ENSG00000166025,gencode
HTRA1,ENSG00000166033,gencode
LIPC,ENSG00000166035,gencode
CEP57,ENSG00000166037,gencode
TCP11L2,ENSG00000166046,gencode
PASD1,ENSG00000166049,gencode
SPRED1,ENSG00000166068,gencode
TMCO5A,ENSG00000166069,gencode
GPR176,ENSG00000166073,gencode
JAM3,ENSG00000166086,gencode
IL25,ENSG00000166090,gencode
CMTM5,ENSG00000166091,gencode
GLB1L3,ENSG00000166105,gencode
ADAMTS15,ENSG00000166106,gencode
SVOP,ENSG00000166111,gencode
SPATA19,ENSG00000166118,gencode
GPT2,ENSG00000166123,gencode
AMN,ENSG00000166126,gencode
RAB8B,ENSG00000166128,gencode
IKBIP,ENSG00000166130,gencode
RPUSD2,ENSG00000166133,gencode
HIF1AN,ENSG00000166135,gencode
NDUFB8,ENSG00000166136,gencode
ZFYVE19,ENSG00000166140,gencode
PPP1R14D,ENSG00000166143,gencode
SPINT1,ENSG00000166145,gencode
FBN1,ENSG00000166147,gencode
AVPR1A,ENSG00000166148,gencode
C16orf78,ENSG00000166152,gencode
DEPDC4,ENSG00000166153,gencode
LRTM2,ENSG00000166159,gencode
BRD7,ENSG00000166164,gencode
CKB,ENSG00000166165,gencode
TRMT61A,ENSG00000166166,gencode
BTRC,ENSG00000166167,gencode
POLL,ENSG00000166169,gencode
BAG5,ENSG00000166170,gencode
DPCD,ENSG00000166171,gencode
LARP6,ENSG00000166173,gencode
API5,ENSG00000166181,gencode
ASPG,ENSG00000166183,gencode
ZNF319,ENSG00000166188,gencode
HPS6,ENSG00000166189,gencode
SENP8,ENSG00000166192,gencode
NOLC1,ENSG00000166197,gencode
ALKBH3,ENSG00000166199,gencode
COPS2,ENSG00000166200,gencode
GABRB3,ENSG00000166206,gencode
SPIC,ENSG00000166211,gencode
TBATA,ENSG00000166220,gencode
SGPL1,ENSG00000166224,gencode
FRS2,ENSG00000166225,gencode
CCT2,ENSG00000166226,gencode
PCBD1,ENSG00000166228,gencode
ARIH1,ENSG00000166233,gencode
C16orf71,ENSG00000166246,gencode
CLMP,ENSG00000166250,gencode
SCN3B,ENSG00000166257,gencode
COX11,ENSG00000166260,gencode
ZNF202,ENSG00000166261,gencode
FAM227B,ENSG00000166262,gencode
STXBP4,ENSG00000166263,gencode
CYYR1,ENSG00000166265,gencode
CUL5,ENSG00000166266,gencode
MYRFL,ENSG00000166268,gencode
WBP1L,ENSG00000166272,gencode
BORCS7,ENSG00000166275,gencode
C2,ENSG00000166278,gencode
PLEKHF1,ENSG00000166289,gencode
TMEM100,ENSG00000166292,gencode
ANAPC16,ENSG00000166295,gencode
SMPD1,ENSG00000166311,gencode
APBB1,ENSG00000166313,gencode
SYNPO2L,ENSG00000166317,gencode
NUDT13,ENSG00000166321,gencode
C11orf65,ENSG00000166323,gencode
TRIM44,ENSG00000166326,gencode
CCDC182,ENSG00000166329,gencode
ILK,ENSG00000166333,gencode
TAF10,ENSG00000166337,gencode
TPP1,ENSG00000166340,gencode
DCHS1,ENSG00000166341,gencode
NETO1,ENSG00000166342,gencode
MSS51,ENSG00000166343,gencode
CYB5A,ENSG00000166347,gencode
USP54,ENSG00000166348,gencode
RAG1,ENSG00000166349,gencode
POTED,ENSG00000166351,gencode
C11orf74,ENSG00000166352,gencode
WDR88,ENSG00000166359,gencode
OR10A5,ENSG00000166363,gencode
ATP9B,ENSG00000166377,gencode
PPFIBP2,ENSG00000166387,gencode
MOGAT2,ENSG00000166391,gencode
CYB5R2,ENSG00000166394,gencode
SERPINB7,ENSG00000166396,gencode
KIAA0355,ENSG00000166398,gencode
SERPINB8,ENSG00000166401,gencode
TUB,ENSG00000166402,gencode
RIC3,ENSG00000166405,gencode
LMO1,ENSG00000166407,gencode
IDH3A,ENSG00000166411,gencode
WDR72,ENSG00000166415,gencode
CRABP1,ENSG00000166426,gencode
PLD4,ENSG00000166428,gencode
ZMAT1,ENSG00000166432,gencode
XRRA1,ENSG00000166435,gencode
TRIM66,ENSG00000166436,gencode
RNF169,ENSG00000166439,gencode
ST5,ENSG00000166444,gencode
CDYL2,ENSG00000166446,gencode
TMEM130,ENSG00000166448,gencode
PRTG,ENSG00000166450,gencode
CENPN,ENSG00000166451,gencode
AKIP1,ENSG00000166452,gencode
ATMIN,ENSG00000166454,gencode
C16orf46,ENSG00000166455,gencode
TMEM41B,ENSG00000166471,gencode
LEO1,ENSG00000166477,gencode
ZNF143,ENSG00000166478,gencode
TMX3,ENSG00000166479,gencode
MFAP4,ENSG00000166482,gencode
WEE1,ENSG00000166483,gencode
MAPK7,ENSG00000166484,gencode
PRKCB,ENSG00000166501,gencode
HDGFL3,ENSG00000166503,gencode
NDST2,ENSG00000166507,gencode
MCM7,ENSG00000166508,gencode
CLEC3A,ENSG00000166509,gencode
CCDC68,ENSG00000166510,gencode
CLEC4E,ENSG00000166523,gencode
ZNF3,ENSG00000166526,gencode
CLEC4D,ENSG00000166527,gencode
ZSCAN21,ENSG00000166529,gencode
RIMKLB,ENSG00000166532,gencode
A2ML1,ENSG00000166535,gencode
BEAN1,ENSG00000166546,gencode
TK2,ENSG00000166548,gencode
TMED3,ENSG00000166557,gencode
SLC38A8,ENSG00000166558,gencode
SEC11C,ENSG00000166562,gencode
CPLX4,ENSG00000166569,gencode
GALR1,ENSG00000166573,gencode
TMEM135,ENSG00000166575,gencode
IQCD,ENSG00000166578,gencode
NDEL1,ENSG00000166579,gencode
CENPV,ENSG00000166582,gencode
CDH16,ENSG00000166589,gencode
RRAD,ENSG00000166592,gencode
CIAO2B,ENSG00000166595,gencode
CFAP52,ENSG00000166596,gencode
HSP90B1,ENSG00000166598,gencode
MC4R,ENSG00000166603,gencode
BLCAP,ENSG00000166619,gencode
SERPINB12,ENSG00000166634,gencode
CHRFAM7A,ENSG00000166664,gencode
ATF7IP2,ENSG00000166669,gencode
MMP10,ENSG00000166670,gencode
TVP23A,ENSG00000166676,gencode
BEX3,ENSG00000166681,gencode
TMPRSS5,ENSG00000166682,gencode
COG1,ENSG00000166685,gencode
PLEKHA7,ENSG00000166689,gencode
ZNF606,ENSG00000166704,gencode
ZCCHC18,ENSG00000166707,gencode
B2M,ENSG00000166710,gencode
ZNF592,ENSG00000166716,gencode
CASC4,ENSG00000166734,gencode
HTR3A,ENSG00000166736,gencode
NNMT,ENSG00000166741,gencode
ACSM1,ENSG00000166743,gencode
AP1G1,ENSG00000166747,gencode
SLFN5,ENSG00000166750,gencode
CATSPER2,ENSG00000166762,gencode
BMERB1,ENSG00000166780,gencode
MARF1,ENSG00000166783,gencode
SAAL1,ENSG00000166788,gencode
YPEL4,ENSG00000166793,gencode
PPIB,ENSG00000166794,gencode
LDHC,ENSG00000166796,gencode
CIAO2A,ENSG00000166797,gencode
LDHAL6A,ENSG00000166800,gencode
FAM111A,ENSG00000166801,gencode
PCLAF,ENSG00000166803,gencode
KIF7,ENSG00000166813,gencode
LDHD,ENSG00000166816,gencode
PLIN1,ENSG00000166819,gencode
PEX11A,ENSG00000166821,gencode
TMEM170A,ENSG00000166822,gencode
MESP1,ENSG00000166823,gencode
ANPEP,ENSG00000166825,gencode
SCNN1G,ENSG00000166828,gencode
RBPMS2,ENSG00000166831,gencode
NAV2,ENSG00000166833,gencode
ANKDD1A,ENSG00000166839,gencode
GLYATL1,ENSG00000166840,gencode
C18orf54,ENSG00000166845,gencode
DCTN5,ENSG00000166847,gencode
TERF2IP,ENSG00000166848,gencode
PLK1,ENSG00000166851,gencode
CLPX,ENSG00000166855,gencode
GPR182,ENSG00000166856,gencode
ZBTB39,ENSG00000166860,gencode
CACNG2,ENSG00000166862,gencode
TAC3,ENSG00000166863,gencode
MYO1A,ENSG00000166866,gencode
CHP2,ENSG00000166869,gencode
NEMP1,ENSG00000166881,gencode
OR4D6,ENSG00000166884,gencode
NAB2,ENSG00000166886,gencode
VPS39,ENSG00000166887,gencode
STAT6,ENSG00000166888,gencode
PATL1,ENSG00000166889,gencode
ATP23,ENSG00000166896,gencode
ELFN2,ENSG00000166897,gencode
STX3,ENSG00000166900,gencode
PIP4K2C,ENSG00000166908,gencode
MTMR10,ENSG00000166912,gencode
YWHAB,ENSG00000166913,gencode
C15orf48,ENSG00000166920,gencode
SCG5,ENSG00000166922,gencode
GREM1,ENSG00000166923,gencode
NYAP1,ENSG00000166924,gencode
TSC22D4,ENSG00000166925,gencode
MS4A6E,ENSG00000166926,gencode
MS4A7,ENSG00000166927,gencode
MS4A14,ENSG00000166928,gencode
MS4A5,ENSG00000166930,gencode
DIS3L,ENSG00000166938,gencode
CCNDBP1,ENSG00000166946,gencode
EPB42,ENSG00000166947,gencode
TGM6,ENSG00000166948,gencode
SMAD3,ENSG00000166949,gencode
MS4A8,ENSG00000166959,gencode
CCDC178,ENSG00000166960,gencode
MS4A15,ENSG00000166961,gencode
MAP1A,ENSG00000166963,gencode
RCCD1,ENSG00000166965,gencode
AKTIP,ENSG00000166971,gencode
MAPRE2,ENSG00000166974,gencode
EVA1C,ENSG00000166979,gencode
TCP10L2,ENSG00000166984,gencode
MARS,ENSG00000166986,gencode
MBD6,ENSG00000166987,gencode
CNPY4,ENSG00000166997,gencode
PDIA3,ENSG00000167004,gencode
NUDT21,ENSG00000167005,gencode
NAT16,ENSG00000167011,gencode
TERB2,ENSG00000167014,gencode
NKX3-1,ENSG00000167034,gencode
SGSM1,ENSG00000167037,gencode
DUSP18,ENSG00000167065,gencode
TEF,ENSG00000167074,gencode
MEI1,ENSG00000167077,gencode
B4GALNT2,ENSG00000167080,gencode
PBX3,ENSG00000167081,gencode
GNGT2,ENSG00000167083,gencode
PHB,ENSG00000167085,gencode
SNRPD1,ENSG00000167088,gencode
TTC16,ENSG00000167094,gencode
SUN5,ENSG00000167098,gencode
SAMD14,ENSG00000167100,gencode
PIP5KL1,ENSG00000167103,gencode
BPIFB6,ENSG00000167104,gencode
TMEM92,ENSG00000167105,gencode
FAM102A,ENSG00000167106,gencode
ACSF2,ENSG00000167107,gencode
GOLGA2,ENSG00000167110,gencode
TRUB2,ENSG00000167112,gencode
COQ4,ENSG00000167113,gencode
SLC27A4,ENSG00000167114,gencode
ANKRD40CL,ENSG00000167117,gencode
URM1,ENSG00000167118,gencode
CERCAM,ENSG00000167123,gencode
DOLPP1,ENSG00000167130,gencode
ENDOG,ENSG00000167136,gencode
TBC1D21,ENSG00000167139,gencode
PRRX2,ENSG00000167157,gencode
C15orf39,ENSG00000167173,gencode
ISLR2,ENSG00000167178,gencode
SP2,ENSG00000167182,gencode
PRR15L,ENSG00000167183,gencode
COQ7,ENSG00000167186,gencode
GPRC5B,ENSG00000167191,gencode
CRK,ENSG00000167193,gencode
C16orf92,ENSG00000167194,gencode
FBXO22,ENSG00000167196,gencode
TBC1D2B,ENSG00000167202,gencode
NOD2,ENSG00000167207,gencode
SNX20,ENSG00000167208,gencode
LOXHD1,ENSG00000167210,gencode
KATNAL2,ENSG00000167216,gencode
HDHD2,ENSG00000167220,gencode
ZNF91,ENSG00000167232,gencode
IGF2,ENSG00000167244,gencode
RNF214,ENSG00000167257,gencode
CDK12,ENSG00000167258,gencode
DPEP2,ENSG00000167261,gencode
DUS2,ENSG00000167264,gencode
POP5,ENSG00000167272,gencode
ENGASE,ENSG00000167280,gencode
RBFOX3,ENSG00000167281,gencode
ATP5MG,ENSG00000167283,gencode
CD3D,ENSG00000167286,gencode
TBC1D16,ENSG00000167291,gencode
TEPSIN,ENSG00000167302,gencode
MYO5B,ENSG00000167306,gencode
ART5,ENSG00000167311,gencode
ACAA2,ENSG00000167315,gencode
STIM1,ENSG00000167323,gencode
RRM1,ENSG00000167325,gencode
OR51E2,ENSG00000167332,gencode
TRIM68,ENSG00000167333,gencode
MMP26,ENSG00000167346,gencode
OR51B5,ENSG00000167355,gencode
OR51Q1,ENSG00000167360,gencode
FN3K,ENSG00000167363,gencode
PRRT2,ENSG00000167371,gencode
ZNF23,ENSG00000167377,gencode
IRGQ,ENSG00000167378,gencode
ZNF226,ENSG00000167380,gencode
ZNF180,ENSG00000167384,gencode
PPP2R3B,ENSG00000167393,gencode
ZNF668,ENSG00000167394,gencode
ZNF646,ENSG00000167395,gencode
VKORC1,ENSG00000167397,gencode
GNG8,ENSG00000167414,gencode
LPO,ENSG00000167419,gencode
CA4,ENSG00000167434,gencode
SMG8,ENSG00000167447,gencode
TPM4,ENSG00000167460,gencode
RAB8A,ENSG00000167461,gencode
GPX4,ENSG00000167468,gencode
MIDN,ENSG00000167470,gencode
JSRP1,ENSG00000167476,gencode
NIBAN3,ENSG00000167483,gencode
KLHL26,ENSG00000167487,gencode
GATAD2A,ENSG00000167491,gencode
MVD,ENSG00000167508,gencode
CDT1,ENSG00000167513,gencode
TRAPPC2L,ENSG00000167515,gencode
ANKRD11,ENSG00000167522,gencode
SPATA33,ENSG00000167523,gencode
PROCA1,ENSG00000167525,gencode
ZNF641,ENSG00000167528,gencode
LALBA,ENSG00000167531,gencode
CACNB3,ENSG00000167535,gencode
DHRS13,ENSG00000167536,gencode
TP53I13,ENSG00000167543,gencode
KMT2D,ENSG00000167548,gencode
CORO6,ENSG00000167549,gencode
RHEBL1,ENSG00000167550,gencode
TUBA1A,ENSG00000167552,gencode
TUBA1C,ENSG00000167553,gencode
ZNF610,ENSG00000167554,gencode
ZNF528,ENSG00000167555,gencode
ZNF701,ENSG00000167562,gencode
SERTAD3,ENSG00000167565,gencode
NCKAP5L,ENSG00000167566,gencode
RAB4B,ENSG00000167578,gencode
AQP2,ENSG00000167580,gencode
GPD1,ENSG00000167588,gencode
PROSER3,ENSG00000167595,gencode
CYP2S1,ENSG00000167600,gencode
AXL,ENSG00000167601,gencode
NFKBID,ENSG00000167604,gencode
TMC4,ENSG00000167608,gencode
ANKRD33,ENSG00000167612,gencode
LAIR1,ENSG00000167613,gencode
TTYH1,ENSG00000167614,gencode
LENG8,ENSG00000167615,gencode
CDC42EP5,ENSG00000167617,gencode
LAIR2,ENSG00000167618,gencode
TMEM145,ENSG00000167619,gencode
ZNF526,ENSG00000167625,gencode
TRAPPC9,ENSG00000167632,gencode
KIR3DL1,ENSG00000167633,gencode
NLRP7,ENSG00000167634,gencode
ZNF146,ENSG00000167635,gencode
ZNF283,ENSG00000167637,gencode
PPP1R14A,ENSG00000167641,gencode
SPINT2,ENSG00000167642,gencode
C19orf33,ENSG00000167644,gencode
YIF1B,ENSG00000167645,gencode
DNAAF3,ENSG00000167646,gencode
PSCA,ENSG00000167653,gencode
ATCAY,ENSG00000167654,gencode
LY6D,ENSG00000167656,gencode
DAPK3,ENSG00000167657,gencode
EEF2,ENSG00000167658,gencode
TMIGD2,ENSG00000167664,gencode
CHAF1A,ENSG00000167670,gencode
UBXN6,ENSG00000167671,gencode
HDGFL2,ENSG00000167674,gencode
PLIN4,ENSG00000167676,gencode
SEMA6B,ENSG00000167680,gencode
ZNF444,ENSG00000167685,gencode
NXN,ENSG00000167693,gencode
TLCD3A,ENSG00000167695,gencode
GLOD4,ENSG00000167699,gencode
MFSD3,ENSG00000167700,gencode
GPT,ENSG00000167701,gencode
KIFC2,ENSG00000167702,gencode
SLC43A2,ENSG00000167703,gencode
RILP,ENSG00000167705,gencode
SERPINF2,ENSG00000167711,gencode
WDR81,ENSG00000167716,gencode
SRR,ENSG00000167720,gencode
TSR1,ENSG00000167721,gencode
TRPV3,ENSG00000167723,gencode
HSD11B1L,ENSG00000167733,gencode
CYB5D2,ENSG00000167740,gencode
GGT6,ENSG00000167741,gencode
C19orf48,ENSG00000167747,gencode
KLK1,ENSG00000167748,gencode
KLK4,ENSG00000167749,gencode
KLK2,ENSG00000167751,gencode
KLK5,ENSG00000167754,gencode
KLK6,ENSG00000167755,gencode
KLK11,ENSG00000167757,gencode
KLK13,ENSG00000167759,gencode
ZNF83,ENSG00000167766,gencode
KRT80,ENSG00000167767,gencode
KRT1,ENSG00000167768,gencode
ACER1,ENSG00000167769,gencode
OTUB1,ENSG00000167770,gencode
RCOR2,ENSG00000167771,gencode
ANGPTL4,ENSG00000167772,gencode
CD320,ENSG00000167775,gencode
SPRYD3,ENSG00000167778,gencode
IGFBP6,ENSG00000167779,gencode
SOAT2,ENSG00000167780,gencode
ZNF558,ENSG00000167785,gencode
CABP2,ENSG00000167791,gencode
NDUFV1,ENSG00000167792,gencode
CDK2AP2,ENSG00000167797,gencode
NUDT8,ENSG00000167799,gencode
TBX10,ENSG00000167800,gencode
PRDX2,ENSG00000167815,gencode
OR8J3,ENSG00000167822,gencode
OR5I1,ENSG00000167825,gencode
ZNF232,ENSG00000167840,gencode
MIS12,ENSG00000167842,gencode
CD300C,ENSG00000167850,gencode
CD300A,ENSG00000167851,gencode
TEKT1,ENSG00000167858,gencode
HID1,ENSG00000167861,gencode
ATP5PD,ENSG00000167863,gencode
TMEM88,ENSG00000167874,gencode
EVPL,ENSG00000167880,gencode
SRP68,ENSG00000167881,gencode
MGAT5B,ENSG00000167889,gencode
TMC8,ENSG00000167895,gencode
TK1,ENSG00000167900,gencode
TMEM68,ENSG00000167904,gencode
CYP7A1,ENSG00000167910,gencode
GSDMA,ENSG00000167914,gencode
KRT24,ENSG00000167916,gencode
TMEM99,ENSG00000167920,gencode
GHDC,ENSG00000167925,gencode
FAM234A,ENSG00000167930,gencode
SOST,ENSG00000167941,gencode
ZNF598,ENSG00000167962,gencode
RAB26,ENSG00000167964,gencode
MLST8,ENSG00000167965,gencode
E4F1,ENSG00000167967,gencode
DNASE1L2,ENSG00000167968,gencode
ECI1,ENSG00000167969,gencode
CASKIN1,ENSG00000167971,gencode
ABCA3,ENSG00000167972,gencode
KCTD5,ENSG00000167977,gencode
SRRM2,ENSG00000167978,gencode
ZNF597,ENSG00000167981,gencode
NLRC3,ENSG00000167984,gencode
SDHAF2,ENSG00000167985,gencode
DDB1,ENSG00000167986,gencode
VPS37C,ENSG00000167987,gencode
VWCE,ENSG00000167992,gencode
RAB3IL1,ENSG00000167994,gencode
BEST1,ENSG00000167995,gencode
FTH1,ENSG00000167996,gencode
BSCL2,ENSG00000168000,gencode
POLR2G,ENSG00000168002,gencode
SLC3A2,ENSG00000168003,gencode
PLAAT5,ENSG00000168004,gencode
SPINDOC,ENSG00000168005,gencode
ATG16L2,ENSG00000168010,gencode
C2CD3,ENSG00000168014,gencode
TRANK1,ENSG00000168016,gencode
TTC21A,ENSG00000168026,gencode
ENTPD3,ENSG00000168032,gencode
CTNNB1,ENSG00000168036,gencode
ULK4,ENSG00000168038,gencode
FADD,ENSG00000168040,gencode
LTBP3,ENSG00000168056,gencode
NAALADL1,ENSG00000168060,gencode
SAC3D1,ENSG00000168061,gencode
BATF2,ENSG00000168062,gencode
SLC22A11,ENSG00000168065,gencode
SF1,ENSG00000168066,gencode
MAP4K2,ENSG00000168067,gencode
MAJIN,ENSG00000168070,gencode
CCDC88B,ENSG00000168071,gencode
SCARA3,ENSG00000168077,gencode
PBK,ENSG00000168078,gencode
SCARA5,ENSG00000168079,gencode
PNOC,ENSG00000168081,gencode
COPS6,ENSG00000168090,gencode
PAFAH1B2,ENSG00000168092,gencode
ANKS3,ENSG00000168096,gencode
NUDT16L1,ENSG00000168101,gencode
KIAA1586,ENSG00000168116,gencode
RAB4A,ENSG00000168118,gencode
OR2B2,ENSG00000168131,gencode
KCNJ4,ENSG00000168135,gencode
SETD5,ENSG00000168137,gencode
VASN,ENSG00000168140,gencode
FAM83B,ENSG00000168143,gencode
HIST3H3,ENSG00000168148,gencode
THAP9,ENSG00000168152,gencode
OR2C1,ENSG00000168158,gencode
RNF187,ENSG00000168159,gencode
HOOK3,ENSG00000168172,gencode
MAPK1IP1L,ENSG00000168175,gencode
DDIT4,ENSG00000168209,gencode
RBPJ,ENSG00000168214,gencode
LMBRD1,ENSG00000168216,gencode
ZCCHC4,ENSG00000168228,gencode
PTGDR,ENSG00000168229,gencode
TTC39C,ENSG00000168234,gencode
GLYCTK,ENSG00000168237,gencode
GNG4,ENSG00000168243,gencode
UBTD2,ENSG00000168246,gencode
NKIRAS2,ENSG00000168256,gencode
DNAJC7,ENSG00000168259,gencode
KCNV2,ENSG00000168263,gencode
IRF2BP2,ENSG00000168264,gencode
PTF1A,ENSG00000168267,gencode
NT5DC2,ENSG00000168268,gencode
FOXI1,ENSG00000168269,gencode
SMIM4,ENSG00000168273,gencode
COA6,ENSG00000168275,gencode
KIF5C,ENSG00000168280,gencode
MGAT2,ENSG00000168282,gencode
BMI1,ENSG00000168283,gencode
THAP11,ENSG00000168286,gencode
MMADHC,ENSG00000168288,gencode
PDHB,ENSG00000168291,gencode
PXK,ENSG00000168297,gencode
HIST1H1E,ENSG00000168298,gencode
PCMTD1,ENSG00000168300,gencode
KCTD6,ENSG00000168301,gencode
MPLKIP,ENSG00000168303,gencode
ACOX2,ENSG00000168306,gencode
FAM107A,ENSG00000168309,gencode
IRF2,ENSG00000168310,gencode
MOBP,ENSG00000168314,gencode
CX3CR1,ENSG00000168329,gencode
PPDPFL,ENSG00000168333,gencode
XIRP1,ENSG00000168334,gencode
INSM2,ENSG00000168348,gencode
DEGS2,ENSG00000168350,gencode
SCN11A,ENSG00000168356,gencode
ARF4,ENSG00000168374,gencode
SEPTIN2,ENSG00000168385,gencode
FILIP1L,ENSG00000168386,gencode
MFSD2A,ENSG00000168389,gencode
DTYMK,ENSG00000168393,gencode
TAP1,ENSG00000168394,gencode
ING5,ENSG00000168395,gencode
ATG4B,ENSG00000168397,gencode
BDKRB2,ENSG00000168398,gencode
MLKL,ENSG00000168404,gencode
RFWD3,ENSG00000168411,gencode
MTNR1A,ENSG00000168412,gencode
KCNG4,ENSG00000168418,gencode
RHOH,ENSG00000168421,gencode
KLHL30,ENSG00000168427,gencode
COG7,ENSG00000168434,gencode
CDC40,ENSG00000168438,gencode
STIP1,ENSG00000168439,gencode
SCNN1B,ENSG00000168447,gencode
HR,ENSG00000168453,gencode
TXNDC2,ENSG00000168454,gencode
RAB31,ENSG00000168461,gencode
REEP4,ENSG00000168476,gencode
TNXB,ENSG00000168477,gencode
LGI3,ENSG00000168481,gencode
SFTPC,ENSG00000168484,gencode
BMP1,ENSG00000168487,gencode
ATXN2L,ENSG00000168488,gencode
PHYHIP,ENSG00000168490,gencode
CCDC110,ENSG00000168491,gencode
POLR3D,ENSG00000168495,gencode
FEN1,ENSG00000168496,gencode
CAVIN2,ENSG00000168497,gencode
MTCL1,ENSG00000168502,gencode
GBX2,ENSG00000168505,gencode
HJV,ENSG00000168509,gencode
SCGB1D1,ENSG00000168515,gencode
HEXIM2,ENSG00000168517,gencode
FNTA,ENSG00000168522,gencode
SERINC2,ENSG00000168528,gencode
MYL1,ENSG00000168530,gencode
TRAPPC11,ENSG00000168538,gencode
CHRM1,ENSG00000168539,gencode
COL3A1,ENSG00000168542,gencode
GFRA2,ENSG00000168546,gencode
ING2,ENSG00000168556,gencode
CDKN2AIP,ENSG00000168564,gencode
SNRNP48,ENSG00000168566,gencode
TMEM223,ENSG00000168569,gencode
SLC20A2,ENSG00000168575,gencode
CRYGA,ENSG00000168582,gencode
DYNLRB2,ENSG00000168589,gencode
TMUB2,ENSG00000168591,gencode
ADAM29,ENSG00000168594,gencode
STAT3,ENSG00000168610,gencode
ZSWIM1,ENSG00000168612,gencode
ADAM9,ENSG00000168615,gencode
ADAM18,ENSG00000168619,gencode
GDNF,ENSG00000168621,gencode
MUCL3,ENSG00000168631,gencode
WFDC13,ENSG00000168634,gencode
AXIN2,ENSG00000168646,gencode
NDUFS5,ENSG00000168653,gencode
VWA3B,ENSG00000168658,gencode
ZNF30,ENSG00000168661,gencode
UGT3A2,ENSG00000168671,gencode
LRATD2,ENSG00000168672,gencode
LDLRAD4,ENSG00000168675,gencode
KCTD19,ENSG00000168676,gencode
SLC16A4,ENSG00000168679,gencode
IL7R,ENSG00000168685,gencode
TMEM208,ENSG00000168701,gencode
LRP1B,ENSG00000168702,gencode
WFDC12,ENSG00000168703,gencode
AHCYL1,ENSG00000168710,gencode
DNAJC21,ENSG00000168724,gencode
PKIG,ENSG00000168734,gencode
NPNT,ENSG00000168743,gencode
CA7,ENSG00000168748,gencode
FAM178B,ENSG00000168754,gencode
SEMA4C,ENSG00000168758,gencode
CNNM3,ENSG00000168763,gencode
GSTM4,ENSG00000168765,gencode
TET2,ENSG00000168769,gencode
CXXC4,ENSG00000168772,gencode
TCTN2,ENSG00000168778,gencode
SHOX2,ENSG00000168779,gencode
PPIP5K1,ENSG00000168781,gencode
TSPAN5,ENSG00000168785,gencode
ABHD15,ENSG00000168792,gencode
ZBTB5,ENSG00000168795,gencode
CHTF8,ENSG00000168802,gencode
ADAL,ENSG00000168803,gencode
LCMT2,ENSG00000168806,gencode
SNTB2,ENSG00000168807,gencode
IL12A,ENSG00000168811,gencode
ZNF507,ENSG00000168813,gencode
STX18,ENSG00000168818,gencode
NSG1,ENSG00000168824,gencode
ZBTB49,ENSG00000168826,gencode
GFM1,ENSG00000168827,gencode
OR13J1,ENSG00000168828,gencode
HTR1E,ENSG00000168830,gencode
FSTL5,ENSG00000168843,gencode
DDX19A,ENSG00000168872,gencode
ATOH8,ENSG00000168874,gencode
SOX14,ENSG00000168875,gencode
ANKRD49,ENSG00000168876,gencode
SFTPB,ENSG00000168878,gencode
USP39,ENSG00000168883,gencode
TNIP2,ENSG00000168884,gencode
C2orf68,ENSG00000168887,gencode
TMEM150A,ENSG00000168890,gencode
RNF181,ENSG00000168894,gencode
VAMP5,ENSG00000168899,gencode
BTNL3,ENSG00000168903,gencode
LRRC28,ENSG00000168904,gencode
MAT2A,ENSG00000168906,gencode
PLA2G4F,ENSG00000168907,gencode
ENHO,ENSG00000168913,gencode
ZNF608,ENSG00000168916,gencode
SLC35G2,ENSG00000168917,gencode
INPP5D,ENSG00000168918,gencode
LETM1,ENSG00000168924,gencode
CTRB1,ENSG00000168925,gencode
CTRB2,ENSG00000168928,gencode
TRIM49,ENSG00000168930,gencode
TMEM129,ENSG00000168936,gencode
PPIC,ENSG00000168938,gencode
SPRY3,ENSG00000168939,gencode
CEP120,ENSG00000168944,gencode
STXBP6,ENSG00000168952,gencode
TM4SF20,ENSG00000168955,gencode
MFF,ENSG00000168958,gencode
GRM5,ENSG00000168959,gencode
LGALS9,ENSG00000168961,gencode
CPLX1,ENSG00000168993,gencode
PXDC1,ENSG00000168994,gencode
SIGLEC7,ENSG00000168995,gencode
NTSR2,ENSG00000169006,gencode
E2F6,ENSG00000169016,gencode
FEM1B,ENSG00000169018,gencode
COMMD8,ENSG00000169019,gencode
ATP5ME,ENSG00000169020,gencode
UQCRFS1,ENSG00000169021,gencode
SLC49A3,ENSG00000169026,gencode
COL4A3,ENSG00000169031,gencode
MAP2K1,ENSG00000169032,gencode
KLK7,ENSG00000169035,gencode
IRS1,ENSG00000169047,gencode
MECP2,ENSG00000169057,gencode
VCX3A,ENSG00000169059,gencode
UPF3A,ENSG00000169062,gencode
ZBBX,ENSG00000169064,gencode
ACTBL2,ENSG00000169067,gencode
ROR2,ENSG00000169071,gencode
AR,ENSG00000169083,gencode
DHRSX,ENSG00000169084,gencode
VXN,ENSG00000169085,gencode
HSPBAP1,ENSG00000169087,gencode
ASMTL,ENSG00000169093,gencode
SLC25A6,ENSG00000169100,gencode
CHST14,ENSG00000169105,gencode
PARM1,ENSG00000169116,gencode
CSNK1G1,ENSG00000169118,gencode
FAM110B,ENSG00000169122,gencode
ARMC4,ENSG00000169126,gencode
AFAP1L2,ENSG00000169129,gencode
ZNF354A,ENSG00000169131,gencode
ATF5,ENSG00000169136,gencode
UBE2V2,ENSG00000169139,gencode
GOT1L1,ENSG00000169154,gencode
ZBTB43,ENSG00000169155,gencode
CPT1C,ENSG00000169169,gencode
PCSK9,ENSG00000169174,gencode
XPO6,ENSG00000169180,gencode
GSG1L,ENSG00000169181,gencode
MN1,ENSG00000169184,gencode
APEX2,ENSG00000169188,gencode
NSMCE1,ENSG00000169189,gencode
CCDC126,ENSG00000169193,gencode
IL13,ENSG00000169194,gencode
OR10G3,ENSG00000169208,gencode
RAB3B,ENSG00000169213,gencode
OR6F1,ENSG00000169214,gencode
CD2BP2,ENSG00000169217,gencode
RSPO1,ENSG00000169218,gencode
RGS14,ENSG00000169220,gencode
TBC1D10B,ENSG00000169221,gencode
LMAN2,ENSG00000169223,gencode
GCSAML,ENSG00000169224,gencode
RAB24,ENSG00000169228,gencode
PRELID1,ENSG00000169230,gencode
THBS3,ENSG00000169231,gencode
CA5B,ENSG00000169239,gencode
SLC50A1,ENSG00000169241,gencode
EFNA1,ENSG00000169242,gencode
CXCL10,ENSG00000169245,gencode
SH3TC2,ENSG00000169247,gencode
CXCL11,ENSG00000169248,gencode
ZRSR2,ENSG00000169249,gencode
NMD3,ENSG00000169251,gencode
ADRB2,ENSG00000169252,gencode
B3GALNT1,ENSG00000169255,gencode
GPRIN1,ENSG00000169258,gencode
HSPB3,ENSG00000169271,gencode
KCNAB1,ENSG00000169282,gencode
SHE,ENSG00000169291,gencode
NR0B1,ENSG00000169297,gencode
PGM2,ENSG00000169299,gencode
STK32A,ENSG00000169302,gencode
IL1RAPL1,ENSG00000169306,gencode
P2RY12,ENSG00000169313,gencode
C22orf15,ENSG00000169314,gencode
OR5AU1,ENSG00000169327,gencode
MINAR1,ENSG00000169330,gencode
PDILT,ENSG00000169340,gencode
UMOD,ENSG00000169344,gencode
GP2,ENSG00000169347,gencode
SLC33A1,ENSG00000169359,gencode
SNUPN,ENSG00000169371,gencode
CRADD,ENSG00000169372,gencode
SIN3A,ENSG00000169375,gencode
ARL13B,ENSG00000169379,gencode
RNASE2,ENSG00000169385,gencode
ELSPBP1,ENSG00000169393,gencode
RNASE3,ENSG00000169397,gencode
PTK2,ENSG00000169398,gencode
RSPH10B2,ENSG00000169402,gencode
PTAFR,ENSG00000169403,gencode
PTPN9,ENSG00000169410,gencode
RNASE6,ENSG00000169413,gencode
NPR1,ENSG00000169418,gencode
CXCL8,ENSG00000169429,gencode
SCN9A,ENSG00000169432,gencode
RASSF6,ENSG00000169435,gencode
COL22A1,ENSG00000169436,gencode
SDC2,ENSG00000169439,gencode
CD52,ENSG00000169442,gencode
MMGT1,ENSG00000169446,gencode
SPRR1B,ENSG00000169469,gencode
SPRR1A,ENSG00000169474,gencode
OR4K14,ENSG00000169484,gencode
OR4K15,ENSG00000169488,gencode
TM2D2,ENSG00000169490,gencode
HTRA4,ENSG00000169495,gencode
PLEKHA2,ENSG00000169499,gencode
CLIC4,ENSG00000169504,gencode
SLC38A11,ENSG00000169507,gencode
GPR183,ENSG00000169508,gencode
CRCT1,ENSG00000169509,gencode
CCDC8,ENSG00000169515,gencode
METTL15,ENSG00000169519,gencode
ZNF280A,ENSG00000169548,gencode
MUC15,ENSG00000169550,gencode
CT55,ENSG00000169551,gencode
ZEB2,ENSG00000169554,gencode
GJB1,ENSG00000169562,gencode
PCBP1,ENSG00000169564,gencode
HINT1,ENSG00000169567,gencode
DTWD2,ENSG00000169570,gencode
VPREB1,ENSG00000169575,gencode
CLIC3,ENSG00000169583,gencode
INO80E,ENSG00000169592,gencode
BNC1,ENSG00000169594,gencode
DFFB,ENSG00000169598,gencode
NFU1,ENSG00000169599,gencode
ANTXR1,ENSG00000169604,gencode
GKN1,ENSG00000169605,gencode
CKAP2L,ENSG00000169607,gencode
C15orf40,ENSG00000169609,gencode
RAMAC,ENSG00000169612,gencode
PROKR1,ENSG00000169618,gencode
APLF,ENSG00000169621,gencode
HIC2,ENSG00000169635,gencode
LUZP1,ENSG00000169641,gencode
HEXD,ENSG00000169660,gencode
DRD5,ENSG00000169676,gencode
BUB1,ENSG00000169679,gencode
SPNS1,ENSG00000169682,gencode
LRRC45,ENSG00000169683,gencode
CHRNA5,ENSG00000169684,gencode
MT1B,ENSG00000169688,gencode
CENPX,ENSG00000169689,gencode
AGPAT2,ENSG00000169692,gencode
ASPSCR1,ENSG00000169696,gencode
GP9,ENSG00000169704,gencode
FASN,ENSG00000169710,gencode
CNBP,ENSG00000169714,gencode
MT1E,ENSG00000169715,gencode
ACTRT2,ENSG00000169717,gencode
DUS1L,ENSG00000169718,gencode
GPS1,ENSG00000169727,gencode
RFNG,ENSG00000169733,gencode
DCXR,ENSG00000169738,gencode
ZNF32,ENSG00000169740,gencode
LDB2,ENSG00000169744,gencode
RAC3,ENSG00000169750,gencode
NRG4,ENSG00000169752,gencode
LIMS1,ENSG00000169756,gencode
TMEM266,ENSG00000169758,gencode
NLGN1,ENSG00000169760,gencode
TAPT1,ENSG00000169762,gencode
UGP2,ENSG00000169764,gencode
TAS2R1,ENSG00000169777,gencode
LINGO1,ENSG00000169783,gencode
HNRNPF,ENSG00000169813,gencode
BTD,ENSG00000169814,gencode
CSGALNACT2,ENSG00000169826,gencode
TACR3,ENSG00000169836,gencode
GSX1,ENSG00000169840,gencode
PCDH7,ENSG00000169851,gencode
ROBO1,ENSG00000169855,gencode
ONECUT1,ENSG00000169856,gencode
AVEN,ENSG00000169857,gencode
P2RY1,ENSG00000169860,gencode
CTNND2,ENSG00000169862,gencode
TRIM56,ENSG00000169871,gencode
MUC17,ENSG00000169876,gencode
AHSP,ENSG00000169877,gencode
WNT10B,ENSG00000169884,gencode
CALML6,ENSG00000169885,gencode
REPS2,ENSG00000169891,gencode
MUC3A,ENSG00000169894,gencode
SYAP1,ENSG00000169895,gencode
ITGAM,ENSG00000169896,gencode
PYDC1,ENSG00000169900,gencode
TPST1,ENSG00000169902,gencode
TM4SF4,ENSG00000169903,gencode
TOR1AIP2,ENSG00000169905,gencode
S100G,ENSG00000169906,gencode
TM4SF1,ENSG00000169908,gencode
OTUD3,ENSG00000169914,gencode
OTUD7A,ENSG00000169918,gencode
GUSB,ENSG00000169919,gencode
BRD3,ENSG00000169925,gencode
KLF13,ENSG00000169926,gencode
FRMPD4,ENSG00000169933,gencode
ZFPM2,ENSG00000169946,gencode
ZNF764,ENSG00000169951,gencode
ZNF747,ENSG00000169955,gencode
ZNF768,ENSG00000169957,gencode
TAS1R3,ENSG00000169962,gencode
TMEM42,ENSG00000169964,gencode
MAP3K2,ENSG00000169967,gencode
PUSL1,ENSG00000169972,gencode
SF3B5,ENSG00000169976,gencode
ZNF35,ENSG00000169981,gencode
TIGD4,ENSG00000169989,gencode
IFFO2,ENSG00000169991,gencode
NLGN2,ENSG00000169992,gencode
MYO7B,ENSG00000169994,gencode
CHD3,ENSG00000170004,gencode
TMEM154,ENSG00000170006,gencode
MYRIP,ENSG00000170011,gencode
ALCAM,ENSG00000170017,gencode
YWHAG,ENSG00000170027,gencode
UBE2E3,ENSG00000170035,gencode
CNTROB,ENSG00000170037,gencode
TRAPPC1,ENSG00000170043,gencode
ZPLD1,ENSG00000170044,gencode
KCNAB3,ENSG00000170049,gencode
SERPINA9,ENSG00000170054,gencode
FAM153A,ENSG00000170074,gencode
GPR37L1,ENSG00000170075,gencode
SIMC1,ENSG00000170085,gencode
TMEM192,ENSG00000170088,gencode
NSG2,ENSG00000170091,gencode
SPDYE5,ENSG00000170092,gencode
SERPINA6,ENSG00000170099,gencode
ZNF778,ENSG00000170100,gencode
NIPA1,ENSG00000170113,gencode
FOXD4,ENSG00000170122,gencode
GPR25,ENSG00000170128,gencode
UBE2E1,ENSG00000170142,gencode
HNRNPA3,ENSG00000170144,gencode
SIK2,ENSG00000170145,gencode
RNF150,ENSG00000170153,gencode
CCDC144A,ENSG00000170160,gencode
VGLL2,ENSG00000170162,gencode
HOXD4,ENSG00000170166,gencode
CHRNB1,ENSG00000170175,gencode
HOXD12,ENSG00000170178,gencode
GYPA,ENSG00000170180,gencode
USP38,ENSG00000170185,gencode
SLC16A5,ENSG00000170190,gencode
NANP,ENSG00000170191,gencode
ANKK1,ENSG00000170209,gencode
ADRA1B,ENSG00000170214,gencode
ADPRM,ENSG00000170222,gencode
FABP6,ENSG00000170231,gencode
PWWP2A,ENSG00000170234,gencode
USP50,ENSG00000170236,gencode
USP47,ENSG00000170242,gencode
PDCD6IP,ENSG00000170248,gencode
MRGPRX1,ENSG00000170255,gencode
ZNF212,ENSG00000170260,gencode
MRAP,ENSG00000170262,gencode
FAM161A,ENSG00000170264,gencode
ZNF282,ENSG00000170265,gencode
GLB1,ENSG00000170266,gencode
GON7,ENSG00000170270,gencode
FAXDC2,ENSG00000170271,gencode
CRTAP,ENSG00000170275,gencode
HSPB2,ENSG00000170276,gencode
C7orf33,ENSG00000170279,gencode
CNGB3,ENSG00000170289,gencode
SLN,ENSG00000170290,gencode
ELP5,ENSG00000170291,gencode
CMTM8,ENSG00000170293,gencode
GABARAP,ENSG00000170296,gencode
LGALS9B,ENSG00000170298,gencode
STX8,ENSG00000170310,gencode
CDK1,ENSG00000170312,gencode
UBB,ENSG00000170315,gencode
NFRKB,ENSG00000170322,gencode
FABP4,ENSG00000170323,gencode
FRMPD2,ENSG00000170324,gencode
PRDM10,ENSG00000170325,gencode
B3GNT2,ENSG00000170340,gencode
FOS,ENSG00000170345,gencode
TMED10,ENSG00000170348,gencode
SETMAR,ENSG00000170364,gencode
SMAD1,ENSG00000170365,gencode
CST5,ENSG00000170367,gencode
CST2,ENSG00000170369,gencode
EMX2,ENSG00000170370,gencode
CST1,ENSG00000170373,gencode
SP7,ENSG00000170374,gencode
TCAF2,ENSG00000170379,gencode
SEMA3E,ENSG00000170381,gencode
LRRN2,ENSG00000170382,gencode
SLC30A1,ENSG00000170385,gencode
DCLK2,ENSG00000170390,gencode
ZNF804A,ENSG00000170396,gencode
GPRC5C,ENSG00000170412,gencode
TMEM182,ENSG00000170417,gencode
VSTM2A,ENSG00000170419,gencode
KRT8,ENSG00000170421,gencode
KRT78,ENSG00000170423,gencode
ADORA2B,ENSG00000170425,gencode
SDR9C7,ENSG00000170426,gencode
MGMT,ENSG00000170430,gencode
METTL7B,ENSG00000170439,gencode
KRT86,ENSG00000170442,gencode
HARS,ENSG00000170445,gencode
NFXL1,ENSG00000170448,gencode
KRT75,ENSG00000170454,gencode
DENND5B,ENSG00000170456,gencode
CD14,ENSG00000170458,gencode
DNAJC18,ENSG00000170464,gencode
KRT6C,ENSG00000170465,gencode
RIOX1,ENSG00000170468,gencode
SPATA24,ENSG00000170469,gencode
RALGAPB,ENSG00000170471,gencode
PYM1,ENSG00000170473,gencode
MZB1,ENSG00000170476,gencode
KRT4,ENSG00000170477,gencode
SLC23A1,ENSG00000170482,gencode
KRT74,ENSG00000170484,gencode
NPAS2,ENSG00000170485,gencode
KRT72,ENSG00000170486,gencode
KISS1,ENSG00000170498,gencode
LONRF2,ENSG00000170500,gencode
NUDT9,ENSG00000170502,gencode
HSD17B13,ENSG00000170509,gencode
PA2G4,ENSG00000170515,gencode
COX7B2,ENSG00000170516,gencode
ELOVL6,ENSG00000170522,gencode
KRT83,ENSG00000170523,gencode
PFKFB3,ENSG00000170525,gencode
TMC7,ENSG00000170537,gencode
ARL6IP1,ENSG00000170540,gencode
SERPINB9,ENSG00000170542,gencode
SMAGP,ENSG00000170545,gencode
IRX1,ENSG00000170549,gencode
CDH2,ENSG00000170558,gencode
IRX2,ENSG00000170561,gencode
EMB,ENSG00000170571,gencode
SIX2,ENSG00000170577,gencode
DLGAP1,ENSG00000170579,gencode
STAT2,ENSG00000170581,gencode
NUDCD2,ENSG00000170584,gencode
IRF2BP1,ENSG00000170604,gencode
OR9K2,ENSG00000170605,gencode
HSPA4,ENSG00000170606,gencode
FOXA3,ENSG00000170608,gencode
FAM71B,ENSG00000170613,gencode
SLC26A5,ENSG00000170615,gencode
COMMD5,ENSG00000170619,gencode
SGCD,ENSG00000170624,gencode
GTSF1,ENSG00000170627,gencode
ZNF16,ENSG00000170631,gencode
ARMC10,ENSG00000170632,gencode
RNF34,ENSG00000170633,gencode
ACYP2,ENSG00000170634,gencode
TRABD,ENSG00000170638,gencode
ATF7,ENSG00000170653,gencode
RASA4B,ENSG00000170667,gencode
SOCS6,ENSG00000170677,gencode
CAVIN4,ENSG00000170681,gencode
OR10A3,ENSG00000170683,gencode
ZNF296,ENSG00000170684,gencode
HOXB9,ENSG00000170689,gencode
TTLL6,ENSG00000170703,gencode
POLH,ENSG00000170734,gencode
SYT9,ENSG00000170743,gencode
KCNS3,ENSG00000170745,gencode
RBMXL2,ENSG00000170748,gencode
KIF5B,ENSG00000170759,gencode
GPR37,ENSG00000170775,gencode
AKAP13,ENSG00000170776,gencode
TPD52L3,ENSG00000170777,gencode
CDCA4,ENSG00000170779,gencode
OR10A4,ENSG00000170782,gencode
SDR16C5,ENSG00000170786,gencode
DYDC1,ENSG00000170788,gencode
OR10A2,ENSG00000170790,gencode
CHCHD7,ENSG00000170791,gencode
HTRA3,ENSG00000170801,gencode
FOXN2,ENSG00000170802,gencode
LMOD2,ENSG00000170807,gencode
BFSP2,ENSG00000170819,gencode
FSHR,ENSG00000170820,gencode
USP32,ENSG00000170832,gencode
CEL,ENSG00000170835,gencode
PPM1D,ENSG00000170836,gencode
GPR27,ENSG00000170837,gencode
AC093323.1,ENSG00000170846,gencode
PSG6,ENSG00000170848,gencode
KBTBD2,ENSG00000170852,gencode
RIOX2,ENSG00000170854,gencode
TRIAP1,ENSG00000170855,gencode
LSM3,ENSG00000170860,gencode
KIAA0232,ENSG00000170871,gencode
MTSS1,ENSG00000170873,gencode
TMEM43,ENSG00000170876,gencode
RNF139,ENSG00000170881,gencode
PLA2G1B,ENSG00000170890,gencode
CYTL1,ENSG00000170891,gencode
TSEN34,ENSG00000170892,gencode
TRH,ENSG00000170893,gencode
GSTA4,ENSG00000170899,gencode
MSANTD4,ENSG00000170903,gencode
NDUFA3,ENSG00000170906,gencode
OSCAR,ENSG00000170909,gencode
PAQR8,ENSG00000170915,gencode
OR7G3,ENSG00000170920,gencode
TANC2,ENSG00000170921,gencode
OR7G2,ENSG00000170923,gencode
TEX13B,ENSG00000170925,gencode
PKHD1,ENSG00000170927,gencode
OR1M1,ENSG00000170929,gencode
NCBP2L,ENSG00000170935,gencode
DNAJC24,ENSG00000170946,gencode
MBD3L1,ENSG00000170948,gencode
ZNF160,ENSG00000170949,gencode
PGK2,ENSG00000170950,gencode
OR8B12,ENSG00000170953,gencode
ZNF415,ENSG00000170954,gencode
CAVIN3,ENSG00000170955,gencode
CEACAM3,ENSG00000170956,gencode
DCDC1,ENSG00000170959,gencode
HAS2,ENSG00000170961,gencode
PDGFD,ENSG00000170962,gencode
PLAC1,ENSG00000170965,gencode
DDI1,ENSG00000170967,gencode
S1PR1,ENSG00000170989,gencode
HS6ST2,ENSG00000171004,gencode
OR4D5,ENSG00000171014,gencode
PYGO1,ENSG00000171016,gencode
LRRC8E,ENSG00000171017,gencode
PKIA,ENSG00000171033,gencode
XKR6,ENSG00000171044,gencode
TSNARE1,ENSG00000171045,gencode
FPR2,ENSG00000171049,gencode
FPR1,ENSG00000171051,gencode
PATE1,ENSG00000171053,gencode
OR13H1,ENSG00000171054,gencode
FEZ2,ENSG00000171055,gencode
SOX7,ENSG00000171056,gencode
C8orf74,ENSG00000171060,gencode
C11orf24,ENSG00000171067,gencode
ALK,ENSG00000171094,gencode
KYAT1,ENSG00000171097,gencode
MTM1,ENSG00000171100,gencode
OBP2B,ENSG00000171102,gencode
TRMT61B,ENSG00000171103,gencode
INSR,ENSG00000171105,gencode
MFN1,ENSG00000171109,gencode
GIMAP8,ENSG00000171115,gencode
NRTN,ENSG00000171119,gencode
KCNMB3,ENSG00000171121,gencode
FUT3,ENSG00000171124,gencode
KCNG3,ENSG00000171126,gencode
ATP6V0E2,ENSG00000171130,gencode
PRKCE,ENSG00000171132,gencode
OR2K2,ENSG00000171133,gencode
JAGN1,ENSG00000171135,gencode
RLN3,ENSG00000171136,gencode
TADA3,ENSG00000171148,gencode
SOCS5,ENSG00000171150,gencode
C1GALT1C1,ENSG00000171155,gencode
C9orf16,ENSG00000171159,gencode
MORN4,ENSG00000171160,gencode
ZNF672,ENSG00000171161,gencode
ZNF692,ENSG00000171163,gencode
NAIF1,ENSG00000171169,gencode
RBKS,ENSG00000171174,gencode
OR2M4,ENSG00000171180,gencode
GRIK1,ENSG00000171189,gencode
MUC7,ENSG00000171195,gencode
OPRPN,ENSG00000171199,gencode
SMR3B,ENSG00000171201,gencode
TMEM126A,ENSG00000171202,gencode
TMEM126B,ENSG00000171204,gencode
TRIM8,ENSG00000171206,gencode
NETO2,ENSG00000171208,gencode
CSN3,ENSG00000171209,gencode
CLDN20,ENSG00000171217,gencode
CDC42BPG,ENSG00000171219,gencode
SCAND1,ENSG00000171222,gencode
JUNB,ENSG00000171223,gencode
FAM241B,ENSG00000171224,gencode
TMEM37,ENSG00000171227,gencode
UGT2B7,ENSG00000171234,gencode
LRG1,ENSG00000171236,gencode
SHCBP1,ENSG00000171241,gencode
SOSTDC1,ENSG00000171243,gencode
NPTX1,ENSG00000171246,gencode
FAM98B,ENSG00000171262,gencode
ZNF439,ENSG00000171291,gencode
ZNF440,ENSG00000171295,gencode
GAA,ENSG00000171298,gencode
CANT1,ENSG00000171302,gencode
KCNK3,ENSG00000171303,gencode
ZDHHC16,ENSG00000171307,gencode
CHST11,ENSG00000171310,gencode
EXOSC1,ENSG00000171311,gencode
PGAM1,ENSG00000171314,gencode
CHD7,ENSG00000171316,gencode
ESCO2,ENSG00000171320,gencode
KRT19,ENSG00000171345,gencode
KRT15,ENSG00000171346,gencode
LURAP1,ENSG00000171357,gencode
KRT38,ENSG00000171360,gencode
CLCN5,ENSG00000171365,gencode
TPPP,ENSG00000171368,gencode
KCND3,ENSG00000171385,gencode
APLN,ENSG00000171388,gencode
KRTAP4-4,ENSG00000171396,gencode
KRT13,ENSG00000171401,gencode
XAGE3,ENSG00000171402,gencode
KRT9,ENSG00000171403,gencode
XAGE5,ENSG00000171405,gencode
PDE7B,ENSG00000171408,gencode
ZNF581,ENSG00000171425,gencode
NAT1,ENSG00000171428,gencode
KRT20,ENSG00000171431,gencode
GLOD5,ENSG00000171433,gencode
KSR2,ENSG00000171435,gencode
ZNF524,ENSG00000171443,gencode
MCC,ENSG00000171444,gencode
KRT27,ENSG00000171446,gencode
ZBTB26,ENSG00000171448,gencode
CDK5R2,ENSG00000171450,gencode
DSEL,ENSG00000171451,gencode
POLR1C,ENSG00000171453,gencode
ASXL1,ENSG00000171456,gencode
OR1L6,ENSG00000171459,gencode
DLK2,ENSG00000171462,gencode
ZNF562,ENSG00000171466,gencode
ZNF318,ENSG00000171467,gencode
ZNF561,ENSG00000171469,gencode
WIPF2,ENSG00000171475,gencode
HOPX,ENSG00000171476,gencode
OR1L3,ENSG00000171481,gencode
NLRP5,ENSG00000171487,gencode
LRRC8C,ENSG00000171488,gencode
SPACA5,ENSG00000171489,gencode
RSL1D1,ENSG00000171490,gencode
LRRC8D,ENSG00000171492,gencode
MROH2B,ENSG00000171495,gencode
OR1L8,ENSG00000171496,gencode
PPID,ENSG00000171497,gencode
OR1N2,ENSG00000171501,gencode
COL24A1,ENSG00000171502,gencode
ETFDH,ENSG00000171503,gencode
OR1N1,ENSG00000171505,gencode
RXFP1,ENSG00000171509,gencode
LPAR3,ENSG00000171517,gencode
PTGER4,ENSG00000171522,gencode
NEUROD2,ENSG00000171532,gencode
MAP6,ENSG00000171533,gencode
OTP,ENSG00000171540,gencode
ECEL1,ENSG00000171551,gencode
BCL2L1,ENSG00000171552,gencode
FGG,ENSG00000171557,gencode
FGA,ENSG00000171560,gencode
OR2AT4,ENSG00000171561,gencode
FGB,ENSG00000171564,gencode
PLRG1,ENSG00000171566,gencode
ZNF584,ENSG00000171574,gencode
DSCAM,ENSG00000171587,gencode
DNAI2,ENSG00000171595,gencode
NMUR1,ENSG00000171596,gencode
CLSTN1,ENSG00000171603,gencode
CXXC5,ENSG00000171604,gencode
ZNF274,ENSG00000171606,gencode
PIK3CD,ENSG00000171608,gencode
PTCRA,ENSG00000171611,gencode
SLC25A33,ENSG00000171612,gencode
ENC1,ENSG00000171617,gencode
SPSB1,ENSG00000171621,gencode
P2RY6,ENSG00000171631,gencode
BPTF,ENSG00000171634,gencode
S100Z,ENSG00000171643,gencode
ZIK1,ENSG00000171649,gencode
GPR34,ENSG00000171659,gencode
PLEKHG5,ENSG00000171680,gencode
ATF7IP,ENSG00000171681,gencode
LKAAEAR1,ENSG00000171695,gencode
RGS19,ENSG00000171700,gencode
TCEA2,ENSG00000171703,gencode
DEFB4A,ENSG00000171711,gencode
ANO5,ENSG00000171714,gencode
HDAC3,ENSG00000171720,gencode
SPATA46,ENSG00000171722,gencode
GPHN,ENSG00000171723,gencode
VAT1L,ENSG00000171724,gencode
TMEM51,ENSG00000171729,gencode
CAMTA1,ENSG00000171735,gencode
LGALS4,ENSG00000171747,gencode
LRRC34,ENSG00000171757,gencode
PAH,ENSG00000171759,gencode
SPATA5L1,ENSG00000171763,gencode
GATM,ENSG00000171766,gencode
SYCE1,ENSG00000171772,gencode
NXNL1,ENSG00000171773,gencode
RASGRP4,ENSG00000171777,gencode
NHLH1,ENSG00000171786,gencode
SLFNL1,ENSG00000171790,gencode
BCL2,ENSG00000171791,gencode
RHNO1,ENSG00000171792,gencode
CTPS1,ENSG00000171793,gencode
UTF1,ENSG00000171794,gencode
KNDC1,ENSG00000171798,gencode
WDR87,ENSG00000171804,gencode
METTL18,ENSG00000171806,gencode
CFAP46,ENSG00000171811,gencode
COL8A2,ENSG00000171812,gencode
PWWP2B,ENSG00000171813,gencode
PCDHB1,ENSG00000171815,gencode
ZNF540,ENSG00000171817,gencode
ANGPTL7,ENSG00000171819,gencode
EXOSC10,ENSG00000171824,gencode
ZNF570,ENSG00000171827,gencode
NINJ2,ENSG00000171840,gencode
MLLT3,ENSG00000171843,gencode
FAM90A1,ENSG00000171847,gencode
RRM2,ENSG00000171848,gencode
TRAPPC12,ENSG00000171853,gencode
IFNB1,ENSG00000171855,gencode
C3AR1,ENSG00000171860,gencode
MRM3,ENSG00000171861,gencode
PTEN,ENSG00000171862,gencode
PRND,ENSG00000171864,gencode
RNASEH1,ENSG00000171865,gencode
PRNP,ENSG00000171867,gencode
KLF17,ENSG00000171872,gencode
ADRA1D,ENSG00000171873,gencode
FRMD5,ENSG00000171877,gencode
AQP4,ENSG00000171885,gencode
CYP4F11,ENSG00000171903,gencode
TLN2,ENSG00000171914,gencode
LGALS9C,ENSG00000171916,gencode
TVP23B,ENSG00000171928,gencode
FBXW10,ENSG00000171931,gencode
OR10H3,ENSG00000171936,gencode
ZNF217,ENSG00000171940,gencode
OR10H2,ENSG00000171942,gencode
SRGAP2C,ENSG00000171943,gencode
OR52A5,ENSG00000171944,gencode
SCG2,ENSG00000171951,gencode
ATPAF2,ENSG00000171953,gencode
CYP4F22,ENSG00000171954,gencode
FOXB1,ENSG00000171956,gencode
PPIH,ENSG00000171960,gencode
DRC3,ENSG00000171962,gencode
ZNF57,ENSG00000171970,gencode
SHLD1,ENSG00000171984,gencode
C11orf40,ENSG00000171987,gencode
JMJD1C,ENSG00000171988,gencode
LDHAL6B,ENSG00000171989,gencode
SYNPO,ENSG00000171992,gencode
ZNF556,ENSG00000172000,gencode
MAL,ENSG00000172005,gencode
ZNF554,ENSG00000172006,gencode
RAB33B,ENSG00000172007,gencode
THOP1,ENSG00000172009,gencode
REG3A,ENSG00000172016,gencode
GAP43,ENSG00000172020,gencode
REG1B,ENSG00000172023,gencode
EPHX4,ENSG00000172031,gencode
LAMB2,ENSG00000172037,gencode
USP19,ENSG00000172046,gencode
QARS,ENSG00000172053,gencode
ORMDL3,ENSG00000172057,gencode
KLF11,ENSG00000172059,gencode
LRRC15,ENSG00000172061,gencode
EIF2AK3,ENSG00000172071,gencode
TEX37,ENSG00000172073,gencode
MOB3A,ENSG00000172081,gencode
KRCC1,ENSG00000172086,gencode
NME6,ENSG00000172113,gencode
CYCS,ENSG00000172115,gencode
CD8B,ENSG00000172116,gencode
SLFN12,ENSG00000172123,gencode
CALB2,ENSG00000172137,gencode
SLC9C1,ENSG00000172139,gencode
OR1A1,ENSG00000172146,gencode
OR1A2,ENSG00000172150,gencode
OR8I2,ENSG00000172154,gencode
LCE1D,ENSG00000172155,gencode
CCL11,ENSG00000172156,gencode
FRMD3,ENSG00000172159,gencode
SNTB1,ENSG00000172164,gencode
MTBP,ENSG00000172167,gencode
TEFM,ENSG00000172171,gencode
MALT1,ENSG00000172175,gencode
PRL,ENSG00000172179,gencode
ISG20,ENSG00000172183,gencode
OR4C11,ENSG00000172188,gencode
MBOAT1,ENSG00000172197,gencode
OR8U1,ENSG00000172199,gencode
ID4,ENSG00000172201,gencode
OR4X2,ENSG00000172208,gencode
CXCR6,ENSG00000172215,gencode
CEBPB,ENSG00000172216,gencode
AZU1,ENSG00000172232,gencode
TPSAB1,ENSG00000172236,gencode
ATOH1,ENSG00000172238,gencode
PAIP1,ENSG00000172239,gencode
CLEC7A,ENSG00000172243,gencode
C5orf34,ENSG00000172244,gencode
C1QTNF4,ENSG00000172247,gencode
NEGR1,ENSG00000172260,gencode
ZNF131,ENSG00000172262,gencode
MACROD2,ENSG00000172264,gencode
DPAGT1,ENSG00000172269,gencode
BSG,ENSG00000172270,gencode
HINFP,ENSG00000172273,gencode
OR10V1,ENSG00000172289,gencode
CERS6,ENSG00000172292,gencode
SPTLC3,ENSG00000172296,gencode
COPRS,ENSG00000172301,gencode
TP53RK,ENSG00000172315,gencode
B3GALT1,ENSG00000172318,gencode
OR5A1,ENSG00000172320,gencode
CLEC12A,ENSG00000172322,gencode
OR5A2,ENSG00000172324,gencode
BPGM,ENSG00000172331,gencode
POP7,ENSG00000172336,gencode
ALG14,ENSG00000172339,gencode
SUCLG2,ENSG00000172340,gencode
STARD5,ENSG00000172345,gencode
CSDC2,ENSG00000172346,gencode
RCAN2,ENSG00000172348,gencode
IL16,ENSG00000172349,gencode
ABCG4,ENSG00000172350,gencode
GNB2,ENSG00000172354,gencode
CFAP53,ENSG00000172361,gencode
OR5B12,ENSG00000172362,gencode
OR5B2,ENSG00000172365,gencode
MCRIP2,ENSG00000172366,gencode
PDZD3,ENSG00000172367,gencode
C2CD2L,ENSG00000172375,gencode
OR9I1,ENSG00000172377,gencode
ARNT2,ENSG00000172379,gencode
GNG12,ENSG00000172380,gencode
PRSS27,ENSG00000172382,gencode
MYOZ2,ENSG00000172399,gencode
SYNPO2,ENSG00000172403,gencode
INSL5,ENSG00000172410,gencode
EFCAB3,ENSG00000172421,gencode
TTC36,ENSG00000172425,gencode
RSPH9,ENSG00000172426,gencode
COPS9,ENSG00000172428,gencode
GTPBP2,ENSG00000172432,gencode
FGGY,ENSG00000172456,gencode
OR9G4,ENSG00000172457,gencode
IL17D,ENSG00000172458,gencode
OR5AR1,ENSG00000172459,gencode
FUT9,ENSG00000172461,gencode
OR5AP2,ENSG00000172464,gencode
TCEAL1,ENSG00000172465,gencode
ZNF24,ENSG00000172466,gencode
MANEA,ENSG00000172469,gencode
RAB40A,ENSG00000172476,gencode
MAB21L4,ENSG00000172478,gencode
AGXT,ENSG00000172482,gencode
OR8J1,ENSG00000172487,gencode
OR5T3,ENSG00000172489,gencode
AFF1,ENSG00000172493,gencode
ACOT12,ENSG00000172497,gencode
FIBP,ENSG00000172500,gencode
CARNS1,ENSG00000172508,gencode
OR10H5,ENSG00000172519,gencode
BANP,ENSG00000172530,gencode
PPP1CA,ENSG00000172531,gencode
HCFC1,ENSG00000172534,gencode
FAM170B,ENSG00000172538,gencode
CTSW,ENSG00000172543,gencode
NIPAL4,ENSG00000172548,gencode
MUCL1,ENSG00000172551,gencode
SNTG2,ENSG00000172554,gencode
FNDC9,ENSG00000172568,gencode
PDE3A,ENSG00000172572,gencode
RASGRP1,ENSG00000172575,gencode
KLHL6,ENSG00000172578,gencode
CHCHD1,ENSG00000172586,gencode
SMPDL3A,ENSG00000172594,gencode
RND1,ENSG00000172602,gencode
RAD9A,ENSG00000172613,gencode
EFEMP2,ENSG00000172638,gencode
OR10AD1,ENSG00000172640,gencode
AGAP5,ENSG00000172650,gencode
TMEM134,ENSG00000172663,gencode
ZMAT3,ENSG00000172667,gencode
ZFAND4,ENSG00000172671,gencode
THEMIS,ENSG00000172673,gencode
MOS,ENSG00000172680,gencode
ZNF738,ENSG00000172687,gencode
MS4A10,ENSG00000172689,gencode
SLFN11,ENSG00000172716,gencode
FAM71D,ENSG00000172717,gencode
CCL19,ENSG00000172724,gencode
CORO1B,ENSG00000172725,gencode
FUT10,ENSG00000172728,gencode
LRRC20,ENSG00000172731,gencode
MUS81,ENSG00000172732,gencode
PURG,ENSG00000172733,gencode
TMEM217,ENSG00000172738,gencode
OR4D9,ENSG00000172742,gencode
ZNF596,ENSG00000172748,gencode
COL6A5,ENSG00000172752,gencode
CFL1,ENSG00000172757,gencode
TMCC1,ENSG00000172765,gencode
NAA16,ENSG00000172766,gencode
OR5B3,ENSG00000172769,gencode
EFCAB12,ENSG00000172771,gencode
OR10W1,ENSG00000172772,gencode
FAM192A,ENSG00000172775,gencode
RAB43,ENSG00000172780,gencode
FADS6,ENSG00000172782,gencode
CBWD1,ENSG00000172785,gencode
HOXC5,ENSG00000172789,gencode
RAB37,ENSG00000172794,gencode
DCP2,ENSG00000172795,gencode
SNX32,ENSG00000172803,gencode
CYP7B1,ENSG00000172817,gencode
OVOL1,ENSG00000172818,gencode
RARG,ENSG00000172819,gencode
CES4A,ENSG00000172824,gencode
CES3,ENSG00000172828,gencode
SSH3,ENSG00000172830,gencode
CES2,ENSG00000172831,gencode
PDP2,ENSG00000172840,gencode
SP3,ENSG00000172845,gencode
KRT2,ENSG00000172867,gencode
DMXL1,ENSG00000172869,gencode
METAP1D,ENSG00000172878,gencode
ZNF621,ENSG00000172888,gencode
EGFL7,ENSG00000172889,gencode
DHCR7,ENSG00000172893,gencode
LVRN,ENSG00000172901,gencode
NBEA,ENSG00000172915,gencode
RNASEH2C,ENSG00000172922,gencode
MYEOV,ENSG00000172927,gencode
ANKRD13D,ENSG00000172932,gencode
MRGPRF,ENSG00000172935,gencode
MYD88,ENSG00000172936,gencode
MRGPRD,ENSG00000172938,gencode
OXSR1,ENSG00000172939,gencode
SLC22A13,ENSG00000172940,gencode
PHF8,ENSG00000172943,gencode
LCLAT1,ENSG00000172954,gencode
ADH6,ENSG00000172955,gencode
XKR3,ENSG00000172967,gencode
FRG2C,ENSG00000172969,gencode
KAT5,ENSG00000172977,gencode
SH3RF3,ENSG00000172985,gencode
GXYLT2,ENSG00000172986,gencode
HPSE2,ENSG00000172987,gencode
DCAKD,ENSG00000172992,gencode
ARPP21,ENSG00000172995,gencode
TADA2B,ENSG00000173011,gencode
CCDC96,ENSG00000173013,gencode
GRK2,ENSG00000173020,gencode
RELA,ENSG00000173039,gencode
EVC2,ENSG00000173040,gencode
ZNF680,ENSG00000173041,gencode
HECTD4,ENSG00000173064,gencode
FAM222B,ENSG00000173065,gencode
BNC2,ENSG00000173068,gencode
DEC1,ENSG00000173077,gencode
RXFP4,ENSG00000173080,gencode
HPSE,ENSG00000173083,gencode
COQ2,ENSG00000173085,gencode
CCDC63,ENSG00000173093,gencode
HSPA6,ENSG00000173110,gencode
TRMT112,ENSG00000173113,gencode
LRRN3,ENSG00000173114,gencode
KDM2A,ENSG00000173120,gencode
ACSM6,ENSG00000173124,gencode
ADCK5,ENSG00000173137,gencode
NOC3L,ENSG00000173145,gencode
ESRRA,ENSG00000173153,gencode
RHOD,ENSG00000173156,gencode
ADAMTS20,ENSG00000173157,gencode
COMMD1,ENSG00000173163,gencode
RAPH1,ENSG00000173166,gencode
MTX1,ENSG00000173171,gencode
ADCY5,ENSG00000173175,gencode
PARP14,ENSG00000173193,gencode
CYSLTR1,ENSG00000173198,gencode
PARP15,ENSG00000173200,gencode
CKS1B,ENSG00000173207,gencode
ABCD2,ENSG00000173208,gencode
ABLIM3,ENSG00000173210,gencode
MAB21L3,ENSG00000173212,gencode
TUBB8P12,ENSG00000173213,gencode
MFSD4B,ENSG00000173214,gencode
VANGL1,ENSG00000173218,gencode
GLRX,ENSG00000173221,gencode
IQCB1,ENSG00000173226,gencode
SYT12,ENSG00000173227,gencode
GOLGB1,ENSG00000173230,gencode
C11orf86,ENSG00000173237,gencode
LIPM,ENSG00000173239,gencode
GPR151,ENSG00000173250,gencode
DMRT2,ENSG00000173253,gencode
ZNF483,ENSG00000173258,gencode
PLAC8L1,ENSG00000173261,gencode
SLC2A14,ENSG00000173262,gencode
GPR137,ENSG00000173264,gencode
SNCG,ENSG00000173267,gencode
MMRN2,ENSG00000173269,gencode
MZT2A,ENSG00000173272,gencode
TNKS,ENSG00000173273,gencode
ZNF449,ENSG00000173275,gencode
ZBTB21,ENSG00000173276,gencode
PPP1R3B,ENSG00000173281,gencode
OR10K1,ENSG00000173285,gencode
GPR148,ENSG00000173302,gencode
STOX2,ENSG00000173320,gencode
MAP3K11,ENSG00000173327,gencode
TRIB1,ENSG00000173334,gencode
CST9,ENSG00000173335,gencode
KCNK7,ENSG00000173338,gencode
SFT2D3,ENSG00000173349,gencode
C1QB,ENSG00000173369,gencode
C1QA,ENSG00000173372,gencode
NDNF,ENSG00000173376,gencode
IQCF1,ENSG00000173389,gencode
OLR1,ENSG00000173391,gencode
GLIPR1L1,ENSG00000173401,gencode
DAG1,ENSG00000173402,gencode
INSM1,ENSG00000173404,gencode
DAB1,ENSG00000173406,gencode
ARV1,ENSG00000173409,gencode
NAA20,ENSG00000173418,gencode
CCDC36,ENSG00000173421,gencode
RNASE8,ENSG00000173431,gencode
SAA1,ENSG00000173432,gencode
MICOS10,ENSG00000173436,gencode
EHBP1L1,ENSG00000173442,gencode
THAP2,ENSG00000173451,gencode
TMEM196,ENSG00000173452,gencode
RNF26,ENSG00000173456,gencode
PPP1R14B,ENSG00000173457,gencode
RNASE11,ENSG00000173464,gencode
ZNRD2,ENSG00000173465,gencode
AGR3,ENSG00000173467,gencode
SMARCC1,ENSG00000173473,gencode
ZNF417,ENSG00000173480,gencode
PTPRM,ENSG00000173482,gencode
FKBP2,ENSG00000173486,gencode
VEGFB,ENSG00000173511,gencode
PEAK1,ENSG00000173517,gencode
TNFRSF10D,ENSG00000173530,gencode
MST1,ENSG00000173531,gencode
TNFRSF10C,ENSG00000173535,gencode
GMPPB,ENSG00000173540,gencode
MOB1B,ENSG00000173542,gencode
ZNF622,ENSG00000173545,gencode
CSPG4,ENSG00000173546,gencode
SNX33,ENSG00000173548,gencode
FAM166C,ENSG00000173557,gencode
NABP1,ENSG00000173559,gencode
ADGRF3,ENSG00000173567,gencode
NLRP13,ENSG00000173572,gencode
CHD2,ENSG00000173575,gencode
XCR1,ENSG00000173578,gencode
CCDC106,ENSG00000173581,gencode
CCR9,ENSG00000173585,gencode
CEP83,ENSG00000173588,gencode
SULT1B1,ENSG00000173597,gencode
NUDT4,ENSG00000173598,gencode
PC,ENSG00000173599,gencode
UGT2A1,ENSG00000173610,gencode
SCAI,ENSG00000173611,gencode
GPRC6A,ENSG00000173612,gencode
NMNAT1,ENSG00000173614,gencode
LRFN4,ENSG00000173621,gencode
TRAPPC3L,ENSG00000173626,gencode
APOBEC4,ENSG00000173627,gencode
SLC19A1,ENSG00000173638,gencode
HSPB7,ENSG00000173641,gencode
RCE1,ENSG00000173653,gencode
UQCRH,ENSG00000173660,gencode
TAS1R1,ENSG00000173662,gencode
HES3,ENSG00000173673,gencode
EIF1AX,ENSG00000173674,gencode
OR1L1,ENSG00000173679,gencode
BCLAF3,ENSG00000173681,gencode
PSMD1,ENSG00000173692,gencode
ADGRG2,ENSG00000173698,gencode
SPATA3,ENSG00000173699,gencode
MUC13,ENSG00000173702,gencode
SUSD5,ENSG00000173705,gencode
HEG1,ENSG00000173706,gencode
WFIKKN2,ENSG00000173714,gencode
C11orf80,ENSG00000173715,gencode
TOMM20,ENSG00000173726,gencode
C1orf100,ENSG00000173728,gencode
AGFG1,ENSG00000173744,gencode
STAT5B,ENSG00000173757,gencode
CD7,ENSG00000173762,gencode
TOPAZ1,ENSG00000173769,gencode
CNP,ENSG00000173786,gencode
JUP,ENSG00000173801,gencode
HAP1,ENSG00000173805,gencode
TDRD12,ENSG00000173809,gencode
EIF1,ENSG00000173812,gencode
ENDOV,ENSG00000173818,gencode
RNF213,ENSG00000173821,gencode
TIGD3,ENSG00000173825,gencode
KCNH6,ENSG00000173826,gencode
MARCH10,ENSG00000173838,gencode
PLK3,ENSG00000173846,gencode
NET1,ENSG00000173848,gencode
DPY19L1,ENSG00000173852,gencode
PHOSPHO1,ENSG00000173868,gencode
ZNF791,ENSG00000173875,gencode
PHC3,ENSG00000173889,gencode
GPR160,ENSG00000173890,gencode
CBX2,ENSG00000173894,gencode
SPTBN2,ENSG00000173898,gencode
GOLIM4,ENSG00000173905,gencode
KRT28,ENSG00000173908,gencode
RBM4B,ENSG00000173914,gencode
ATP5MD,ENSG00000173915,gencode
HOXB2,ENSG00000173917,gencode
C1QTNF1,ENSG00000173918,gencode
MARCH3,ENSG00000173926,gencode
SWSAP1,ENSG00000173928,gencode
SLCO4C1,ENSG00000173930,gencode
RBM4,ENSG00000173933,gencode
PIFO,ENSG00000173947,gencode
XXYLT1,ENSG00000173950,gencode
UBXN2A,ENSG00000173960,gencode
RAX2,ENSG00000173976,gencode
LRRC63,ENSG00000173988,gencode
TCAP,ENSG00000173991,gencode
CCS,ENSG00000173992,gencode
NRROS,ENSG00000174004,gencode
CEP19,ENSG00000174007,gencode
KLHL15,ENSG00000174010,gencode
FBXO45,ENSG00000174013,gencode
SPERT,ENSG00000174015,gencode
TENT5D,ENSG00000174016,gencode
GNG5,ENSG00000174021,gencode
SLC25A30,ENSG00000174032,gencode
C9orf131,ENSG00000174038,gencode
CD34,ENSG00000174059,gencode
CTSF,ENSG00000174080,gencode
MSRB3,ENSG00000174099,gencode
LEMD3,ENSG00000174106,gencode
C16orf91,ENSG00000174109,gencode
TLR10,ENSG00000174123,gencode
TLR1,ENSG00000174125,gencode
TLR6,ENSG00000174130,gencode
FAM174A,ENSG00000174132,gencode
RGMB,ENSG00000174136,gencode
FAM53A,ENSG00000174137,gencode
NWD2,ENSG00000174145,gencode
CYB561D1,ENSG00000174151,gencode
GSTA3,ENSG00000174156,gencode
ZDHHC24,ENSG00000174165,gencode
TRMT10C,ENSG00000174173,gencode
SELP,ENSG00000174175,gencode
CTU2,ENSG00000174177,gencode
MGA,ENSG00000174197,gencode
C12orf66,ENSG00000174206,gencode
ARL13A,ENSG00000174225,gencode
SNX31,ENSG00000174226,gencode
PIGG,ENSG00000174227,gencode
PRPF8,ENSG00000174231,gencode
ADCY6,ENSG00000174233,gencode
REP15,ENSG00000174236,gencode
PITPNA,ENSG00000174238,gencode
DDX23,ENSG00000174243,gencode
ZNF80,ENSG00000174255,gencode
ZNHIT2,ENSG00000174276,gencode
EVX2,ENSG00000174279,gencode
ZBTB4,ENSG00000174282,gencode
TNK1,ENSG00000174292,gencode
ZHX3,ENSG00000174306,gencode
PHLDA3,ENSG00000174307,gencode
DIRC1,ENSG00000174325,gencode
SLC16A11,ENSG00000174326,gencode
SLC16A13,ENSG00000174327,gencode
GLIS1,ENSG00000174332,gencode
OR2Y1,ENSG00000174339,gencode
CHRNA9,ENSG00000174343,gencode
PODN,ENSG00000174348,gencode
SLC6A19,ENSG00000174358,gencode
C11orf45,ENSG00000174370,gencode
EXO1,ENSG00000174371,gencode
RALGAPA1,ENSG00000174373,gencode
LIG4,ENSG00000174405,gencode
TRHR,ENSG00000174417,gencode
GTF2IRD2B,ENSG00000174428,gencode
ABRA,ENSG00000174429,gencode
ATP2A2,ENSG00000174437,gencode
ZWILCH,ENSG00000174442,gencode
SNAPC5,ENSG00000174446,gencode
STARD6,ENSG00000174448,gencode
GOLGA6L2,ENSG00000174450,gencode
VWC2L,ENSG00000174453,gencode
C12orf76,ENSG00000174456,gencode
ZCCHC12,ENSG00000174460,gencode
CNTNAP2,ENSG00000174469,gencode
GALNTL6,ENSG00000174473,gencode
LINGO2,ENSG00000174482,gencode
BBS1,ENSG00000174483,gencode
DENND4A,ENSG00000174485,gencode
IGDCC3,ENSG00000174498,gencode
GCSAM,ENSG00000174500,gencode
ANKRD36C,ENSG00000174501,gencode
SLC26A9,ENSG00000174502,gencode
MFSD4A,ENSG00000174514,gencode
PELI3,ENSG00000174516,gencode
TTC9B,ENSG00000174521,gencode
MYO1H,ENSG00000174527,gencode
TMEM81,ENSG00000174529,gencode
KLK15,ENSG00000174562,gencode
IL20RB,ENSG00000174564,gencode
GOLT1A,ENSG00000174567,gencode
AKIRIN1,ENSG00000174574,gencode
NPAS4,ENSG00000174576,gencode
MSL2,ENSG00000174579,gencode
ZNF497,ENSG00000174586,gencode
TRAM1L1,ENSG00000174599,gencode
CMKLR1,ENSG00000174600,gencode
ANGEL2,ENSG00000174606,gencode
UGT8,ENSG00000174607,gencode
KY,ENSG00000174611,gencode
IQCK,ENSG00000174628,gencode
SLCO2A1,ENSG00000174640,gencode
ZNF266,ENSG00000174652,gencode
OR7D4,ENSG00000174667,gencode
SLC29A2,ENSG00000174669,gencode
BRSK2,ENSG00000174672,gencode
B4GAT1,ENSG00000174684,gencode
TMEM167A,ENSG00000174695,gencode
LEP,ENSG00000174697,gencode
SH3PXD2B,ENSG00000174705,gencode
RESF1,ENSG00000174718,gencode
LARP7,ENSG00000174720,gencode
FGFBP3,ENSG00000174721,gencode
NR1D2,ENSG00000174738,gencode
PABPC5,ENSG00000174740,gencode
BRMS1,ENSG00000174744,gencode
FAM241A,ENSG00000174749,gencode
HRAS,ENSG00000174775,gencode
WDR49,ENSG00000174776,gencode
SRP72,ENSG00000174780,gencode
PCP2,ENSG00000174788,gencode
RIN1,ENSG00000174791,gencode
ODAPH,ENSG00000174792,gencode
THAP6,ENSG00000174796,gencode
CEP135,ENSG00000174799,gencode
FZD4,ENSG00000174804,gencode
CD248,ENSG00000174807,gencode
BTC,ENSG00000174808,gencode
PDZK1,ENSG00000174827,gencode
ADGRE1,ENSG00000174837,gencode
DENND6A,ENSG00000174839,gencode
PDE12,ENSG00000174840,gencode
GLMN,ENSG00000174842,gencode
DNAH12,ENSG00000174844,gencode
YIF1A,ENSG00000174851,gencode
CNIH2,ENSG00000174871,gencode
NLRP6,ENSG00000174885,gencode
NDUFA11,ENSG00000174886,gencode
RSRC1,ENSG00000174891,gencode
CATSPERD,ENSG00000174898,gencode
SLC66A1L,ENSG00000174899,gencode
RAB1B,ENSG00000174903,gencode
OR9G1,ENSG00000174914,gencode
PTDSS2,ENSG00000174915,gencode
MICOS13,ENSG00000174917,gencode
C3orf33,ENSG00000174928,gencode
OR5M3,ENSG00000174937,gencode
SEZ6L2,ENSG00000174938,gencode
ASPHD1,ENSG00000174939,gencode
KCTD13,ENSG00000174943,gencode
P2RY14,ENSG00000174944,gencode
AMZ1,ENSG00000174945,gencode
GPR171,ENSG00000174946,gencode
GPR149,ENSG00000174948,gencode
CD164L2,ENSG00000174950,gencode
FUT1,ENSG00000174951,gencode
DHX36,ENSG00000174953,gencode
OR5J2,ENSG00000174957,gencode
ZIC4,ENSG00000174963,gencode
OR10AG1,ENSG00000174970,gencode
OR4S2,ENSG00000174982,gencode
FBXW8,ENSG00000174989,gencode
CA5A,ENSG00000174990,gencode
ZG16,ENSG00000174992,gencode
KLC2,ENSG00000174996,gencode
SLC22A1,ENSG00000175003,gencode
TEX36,ENSG00000175018,gencode
CTBP2,ENSG00000175029,gencode
CHST2,ENSG00000175040,gencode
ZDHHC14,ENSG00000175048,gencode
ATR,ENSG00000175054,gencode
UBE2C,ENSG00000175063,gencode
DSG4,ENSG00000175065,gencode
GK5,ENSG00000175066,gencode
VCPIP1,ENSG00000175073,gencode
RTP1,ENSG00000175077,gencode
DES,ENSG00000175084,gencode
PDIK1L,ENSG00000175087,gencode
SPSB4,ENSG00000175093,gencode
RAG2,ENSG00000175097,gencode
TRAF6,ENSG00000175104,gencode
ZNF654,ENSG00000175105,gencode
TVP23C,ENSG00000175106,gencode
PACS1,ENSG00000175115,gencode
WFDC5,ENSG00000175121,gencode
MARCKSL1,ENSG00000175130,gencode
SH3BP5L,ENSG00000175137,gencode
OR2T1,ENSG00000175143,gencode
YPEL2,ENSG00000175155,gencode
CADM2,ENSG00000175161,gencode
ABO,ENSG00000175164,gencode
PSMD2,ENSG00000175166,gencode
PPM1E,ENSG00000175175,gencode
FAM131A,ENSG00000175182,gencode
CSRP2,ENSG00000175183,gencode
INHBC,ENSG00000175189,gencode
PARL,ENSG00000175193,gencode
DDIT3,ENSG00000175197,gencode
PCCA,ENSG00000175198,gencode
HIGD2B,ENSG00000175202,gencode
DCTN2,ENSG00000175203,gencode
NPPA,ENSG00000175206,gencode
ZNF408,ENSG00000175213,gencode
CTDSP2,ENSG00000175215,gencode
CKAP5,ENSG00000175216,gencode
ARHGAP1,ENSG00000175220,gencode
MED16,ENSG00000175221,gencode
ATG13,ENSG00000175224,gencode
GAL3ST3,ENSG00000175229,gencode
C1orf127,ENSG00000175262,gencode
CHST1,ENSG00000175264,gencode
GOLGA8A,ENSG00000175265,gencode
VWA3A,ENSG00000175267,gencode
TP53I11,ENSG00000175274,gencode
CENPS,ENSG00000175279,gencode
DOLK,ENSG00000175283,gencode
PHYHD1,ENSG00000175287,gencode
CCNE2,ENSG00000175305,gencode
PHYKPL,ENSG00000175309,gencode
ANKS4B,ENSG00000175311,gencode
CST6,ENSG00000175315,gencode
GRAMD2A,ENSG00000175318,gencode
ZNF519,ENSG00000175322,gencode
LSM1,ENSG00000175324,gencode
PROP1,ENSG00000175325,gencode
ISX,ENSG00000175329,gencode
BANF1,ENSG00000175334,gencode
APOF,ENSG00000175336,gencode
CHRNA7,ENSG00000175344,gencode
TMEM9B,ENSG00000175348,gencode
NRIP3,ENSG00000175352,gencode
PTPN2,ENSG00000175354,gencode
SCUBE2,ENSG00000175356,gencode
EIF1AD,ENSG00000175376,gencode
SMAD2,ENSG00000175387,gencode
EIF3F,ENSG00000175390,gencode
ZNF25,ENSG00000175395,gencode
OR10P1,ENSG00000175398,gencode
ARL10,ENSG00000175414,gencode
CLTB,ENSG00000175416,gencode
PCSK1,ENSG00000175426,gencode
LPL,ENSG00000175445,gencode
RFESD,ENSG00000175449,gencode
CCDC14,ENSG00000175455,gencode
TBC1D10C,ENSG00000175463,gencode
SART1,ENSG00000175467,gencode
PPP2R2D,ENSG00000175470,gencode
MCTP1,ENSG00000175471,gencode
POLD4,ENSG00000175482,gencode
OR52W1,ENSG00000175485,gencode
LRRC25,ENSG00000175489,gencode
DPP10,ENSG00000175497,gencode
CLCF1,ENSG00000175505,gencode
TSGA10IP,ENSG00000175513,gencode
GPR152,ENSG00000175514,gencode
UBQLNL,ENSG00000175518,gencode
UBQLN3,ENSG00000175520,gencode
PNLIP,ENSG00000175535,gencode
LIPT2,ENSG00000175536,gencode
KCNE3,ENSG00000175538,gencode
CABP4,ENSG00000175544,gencode
ALG10B,ENSG00000175548,gencode
DRAP1,ENSG00000175550,gencode
LONRF3,ENSG00000175556,gencode
UCP3,ENSG00000175564,gencode
UCP2,ENSG00000175567,gencode
C11orf68,ENSG00000175573,gencode
PAAF1,ENSG00000175575,gencode
RAB6A,ENSG00000175582,gencode
P2RY2,ENSG00000175591,gencode
FOSL1,ENSG00000175592,gencode
ERCC4,ENSG00000175595,gencode
SUGCT,ENSG00000175600,gencode
CCDC85B,ENSG00000175602,gencode
TMEM70,ENSG00000175606,gencode
OR4B1,ENSG00000175619,gencode
RMI2,ENSG00000175643,gencode
PRM1,ENSG00000175646,gencode
TOM1L2,ENSG00000175662,gencode
TEX26,ENSG00000175664,gencode
ZNF77,ENSG00000175691,gencode
GPR156,ENSG00000175697,gencode
CCDC197,ENSG00000175699,gencode
MTLN,ENSG00000175701,gencode
KDF1,ENSG00000175707,gencode
B3GNTL1,ENSG00000175711,gencode
RBMXL3,ENSG00000175718,gencode
MLXIP,ENSG00000175727,gencode
NR2F1,ENSG00000175745,gencode
AURKAIP1,ENSG00000175756,gencode
TTLL11,ENSG00000175764,gencode
EIF4E1B,ENSG00000175766,gencode
TOMM5,ENSG00000175768,gencode
LINC02694,ENSG00000175779,gencode
SLC35E3,ENSG00000175782,gencode
PRIMA1,ENSG00000175785,gencode
ZNF169,ENSG00000175787,gencode
RUVBL1,ENSG00000175792,gencode
SFN,ENSG00000175793,gencode
MSRA,ENSG00000175806,gencode
CBLL2,ENSG00000175809,gencode
CCDC168,ENSG00000175820,gencode
CTDNEP1,ENSG00000175826,gencode
ETV4,ENSG00000175832,gencode
SWI5,ENSG00000175854,gencode
GAPT,ENSG00000175857,gencode
BAIAP2,ENSG00000175866,gencode
CALCB,ENSG00000175868,gencode
CREG2,ENSG00000175874,gencode
TMEM270,ENSG00000175877,gencode
HOXD8,ENSG00000175879,gencode
ZDHHC21,ENSG00000175893,gencode
TSPEAR,ENSG00000175894,gencode
PLEKHF2,ENSG00000175895,gencode
A2M,ENSG00000175899,gencode
ARL4D,ENSG00000175906,gencode
DOK7,ENSG00000175920,gencode
LRRN1,ENSG00000175928,gencode
UBE2O,ENSG00000175931,gencode
ORAI3,ENSG00000175938,gencode
KLHL38,ENSG00000175946,gencode
UNC119B,ENSG00000175970,gencode
DENND2C,ENSG00000175984,gencode
PLEKHD1,ENSG00000175985,gencode
ASCL3,ENSG00000176009,gencode
TUBB6,ENSG00000176014,gencode
LYSMD3,ENSG00000176018,gencode
B3GALT6,ENSG00000176022,gencode
ZNF613,ENSG00000176024,gencode
C11orf16,ENSG00000176029,gencode
TMPRSS7,ENSG00000176040,gencode
NUPR1,ENSG00000176046,gencode
JAKMIP2,ENSG00000176049,gencode
MBLAC2,ENSG00000176055,gencode
TPRN,ENSG00000176058,gencode
KCNE5,ENSG00000176076,gencode
ZNF683,ENSG00000176083,gencode
SLC35A4,ENSG00000176087,gencode
CRYBG2,ENSG00000176092,gencode
IP6K1,ENSG00000176095,gencode
SSNA1,ENSG00000176101,gencode
CSTF3,ENSG00000176102,gencode
YES1,ENSG00000176105,gencode
CHMP6,ENSG00000176108,gencode
UFSP1,ENSG00000176125,gencode
MC5R,ENSG00000176136,gencode
TMEM39A,ENSG00000176142,gencode
TCP11L1,ENSG00000176148,gencode
GPX2,ENSG00000176153,gencode
CCDC57,ENSG00000176155,gencode
HSF5,ENSG00000176160,gencode
FOXG1,ENSG00000176165,gencode
SPHK1,ENSG00000176170,gencode
ENTHD1,ENSG00000176177,gencode
MYPOP,ENSG00000176182,gencode
CIDEA,ENSG00000176194,gencode
OR11H4,ENSG00000176198,gencode
OR4D11,ENSG00000176200,gencode
LRRTM4,ENSG00000176204,gencode
ATAD5,ENSG00000176208,gencode
SMIM19,ENSG00000176209,gencode
OR11H6,ENSG00000176219,gencode
ZNF404,ENSG00000176222,gencode
RTTN,ENSG00000176225,gencode
OR4K17,ENSG00000176230,gencode
OR10H4,ENSG00000176231,gencode
OR51B6,ENSG00000176239,gencode
ACBD7,ENSG00000176244,gencode
OR4L1,ENSG00000176246,gencode
ANAPC2,ENSG00000176248,gencode
OR4K13,ENSG00000176253,gencode
HMGB4,ENSG00000176256,gencode
ZBTB8OS,ENSG00000176261,gencode
OR4F21,ENSG00000176269,gencode
SLC35G1,ENSG00000176273,gencode
OR4K5,ENSG00000176281,gencode
ZNF135,ENSG00000176293,gencode
OR4N2,ENSG00000176294,gencode
OR4M1,ENSG00000176299,gencode
FOXR1,ENSG00000176302,gencode
COX8A,ENSG00000176340,gencode
TAC4,ENSG00000176358,gencode
ZSCAN2,ENSG00000176371,gencode
PRR18,ENSG00000176381,gencode
B3GNT4,ENSG00000176383,gencode
CDC26,ENSG00000176386,gencode
HSD11B2,ENSG00000176387,gencode
CRLF3,ENSG00000176390,gencode
RNPEP,ENSG00000176393,gencode
EID2,ENSG00000176396,gencode
DMRTA1,ENSG00000176399,gencode
EID2B,ENSG00000176401,gencode
GJC3,ENSG00000176402,gencode
RIMS2,ENSG00000176406,gencode
KCMF1,ENSG00000176407,gencode
DNAJC30,ENSG00000176410,gencode
SPRYD4,ENSG00000176422,gencode
VPS37D,ENSG00000176428,gencode
CLEC14A,ENSG00000176435,gencode
SYNE3,ENSG00000176438,gencode
CLK2,ENSG00000176444,gencode
LPCAT4,ENSG00000176454,gencode
SLCO3A1,ENSG00000176463,gencode
ZNF575,ENSG00000176472,gencode
WDR25,ENSG00000176473,gencode
SGF29,ENSG00000176476,gencode
PLAAT3,ENSG00000176485,gencode
DIRAS1,ENSG00000176490,gencode
OR5AN1,ENSG00000176495,gencode
PHLDB3,ENSG00000176531,gencode
PRR15,ENSG00000176532,gencode
GNG7,ENSG00000176533,gencode
OR4C5,ENSG00000176540,gencode
USF3,ENSG00000176542,gencode
OR4C3,ENSG00000176547,gencode
OR4S1,ENSG00000176555,gencode
CNTD1,ENSG00000176563,gencode
DCAF4L2,ENSG00000176566,gencode
OR4X1,ENSG00000176567,gencode
CNBD1,ENSG00000176571,gencode
KBTBD11,ENSG00000176595,gencode
B3GNT5,ENSG00000176597,gencode
MAP3K19,ENSG00000176601,gencode
C14orf177,ENSG00000176605,gencode
LMNB2,ENSG00000176619,gencode
RMDN1,ENSG00000176623,gencode
MEX3C,ENSG00000176624,gencode
HORMAD2,ENSG00000176635,gencode
RNF152,ENSG00000176641,gencode
MYO1D,ENSG00000176658,gencode
FOXL1,ENSG00000176678,gencode
TGIF2LY,ENSG00000176679,gencode
FOXC2,ENSG00000176692,gencode
OR4F17,ENSG00000176695,gencode
BDNF,ENSG00000176697,gencode
CCDC121,ENSG00000176714,gencode
ACSF3,ENSG00000176715,gencode
BOK,ENSG00000176720,gencode
ZNF843,ENSG00000176723,gencode
RBIS,ENSG00000176731,gencode
PFN4,ENSG00000176732,gencode
OR51V1,ENSG00000176742,gencode
MAGEB6,ENSG00000176746,gencode
CDK5R1,ENSG00000176749,gencode
TCERG1L,ENSG00000176769,gencode
NCKAP5,ENSG00000176771,gencode
MAGEB18,ENSG00000176774,gencode
RUFY1,ENSG00000176783,gencode
OR52E2,ENSG00000176787,gencode
BASP1,ENSG00000176788,gencode
OR51L1,ENSG00000176798,gencode
LRRC37A3,ENSG00000176809,gencode
VSIG10,ENSG00000176834,gencode
IRX5,ENSG00000176842,gencode
METRNL,ENSG00000176845,gencode
FAM91A1,ENSG00000176853,gencode
WSB2,ENSG00000176871,gencode
GRIN1,ENSG00000176884,gencode
TYMS,ENSG00000176890,gencode
OR51G2,ENSG00000176893,gencode
PXMP2,ENSG00000176894,gencode
OR51A7,ENSG00000176895,gencode
TCEANC,ENSG00000176896,gencode
OR51T1,ENSG00000176900,gencode
PNMA1,ENSG00000176903,gencode
TCIM,ENSG00000176907,gencode
MAMSTR,ENSG00000176909,gencode
ANKLE2,ENSG00000176915,gencode
C8G,ENSG00000176919,gencode
OR51S1,ENSG00000176922,gencode
OR51F2,ENSG00000176925,gencode
GCNT4,ENSG00000176928,gencode
MUC20,ENSG00000176945,gencode
THAP4,ENSG00000176946,gencode
NFATC2IP,ENSG00000176953,gencode
LY6H,ENSG00000176956,gencode
FIBIN,ENSG00000176971,gencode
FAM89B,ENSG00000176973,gencode
SHMT1,ENSG00000176974,gencode
DPP7,ENSG00000176978,gencode
TRIM60,ENSG00000176979,gencode
SEC24C,ENSG00000176986,gencode
FMR1NB,ENSG00000176988,gencode
SMCR8,ENSG00000176994,gencode
MTHFR,ENSG00000177000,gencode
C19orf18,ENSG00000177025,gencode
DEAF1,ENSG00000177030,gencode
MTX3,ENSG00000177034,gencode
TMEM80,ENSG00000177042,gencode
SIX5,ENSG00000177045,gencode
IFNW1,ENSG00000177047,gencode
FBXO46,ENSG00000177051,gencode
ZDHHC13,ENSG00000177054,gencode
SLC38A9,ENSG00000177058,gencode
WDR73,ENSG00000177082,gencode
POLE,ENSG00000177084,gencode
PHETA2,ENSG00000177096,gencode
SCN4B,ENSG00000177098,gencode
DSCAML1,ENSG00000177103,gencode
RHOG,ENSG00000177105,gencode
EPS8L2,ENSG00000177106,gencode
ZDHHC22,ENSG00000177108,gencode
ANO6,ENSG00000177119,gencode
ZBTB34,ENSG00000177125,gencode
FAM9B,ENSG00000177138,gencode
CETN1,ENSG00000177143,gencode
FAM210A,ENSG00000177150,gencode
OR2T35,ENSG00000177151,gencode
TALDO1,ENSG00000177156,gencode
ULK1,ENSG00000177169,gencode
OR14C36,ENSG00000177174,gencode
RIMKLA,ENSG00000177181,gencode
CLVS1,ENSG00000177182,gencode
OR2M7,ENSG00000177186,gencode
B3GNT8,ENSG00000177191,gencode
PUS1,ENSG00000177192,gencode
CHD9,ENSG00000177200,gencode
OR2T12,ENSG00000177201,gencode
SPACA4,ENSG00000177202,gencode
OR2T33,ENSG00000177212,gencode
GATD1,ENSG00000177225,gencode
TRIM72,ENSG00000177238,gencode
MAN1B1,ENSG00000177239,gencode
DEFB4B,ENSG00000177257,gencode
KCNA3,ENSG00000177272,gencode
OR2AJ1,ENSG00000177275,gencode
FZD8,ENSG00000177283,gencode
GJD4,ENSG00000177291,gencode
FBXO39,ENSG00000177294,gencode
CLDN22,ENSG00000177300,gencode
KCNA2,ENSG00000177301,gencode
TOP3A,ENSG00000177302,gencode
CASKIN2,ENSG00000177303,gencode
ZBTB38,ENSG00000177311,gencode
BEND2,ENSG00000177324,gencode
CCDC71,ENSG00000177352,gencode
C10orf71,ENSG00000177354,gencode
LRRN4CL,ENSG00000177363,gencode
TIMM22,ENSG00000177370,gencode
HIC1,ENSG00000177374,gencode
PPFIA3,ENSG00000177380,gencode
MAGEF1,ENSG00000177383,gencode
UMODL1,ENSG00000177398,gencode
SAMD9L,ENSG00000177409,gencode
UBE2U,ENSG00000177414,gencode
PAWR,ENSG00000177425,gencode
TGIF1,ENSG00000177426,gencode
MIEF2,ENSG00000177427,gencode
NAP1L5,ENSG00000177432,gencode
NIM1K,ENSG00000177453,gencode
CD19,ENSG00000177455,gencode
ERICH5,ENSG00000177459,gencode
OR2T8,ENSG00000177462,gencode
NR2C2,ENSG00000177463,gencode
GPR4,ENSG00000177464,gencode
ACOT4,ENSG00000177465,gencode
OLIG3,ENSG00000177468,gencode
CAVIN1,ENSG00000177469,gencode
OR2G3,ENSG00000177476,gencode
ARIH2,ENSG00000177479,gencode
RBM44,ENSG00000177483,gencode
ZBTB33,ENSG00000177485,gencode
OR2G2,ENSG00000177489,gencode
ZBED2,ENSG00000177494,gencode
VCX2,ENSG00000177504,gencode
IRX3,ENSG00000177508,gencode
ST8SIA3,ENSG00000177511,gencode
RPRM,ENSG00000177519,gencode
OR2B11,ENSG00000177535,gencode
SLC25A22,ENSG00000177542,gencode
RABEP2,ENSG00000177548,gencode
NHLH2,ENSG00000177551,gencode
ATOX1,ENSG00000177556,gencode
FAM187B,ENSG00000177558,gencode
TBL1XR1,ENSG00000177565,gencode
SAMD12,ENSG00000177570,gencode
CD163,ENSG00000177575,gencode
C18orf32,ENSG00000177576,gencode
PIDD1,ENSG00000177595,gencode
ZNF491,ENSG00000177599,gencode
HASPIN,ENSG00000177602,gencode
JUN,ENSG00000177606,gencode
CSTF2T,ENSG00000177613,gencode
PGBD5,ENSG00000177614,gencode
C12orf54,ENSG00000177627,gencode
GBA,ENSG00000177628,gencode
ACAD9,ENSG00000177646,gencode
IL17RA,ENSG00000177663,gencode
PNPLA2,ENSG00000177666,gencode
MBOAT4,ENSG00000177669,gencode
TEX44,ENSG00000177673,gencode
AGTRAP,ENSG00000177674,gencode
CD163L1,ENSG00000177675,gencode
THAP5,ENSG00000177683,gencode
DEFB114,ENSG00000177684,gencode
CRACR2B,ENSG00000177685,gencode
SUMO4,ENSG00000177688,gencode
MAGEB10,ENSG00000177689,gencode
DNAJC28,ENSG00000177692,gencode
OR4F4,ENSG00000177693,gencode
NAALADL2,ENSG00000177694,gencode
CD151,ENSG00000177697,gencode
POLR2L,ENSG00000177700,gencode
FAM20C,ENSG00000177706,gencode
NECTIN3,ENSG00000177707,gencode
SLC35G5,ENSG00000177710,gencode
ANXA2R,ENSG00000177721,gencode
TMEM94,ENSG00000177728,gencode
FLII,ENSG00000177731,gencode
SOX12,ENSG00000177732,gencode
HNRNPA0,ENSG00000177733,gencode
YIPF7,ENSG00000177752,gencode
MYOZ1,ENSG00000177791,gencode
KCNJ10,ENSG00000177807,gencode
CHID1,ENSG00000177830,gencode
PCDHB9,ENSG00000177839,gencode
ZNF620,ENSG00000177842,gencode
ZNF518A,ENSG00000177853,gencode
TMEM187,ENSG00000177854,gencode
SVBP,ENSG00000177868,gencode
ZNF619,ENSG00000177873,gencode
CCDC184,ENSG00000177875,gencode
AP3S1,ENSG00000177879,gencode
GRB2,ENSG00000177885,gencode
ZBTB41,ENSG00000177888,gencode
UBE2N,ENSG00000177889,gencode
ARL6IP6,ENSG00000177917,gencode
ZNF354C,ENSG00000177932,gencode
CAPZA3,ENSG00000177938,gencode
CENPBD1,ENSG00000177946,gencode
ODF3,ENSG00000177947,gencode
BET1L,ENSG00000177951,gencode
RIC8A,ENSG00000177963,gencode
IMP3,ENSG00000177971,gencode
ASB8,ENSG00000177981,gencode
LCN15,ENSG00000177984,gencode
ODF3B,ENSG00000177989,gencode
DPY19L2,ENSG00000177990,gencode
SPATA31E1,ENSG00000177992,gencode
C2orf73,ENSG00000177994,gencode
GPR150,ENSG00000178015,gencode
TSPYL6,ENSG00000178021,gencode
LRRC75B,ENSG00000178026,gencode
DMAP1,ENSG00000178028,gencode
ADAMTSL1,ENSG00000178031,gencode
CALHM5,ENSG00000178033,gencode
IMPDH2,ENSG00000178035,gencode
ALS2CL,ENSG00000178038,gencode
MLF1,ENSG00000178053,gencode
NDUFAF3,ENSG00000178057,gencode
C2orf69,ENSG00000178074,gencode
GRAMD1C,ENSG00000178075,gencode
STAP2,ENSG00000178078,gencode
HTR3C,ENSG00000178084,gencode
TSSK6,ENSG00000178093,gencode
BOLA1,ENSG00000178096,gencode
PDE4DIP,ENSG00000178104,gencode
DDX10,ENSG00000178105,gencode
GOLGA8Q,ENSG00000178115,gencode
PPP1R42,ENSG00000178125,gencode
NDUFV2,ENSG00000178127,gencode
DALRD3,ENSG00000178149,gencode
ZNF114,ENSG00000178150,gencode
ZNF518B,ENSG00000178163,gencode
AMER3,ENSG00000178171,gencode
SPINK6,ENSG00000178172,gencode
ZNF366,ENSG00000178175,gencode
LCORL,ENSG00000178177,gencode
PARD6G,ENSG00000178184,gencode
ZNF454,ENSG00000178187,gencode
SH2B1,ENSG00000178188,gencode
ZC3H12D,ENSG00000178199,gencode
VN1R1,ENSG00000178201,gencode
POGLUT3,ENSG00000178202,gencode
PLEC,ENSG00000178209,gencode
SH2D4B,ENSG00000178217,gencode
RNF212,ENSG00000178222,gencode
PRSS36,ENSG00000178226,gencode
ZNF543,ENSG00000178229,gencode
TMEM151B,ENSG00000178233,gencode
GALNT11,ENSG00000178234,gencode
SLITRK1,ENSG00000178235,gencode
WDR6,ENSG00000178252,gencode
PRM3,ENSG00000178257,gencode
TNP2,ENSG00000178279,gencode
SPAG11A,ENSG00000178287,gencode
GEN1,ENSG00000178295,gencode
TMPRSS9,ENSG00000178297,gencode
AQP11,ENSG00000178301,gencode
TMEM11,ENSG00000178307,gencode
ZNF354B,ENSG00000178338,gencode
KCNG2,ENSG00000178342,gencode
SHISA3,ENSG00000178343,gencode
OR2D3,ENSG00000178358,gencode
CALML3,ENSG00000178363,gencode
CALML5,ENSG00000178372,gencode
ZFAND2A,ENSG00000178381,gencode
PLEKHM3,ENSG00000178385,gencode
ZNF223,ENSG00000178386,gencode
HTR1A,ENSG00000178394,gencode
CCDC185,ENSG00000178395,gencode
DNAJC22,ENSG00000178401,gencode
NEUROG2,ENSG00000178403,gencode
CEP295NL,ENSG00000178404,gencode
BEND3,ENSG00000178409,gencode
NT5DC1,ENSG00000178425,gencode
GLDC,ENSG00000178445,gencode
COX14,ENSG00000178449,gencode
MCMDC2,ENSG00000178460,gencode
TUBAL3,ENSG00000178462,gencode
P4HTM,ENSG00000178467,gencode
UCN3,ENSG00000178473,gencode
DTX3,ENSG00000178498,gencode
KLHL11,ENSG00000178502,gencode
AMBN,ENSG00000178522,gencode
CTXN1,ENSG00000178531,gencode
SLC25A20,ENSG00000178537,gencode
CA8,ENSG00000178538,gencode
CD28,ENSG00000178562,gencode
EPM2AIP1,ENSG00000178567,gencode
ERBB4,ENSG00000178568,gencode
MAF,ENSG00000178573,gencode
CTNNBIP1,ENSG00000178585,gencode
OR6B3,ENSG00000178586,gencode
DEFB125,ENSG00000178591,gencode
PSAPL1,ENSG00000178597,gencode
OTOS,ENSG00000178602,gencode
GTPBP6,ENSG00000178605,gencode
ERN1,ENSG00000178607,gencode
GPR35,ENSG00000178623,gencode
C10orf53,ENSG00000178645,gencode
CSRNP3,ENSG00000178662,gencode
ZNF713,ENSG00000178665,gencode
PARP10,ENSG00000178685,gencode
DYNAP,ENSG00000178690,gencode
SUZ12,ENSG00000178691,gencode
NSUN3,ENSG00000178694,gencode
KCTD12,ENSG00000178695,gencode
DHFR2,ENSG00000178700,gencode
RPP25,ENSG00000178718,gencode
GRINA,ENSG00000178719,gencode
THBD,ENSG00000178726,gencode
GP5,ENSG00000178732,gencode
STX19,ENSG00000178750,gencode
ERFE,ENSG00000178752,gencode
FAM219B,ENSG00000178761,gencode
ZHX2,ENSG00000178764,gencode
CPN2,ENSG00000178772,gencode
CPNE7,ENSG00000178773,gencode
C5orf46,ENSG00000178776,gencode
CD300LB,ENSG00000178789,gencode
GDPD4,ENSG00000178795,gencode
RIIAD1,ENSG00000178796,gencode
MPI,ENSG00000178802,gencode
H1FOO,ENSG00000178804,gencode
TRIM73,ENSG00000178809,gencode
OPLAH,ENSG00000178814,gencode
TMEM52,ENSG00000178821,gencode
RNF186,ENSG00000178828,gencode
EFCAB13,ENSG00000178852,gencode
MSC,ENSG00000178860,gencode
APOLD1,ENSG00000178878,gencode
RFLNA,ENSG00000178882,gencode
EXOSC4,ENSG00000178896,gencode
DPY19L3,ENSG00000178904,gencode
TAF7,ENSG00000178913,gencode
ZNF852,ENSG00000178917,gencode
FOXE1,ENSG00000178919,gencode
PFAS,ENSG00000178921,gencode
HYI,ENSG00000178922,gencode
CYBC1,ENSG00000178927,gencode
TPRX1,ENSG00000178928,gencode
LGALS7B,ENSG00000178934,gencode
ZNF552,ENSG00000178935,gencode
SMIM10L2A,ENSG00000178947,gencode
GAK,ENSG00000178950,gencode
ZBTB7A,ENSG00000178951,gencode
TUFM,ENSG00000178952,gencode
ERICH3,ENSG00000178965,gencode
RMI1,ENSG00000178966,gencode
CTC1,ENSG00000178971,gencode
FBXO34,ENSG00000178974,gencode
SELENOW,ENSG00000178980,gencode
EIF3K,ENSG00000178982,gencode
MRFAP1L1,ENSG00000178988,gencode
SNX18,ENSG00000178996,gencode
EXD1,ENSG00000178997,gencode
AURKB,ENSG00000178999,gencode
TAS1R2,ENSG00000179002,gencode
C14orf39,ENSG00000179008,gencode
MRFAP1,ENSG00000179010,gencode
C3orf38,ENSG00000179021,gencode
KLHDC7A,ENSG00000179023,gencode
TMEM107,ENSG00000179029,gencode
RRS1,ENSG00000179041,gencode
EXOC3L1,ENSG00000179044,gencode
TRIML2,ENSG00000179046,gencode
RCC2,ENSG00000179051,gencode
OR13D1,ENSG00000179055,gencode
IGSF22,ENSG00000179057,gencode
C9orf50,ENSG00000179058,gencode
ZFP42,ENSG00000179059,gencode
CCDC89,ENSG00000179071,gencode
FAM133A,ENSG00000179083,gencode
DPM3,ENSG00000179085,gencode
C12orf42,ENSG00000179088,gencode
CYC1,ENSG00000179091,gencode
PER1,ENSG00000179094,gencode
HTR1F,ENSG00000179097,gencode
TMTC2,ENSG00000179104,gencode
HES7,ENSG00000179111,gencode
FARSA,ENSG00000179115,gencode
SPTY2D1,ENSG00000179119,gencode
C10orf67,ENSG00000179133,gencode
SAMD4B,ENSG00000179134,gencode
CYP11B2,ENSG00000179142,gencode
GIMAP7,ENSG00000179144,gencode
ALOXE3,ENSG00000179148,gencode
EDC3,ENSG00000179151,gencode
TCAIM,ENSG00000179152,gencode
FUCA1,ENSG00000179163,gencode
PXT1,ENSG00000179165,gencode
GGN,ENSG00000179168,gencode
HNRNPCL1,ENSG00000179172,gencode
TMEM125,ENSG00000179178,gencode
ZNF664,ENSG00000179195,gencode
SIGLECL1,ENSG00000179213,gencode
CALR,ENSG00000179218,gencode
MAGED1,ENSG00000179222,gencode
GVQW3,ENSG00000179240,gencode
LDLRAD3,ENSG00000179241,gencode
CDH4,ENSG00000179242,gencode
SMCO3,ENSG00000179256,gencode
RAD23A,ENSG00000179262,gencode
PCARE,ENSG00000179270,gencode
GADD45GIP1,ENSG00000179271,gencode
DAND5,ENSG00000179284,gencode
TMEM151A,ENSG00000179292,gencode
PTPN11,ENSG00000179295,gencode
NSUN7,ENSG00000179299,gencode
RTL3,ENSG00000179300,gencode
WSCD1,ENSG00000179314,gencode
RAB39A,ENSG00000179331,gencode
CLK3,ENSG00000179335,gencode
GATA2,ENSG00000179348,gencode
ARID3B,ENSG00000179361,gencode
TMEM31,ENSG00000179363,gencode
PACS2,ENSG00000179364,gencode
ELMOD2,ENSG00000179387,gencode
EGR3,ENSG00000179388,gencode
CATSPERE,ENSG00000179397,gencode
GPC5,ENSG00000179399,gencode
VWA1,ENSG00000179403,gencode
DNAJB8,ENSG00000179407,gencode
GEMIN4,ENSG00000179409,gencode
FJX1,ENSG00000179431,gencode
KLHL28,ENSG00000179454,gencode
MKRN3,ENSG00000179455,gencode
ZBTB18,ENSG00000179456,gencode
C14orf28,ENSG00000179476,gencode
ALOX12B,ENSG00000179477,gencode
SLC17A8,ENSG00000179520,gencode
SHARPIN,ENSG00000179526,gencode
LBX2,ENSG00000179528,gencode
DNHD1,ENSG00000179532,gencode
SLITRK4,ENSG00000179542,gencode
HTR1D,ENSG00000179546,gencode
GCC1,ENSG00000179562,gencode
LSMEM2,ENSG00000179564,gencode
RNF151,ENSG00000179580,gencode
CIITA,ENSG00000179583,gencode
ALOX15B,ENSG00000179593,gencode
PLD6,ENSG00000179598,gencode
GPHB5,ENSG00000179600,gencode
GRM8,ENSG00000179603,gencode
CDC42EP4,ENSG00000179604,gencode
OR2AP1,ENSG00000179615,gencode
OR6C4,ENSG00000179626,gencode
ZBTB42,ENSG00000179627,gencode
LACC1,ENSG00000179630,gencode
MAF1,ENSG00000179632,gencode
TPPP2,ENSG00000179636,gencode
FCER1A,ENSG00000179639,gencode
RPRML,ENSG00000179673,gencode
ARL14,ENSG00000179674,gencode
OR6C2,ENSG00000179695,gencode
WDR97,ENSG00000179698,gencode
NLRP8,ENSG00000179709,gencode
PCED1B,ENSG00000179715,gencode
APOBEC3B,ENSG00000179750,gencode
SYCN,ENSG00000179751,gencode
PIPOX,ENSG00000179761,gencode
FOXS1,ENSG00000179772,gencode
ATOH7,ENSG00000179774,gencode
CDH5,ENSG00000179776,gencode
LRRC3B,ENSG00000179796,gencode
FAM216B,ENSG00000179813,gencode
MRGPRX4,ENSG00000179817,gencode
MYADM,ENSG00000179820,gencode
MRGPRX3,ENSG00000179826,gencode
MROH1,ENSG00000179832,gencode
SERTAD2,ENSG00000179833,gencode
AKAP5,ENSG00000179841,gencode
NKPD1,ENSG00000179846,gencode
GIPC3,ENSG00000179855,gencode
RNF227,ENSG00000179859,gencode
CITED4,ENSG00000179862,gencode
ABCA13,ENSG00000179869,gencode
NLRP11,ENSG00000179873,gencode
TIGD5,ENSG00000179886,gencode
PDXDC1,ENSG00000179889,gencode
C1orf194,ENSG00000179902,gencode
ZNF154,ENSG00000179909,gencode
R3HDM2,ENSG00000179912,gencode
B3GNT3,ENSG00000179913,gencode
ITLN1,ENSG00000179914,gencode
NRXN1,ENSG00000179915,gencode
SEPHS2,ENSG00000179918,gencode
OR10A7,ENSG00000179919,gencode
GPBAR1,ENSG00000179921,gencode
ZNF784,ENSG00000179922,gencode
ZNF648,ENSG00000179930,gencode
C14orf119,ENSG00000179933,gencode
CCR8,ENSG00000179934,gencode
BBS10,ENSG00000179941,gencode
FIZ1,ENSG00000179943,gencode
PUF60,ENSG00000179950,gencode
SSC5D,ENSG00000179954,gencode
DCTPP1,ENSG00000179958,gencode
ZNF771,ENSG00000179965,gencode
TSHZ1,ENSG00000179981,gencode
PSTK,ENSG00000179988,gencode
SOCS4,ENSG00000180008,gencode
ZADH2,ENSG00000180011,gencode
OR1E1,ENSG00000180016,gencode
ZNF48,ENSG00000180035,gencode
AC087498.1,ENSG00000180042,gencode
FAM71E2,ENSG00000180043,gencode
C3orf80,ENSG00000180044,gencode
NKX2-6,ENSG00000180053,gencode
TMEM150B,ENSG00000180061,gencode
ANKRD18A,ENSG00000180071,gencode
WFDC11,ENSG00000180083,gencode
TMEM86B,ENSG00000180089,gencode
OR3A1,ENSG00000180090,gencode
SEPTIN1,ENSG00000180096,gencode
TRNAU1AP,ENSG00000180098,gencode
EXOC3,ENSG00000180104,gencode
TDRD6,ENSG00000180113,gencode
C12orf40,ENSG00000180116,gencode
CSNK1A1L,ENSG00000180138,gencode
LYNX1,ENSG00000180155,gencode
TH,ENSG00000180176,gencode
MED14,ENSG00000180182,gencode
FAHD1,ENSG00000180185,gencode
TDRP,ENSG00000180190,gencode
RCC1,ENSG00000180198,gencode
WFDC9,ENSG00000180205,gencode
MYLPF,ENSG00000180209,gencode
F2,ENSG00000180210,gencode
FAM71C,ENSG00000180219,gencode
PRKRA,ENSG00000180228,gencode
ZNRF2,ENSG00000180233,gencode
RRH,ENSG00000180245,gencode
SLC9A4,ENSG00000180251,gencode
ZNF816,ENSG00000180257,gencode
FGD6,ENSG00000180263,gencode
ADGRD2,ENSG00000180264,gencode
GPR139,ENSG00000180269,gencode
PLD5,ENSG00000180287,gencode
OAZ2,ENSG00000180304,gencode
WFDC10A,ENSG00000180305,gencode
PNPLA1,ENSG00000180316,gencode
ALX1,ENSG00000180318,gencode
CCDC43,ENSG00000180329,gencode
KCTD4,ENSG00000180332,gencode
MEIOC,ENSG00000180336,gencode
FZD2,ENSG00000180340,gencode
TIGD2,ENSG00000180346,gencode
ITPRID1,ENSG00000180347,gencode
HCLS1,ENSG00000180353,gencode
MTURN,ENSG00000180354,gencode
ZNF609,ENSG00000180357,gencode
PAK2,ENSG00000180370,gencode
CCDC66,ENSG00000180376,gencode
DEFB124,ENSG00000180383,gencode
KRTAP9-7,ENSG00000180386,gencode
MCFD2,ENSG00000180398,gencode
HARBI1,ENSG00000180423,gencode
DEFB123,ENSG00000180424,gencode
C11orf71,ENSG00000180425,gencode
CYP8B1,ENSG00000180432,gencode
OR6K6,ENSG00000180433,gencode
SERTM1,ENSG00000180440,gencode
GAS1,ENSG00000180447,gencode
ARHGAP45,ENSG00000180448,gencode
OR10Q1,ENSG00000180475,gencode
ZNF571,ENSG00000180479,gencode
GLIPR1L2,ENSG00000180481,gencode
DEFB119,ENSG00000180483,gencode
MIGA1,ENSG00000180488,gencode
NRIP1,ENSG00000180530,gencode
ZSCAN4,ENSG00000180532,gencode
BHLHA15,ENSG00000180535,gencode
RNF182,ENSG00000180537,gencode
TSPYL5,ENSG00000180543,gencode
FUT7,ENSG00000180549,gencode
HIST1H2AC,ENSG00000180573,gencode
SKIDA1,ENSG00000180592,gencode
MB21D2,ENSG00000180611,gencode
GSX2,ENSG00000180613,gencode
SSTR2,ENSG00000180616,gencode
ZNF594,ENSG00000180626,gencode
PCGF5,ENSG00000180628,gencode
SLC47A2,ENSG00000180638,gencode
PRF1,ENSG00000180644,gencode
OR2A4,ENSG00000180658,gencode
MAB21L1,ENSG00000180660,gencode
YOD1,ENSG00000180667,gencode
TMEM64,ENSG00000180694,gencode
C3orf22,ENSG00000180697,gencode
OR10K2,ENSG00000180708,gencode
SHISA2,ENSG00000180730,gencode
S1PR5,ENSG00000180739,gencode
CLRN3,ENSG00000180745,gencode
GPR157,ENSG00000180758,gencode
CHST13,ENSG00000180767,gencode
AGTR2,ENSG00000180772,gencode
SLC36A4,ENSG00000180773,gencode
ZDHHC20,ENSG00000180776,gencode
ANKRD30B,ENSG00000180777,gencode
OR51E1,ENSG00000180785,gencode
ZFP3,ENSG00000180787,gencode
ARSJ,ENSG00000180801,gencode
HOXC9,ENSG00000180806,gencode
MAP3K15,ENSG00000180815,gencode
PPA1,ENSG00000180817,gencode
HOXC10,ENSG00000180818,gencode
PSMG4,ENSG00000180822,gencode
BHLHE22,ENSG00000180828,gencode
MAP6D1,ENSG00000180834,gencode
ZNF443,ENSG00000180855,gencode
CXCR2,ENSG00000180871,gencode
DEFB112,ENSG00000180872,gencode
GREM2,ENSG00000180875,gencode
C11orf42,ENSG00000180878,gencode
SSR4,ENSG00000180879,gencode
CAPS2,ENSG00000180881,gencode
ZNF792,ENSG00000180884,gencode
CUEDC1,ENSG00000180891,gencode
SCRIB,ENSG00000180900,gencode
KCTD2,ENSG00000180901,gencode
D2HGDH,ENSG00000180902,gencode
OXTR,ENSG00000180914,gencode
CMTR2,ENSG00000180917,gencode
OR56B4,ENSG00000180919,gencode
FAM83H,ENSG00000180921,gencode
GPR62,ENSG00000180929,gencode
OR56A1,ENSG00000180934,gencode
ZNF572,ENSG00000180938,gencode
AC015871.1,ENSG00000180953,gencode
PITPNB,ENSG00000180957,gencode
TCEAL8,ENSG00000180964,gencode
OR52E4,ENSG00000180974,gencode
LRRC57,ENSG00000180979,gencode
OR52N2,ENSG00000180988,gencode
GPR137C,ENSG00000180998,gencode
C1orf105,ENSG00000180999,gencode
OR52N1,ENSG00000181001,gencode
BBS12,ENSG00000181004,gencode
ZFP82,ENSG00000181007,gencode
OR52N5,ENSG00000181009,gencode
LSMEM1,ENSG00000181016,gencode
NQO1,ENSG00000181019,gencode
OR56B1,ENSG00000181023,gencode
AEN,ENSG00000181026,gencode
FKRP,ENSG00000181027,gencode
TRAPPC5,ENSG00000181029,gencode
RPH3AL,ENSG00000181031,gencode
SLC25A42,ENSG00000181035,gencode
FCRL6,ENSG00000181036,gencode
METTL23,ENSG00000181038,gencode
SLC26A11,ENSG00000181045,gencode
HIGD1A,ENSG00000181061,gencode
CHRM2,ENSG00000181072,gencode
OR52N4,ENSG00000181074,gencode
MAPK15,ENSG00000181085,gencode
EHMT1,ENSG00000181090,gencode
ADIPOQ,ENSG00000181092,gencode
F2R,ENSG00000181104,gencode
ZNF707,ENSG00000181135,gencode
MUC16,ENSG00000181143,gencode
PJA1,ENSG00000181191,gencode
DHTKD1,ENSG00000181192,gencode
PENK,ENSG00000181195,gencode
C4orf50,ENSG00000181215,gencode
HIST3H2A,ENSG00000181218,gencode
ZNF746,ENSG00000181220,gencode
POLR2A,ENSG00000181222,gencode
TMEM132C,ENSG00000181234,gencode
SLC25A41,ENSG00000181240,gencode
TLCD5,ENSG00000181264,gencode
OR5AK2,ENSG00000181273,gencode
FRAT2,ENSG00000181274,gencode
TMEM102,ENSG00000181284,gencode
TMEM132E,ENSG00000181291,gencode
ZNF322,ENSG00000181315,gencode
NME9,ENSG00000181322,gencode
SPEM1,ENSG00000181323,gencode
HEPHL1,ENSG00000181333,gencode
LRRC75A,ENSG00000181350,gencode
OR5M8,ENSG00000181371,gencode
CCL13,ENSG00000181374,gencode
DDX60L,ENSG00000181381,gencode
SYNE4,ENSG00000181392,gencode
OGFOD3,ENSG00000181396,gencode
WASHC1,ENSG00000181404,gencode
AATK,ENSG00000181409,gencode
DDN,ENSG00000181418,gencode
SAGE1,ENSG00000181433,gencode
ZNF467,ENSG00000181444,gencode
SOX2,ENSG00000181449,gencode
ZNF678,ENSG00000181450,gencode
TMEM45A,ENSG00000181458,gencode
RAP2B,ENSG00000181467,gencode
ZBTB2,ENSG00000181472,gencode
RNF135,ENSG00000181481,gencode
OR6T1,ENSG00000181499,gencode
ACBD4,ENSG00000181513,gencode
OR8D4,ENSG00000181518,gencode
SGSH,ENSG00000181523,gencode
MAB21L2,ENSG00000181541,gencode
FANCB,ENSG00000181544,gencode
EDDM3B,ENSG00000181552,gencode
EDDM3A,ENSG00000181562,gencode
C6orf223,ENSG00000181577,gencode
TMIE,ENSG00000181585,gencode
MEX3D,ENSG00000181588,gencode
OR52D1,ENSG00000181609,gencode
OR52H1,ENSG00000181616,gencode
FDCSP,ENSG00000181617,gencode
GPR135,ENSG00000181619,gencode
ANKRD62,ENSG00000181626,gencode
P2RY13,ENSG00000181631,gencode
TNFSF15,ENSG00000181634,gencode
ZFP41,ENSG00000181638,gencode
PHLDA2,ENSG00000181649,gencode
ATG9B,ENSG00000181652,gencode
GPR88,ENSG00000181656,gencode
ZNF875,ENSG00000181666,gencode
PLAG1,ENSG00000181690,gencode
OR8H1,ENSG00000181693,gencode
OR5T1,ENSG00000181698,gencode
YIPF6,ENSG00000181704,gencode
OR5T2,ENSG00000181718,gencode
ZBTB20,ENSG00000181722,gencode
OR2Z1,ENSG00000181733,gencode
DIPK2A,ENSG00000181744,gencode
C5orf30,ENSG00000181751,gencode
OR8K5,ENSG00000181752,gencode
AMIGO1,ENSG00000181754,gencode
OR8H3,ENSG00000181761,gencode
OR8H2,ENSG00000181767,gencode
GPR3,ENSG00000181773,gencode
TMEM252,ENSG00000181778,gencode
ODF3L2,ENSG00000181781,gencode
OR5AS1,ENSG00000181785,gencode
ACTL9,ENSG00000181786,gencode
SIAH2,ENSG00000181788,gencode
COPG1,ENSG00000181789,gencode
ADGRB1,ENSG00000181790,gencode
OR6S1,ENSG00000181803,gencode
SLC9A9,ENSG00000181804,gencode
LSM10,ENSG00000181817,gencode
RELL1,ENSG00000181826,gencode
RFX7,ENSG00000181827,gencode
SLC35C1,ENSG00000181830,gencode
TIGIT,ENSG00000181847,gencode
RNF41,ENSG00000181852,gencode
SLC2A4,ENSG00000181856,gencode
FTMT,ENSG00000181867,gencode
IBA57,ENSG00000181873,gencode
CLDN7,ENSG00000181885,gencode
ZNF329,ENSG00000181894,gencode
ZNF101,ENSG00000181896,gencode
OR4C6,ENSG00000181903,gencode
C5orf24,ENSG00000181904,gencode
ADO,ENSG00000181915,gencode
COA4,ENSG00000181924,gencode
OR4P4,ENSG00000181927,gencode
PRKAG1,ENSG00000181929,gencode
GINS3,ENSG00000181938,gencode
OR4C15,ENSG00000181939,gencode
OR4A15,ENSG00000181958,gencode
OR4A16,ENSG00000181961,gencode
OR52K2,ENSG00000181963,gencode
NEUROG1,ENSG00000181965,gencode
CCDC149,ENSG00000181982,gencode
SNRPE,ENSG00000182004,gencode
RTKN2,ENSG00000182010,gencode
PNMA8A,ENSG00000182013,gencode
CHST15,ENSG00000182022,gencode
ADIG,ENSG00000182035,gencode
USH1G,ENSG00000182040,gencode
MGAT4C,ENSG00000182050,gencode
TRIM49B,ENSG00000182053,gencode
IDH2,ENSG00000182054,gencode
OR52A1,ENSG00000182070,gencode
OR6B2,ENSG00000182083,gencode
TMEM259,ENSG00000182087,gencode
GET1,ENSG00000182093,gencode
TNRC18,ENSG00000182095,gencode
FAM181B,ENSG00000182103,gencode
TMEM30B,ENSG00000182107,gencode
DEXI,ENSG00000182108,gencode
ZNF716,ENSG00000182111,gencode
NOP10,ENSG00000182117,gencode
FAM89A,ENSG00000182118,gencode
KCNIP1,ENSG00000182132,gencode
TDRKH,ENSG00000182134,gencode
ZNF708,ENSG00000182141,gencode
IST1,ENSG00000182149,gencode
ERCC6L2,ENSG00000182150,gencode
ENPP7,ENSG00000182156,gencode
CREB3L2,ENSG00000182158,gencode
P2RY8,ENSG00000182162,gencode
UNC5C,ENSG00000182168,gencode
MRGPRG,ENSG00000182170,gencode
TSEN54,ENSG00000182173,gencode
RGMA,ENSG00000182175,gencode
ASB18,ENSG00000182177,gencode
UBA7,ENSG00000182179,gencode
SHISAL2A,ENSG00000182183,gencode
RAD51B,ENSG00000182185,gencode
CRYGB,ENSG00000182187,gencode
LDOC1,ENSG00000182195,gencode
ARL6IP4,ENSG00000182196,gencode
EXT1,ENSG00000182197,gencode
SHMT2,ENSG00000182199,gencode
MOB2,ENSG00000182208,gencode
HHIPL1,ENSG00000182218,gencode
ATP6AP2,ENSG00000182220,gencode
ZAR1,ENSG00000182223,gencode
CYB5D1,ENSG00000182224,gencode
FAM153B,ENSG00000182230,gencode
BACE2,ENSG00000182240,gencode
UBE2E2,ENSG00000182247,gencode
SYNM,ENSG00000182253,gencode
KCNA4,ENSG00000182255,gencode
GABRG3,ENSG00000182256,gencode
NLRP10,ENSG00000182261,gencode
FIGN,ENSG00000182263,gencode
IZUMO1,ENSG00000182264,gencode
TMIGD1,ENSG00000182271,gencode
B4GALNT4,ENSG00000182272,gencode
AP1S2,ENSG00000182287,gencode
C8orf33,ENSG00000182307,gencode
DCAF4L1,ENSG00000182308,gencode
SPACA6,ENSG00000182310,gencode
ZSCAN22,ENSG00000182318,gencode
KCNJ14,ENSG00000182324,gencode
FBXL6,ENSG00000182325,gencode
C1S,ENSG00000182326,gencode
GLTPD2,ENSG00000182327,gencode
KIAA2012,ENSG00000182329,gencode
PRAMEF8,ENSG00000182330,gencode
LIPF,ENSG00000182333,gencode
DAOA,ENSG00000182346,gencode
ZNF804B,ENSG00000182348,gencode
KBTBD3,ENSG00000182359,gencode
YBEY,ENSG00000182362,gencode
CLN8,ENSG00000182372,gencode
PLCXD1,ENSG00000182378,gencode
NXPH4,ENSG00000182379,gencode
CACNB4,ENSG00000182389,gencode
IFNL1,ENSG00000182393,gencode
TRAPPC6B,ENSG00000182400,gencode
PGBD4,ENSG00000182405,gencode
CDY2A,ENSG00000182415,gencode
NPLOC4,ENSG00000182446,gencode
OTOL1,ENSG00000182447,gencode
KCNK4,ENSG00000182450,gencode
TEX19,ENSG00000182459,gencode
TSHZ2,ENSG00000182463,gencode
CAPN12,ENSG00000182472,gencode
EXOC7,ENSG00000182473,gencode
KPNA2,ENSG00000182481,gencode
XKRX,ENSG00000182489,gencode
BGN,ENSG00000182492,gencode
CEP97,ENSG00000182504,gencode
LHFPL1,ENSG00000182508,gencode
FES,ENSG00000182511,gencode
GLRX5,ENSG00000182512,gencode
FAM104B,ENSG00000182518,gencode
TBPL2,ENSG00000182521,gencode
MXRA7,ENSG00000182534,gencode
LIMK2,ENSG00000182541,gencode
MFSD5,ENSG00000182544,gencode
RNASE10,ENSG00000182545,gencode
ADI1,ENSG00000182551,gencode
RWDD4,ENSG00000182552,gencode
SPNS3,ENSG00000182557,gencode
CLEC4G,ENSG00000182566,gencode
SATB1,ENSG00000182568,gencode
NXPH3,ENSG00000182575,gencode
CSF1R,ENSG00000182578,gencode
EPHB3,ENSG00000182580,gencode
VCX,ENSG00000182583,gencode
ACTL10,ENSG00000182584,gencode
EPGN,ENSG00000182585,gencode
KRTAP11-1,ENSG00000182591,gencode
SNORC,ENSG00000182600,gencode
HS3ST4,ENSG00000182601,gencode
TRAK1,ENSG00000182606,gencode
TSPAN10,ENSG00000182612,gencode
OR2V2,ENSG00000182613,gencode
PLCB1,ENSG00000182621,gencode
SKA2,ENSG00000182628,gencode
RXFP3,ENSG00000182631,gencode
OR10G7,ENSG00000182634,gencode
NDN,ENSG00000182636,gencode
CCDC172,ENSG00000182645,gencode
OR4Q3,ENSG00000182652,gencode
NTM,ENSG00000182667,gencode
TTC3,ENSG00000182670,gencode
KCNB2,ENSG00000182674,gencode
PPP1R27,ENSG00000182676,gencode
BRICD5,ENSG00000182685,gencode
GALR2,ENSG00000182687,gencode
RESP18,ENSG00000182698,gencode
IGIP,ENSG00000182700,gencode
TSKU,ENSG00000182704,gencode
CMC4,ENSG00000182712,gencode
ANXA2,ENSG00000182718,gencode
RGS6,ENSG00000182732,gencode
HOXB4,ENSG00000182742,gencode
SLC35D3,ENSG00000182747,gencode
PAQR7,ENSG00000182749,gencode
PAPPA,ENSG00000182752,gencode
MAFA,ENSG00000182759,gencode
NGRN,ENSG00000182768,gencode
GRID1,ENSG00000182771,gencode
HCAR2,ENSG00000182782,gencode
CCDC87,ENSG00000182791,gencode
GSTA5,ENSG00000182793,gencode
C1orf116,ENSG00000182795,gencode
MAGEB17,ENSG00000182798,gencode
CRIP2,ENSG00000182809,gencode
DDX28,ENSG00000182810,gencode
KRTAP13-2,ENSG00000182816,gencode
ACBD3,ENSG00000182827,gencode
C16orf72,ENSG00000182831,gencode
PLCXD3,ENSG00000182836,gencode
VMO1,ENSG00000182853,gencode
OR4F15,ENSG00000182854,gencode
ALG12,ENSG00000182858,gencode
LCK,ENSG00000182866,gencode
GALNT9,ENSG00000182870,gencode
COL18A1,ENSG00000182871,gencode
RBM10,ENSG00000182872,gencode
ADGRG3,ENSG00000182885,gencode
GLUD2,ENSG00000182890,gencode
TMEM95,ENSG00000182896,gencode
TCHHL1,ENSG00000182898,gencode
RGS7,ENSG00000182901,gencode
SLC25A18,ENSG00000182902,gencode
ZNF721,ENSG00000182903,gencode
TCEAL7,ENSG00000182916,gencode
C11orf54,ENSG00000182919,gencode
CEP63,ENSG00000182923,gencode
WFDC10B,ENSG00000182931,gencode
SRPRA,ENSG00000182934,gencode
OTOP3,ENSG00000182938,gencode
EWSR1,ENSG00000182944,gencode
ODF3L1,ENSG00000182950,gencode
HMGN4,ENSG00000182952,gencode
SPATA13,ENSG00000182957,gencode
GJC1,ENSG00000182963,gencode
SOX1,ENSG00000182968,gencode
CNOT10,ENSG00000182973,gencode
AC135068.1,ENSG00000182974,gencode
MTA1,ENSG00000182979,gencode
ZNF662,ENSG00000182983,gencode
CADM1,ENSG00000182985,gencode
ZNF320,ENSG00000182986,gencode
C12orf60,ENSG00000182993,gencode
PYCR1,ENSG00000183010,gencode
NAA38,ENSG00000183011,gencode
SPNS2,ENSG00000183018,gencode
MCEMP1,ENSG00000183019,gencode
AP2A2,ENSG00000183020,gencode
SLC8A1,ENSG00000183023,gencode
OR1G1,ENSG00000183024,gencode
SLC25A21,ENSG00000183032,gencode
OTOP2,ENSG00000183034,gencode
CYLC1,ENSG00000183035,gencode
PCP4,ENSG00000183036,gencode
ABAT,ENSG00000183044,gencode
SLC25A10,ENSG00000183048,gencode
CAMK1D,ENSG00000183049,gencode
LYSMD4,ENSG00000183060,gencode
WBP2NL,ENSG00000183066,gencode
IGSF5,ENSG00000183067,gencode
NKX2-5,ENSG00000183072,gencode
GAS6,ENSG00000183087,gencode
FREM3,ENSG00000183090,gencode
NEB,ENSG00000183091,gencode
BEGAIN,ENSG00000183092,gencode
GPC6,ENSG00000183098,gencode
ARHGEF37,ENSG00000183111,gencode
FAM43B,ENSG00000183114,gencode
CSMD1,ENSG00000183117,gencode
CALHM3,ENSG00000183128,gencode
PTGDR2,ENSG00000183134,gencode
CEP57L1,ENSG00000183137,gencode
RIPPLY3,ENSG00000183145,gencode
GPR19,ENSG00000183150,gencode
GJD3,ENSG00000183153,gencode
RABIF,ENSG00000183155,gencode
TMEM119,ENSG00000183160,gencode
FANCF,ENSG00000183161,gencode
CALN1,ENSG00000183166,gencode
SMDT1,ENSG00000183172,gencode
GABRR3,ENSG00000183185,gencode
C2CD4C,ENSG00000183186,gencode
CHST6,ENSG00000183196,gencode
POTEC,ENSG00000183206,gencode
RUVBL2,ENSG00000183207,gencode
GDPGP1,ENSG00000183208,gencode
CTNNA3,ENSG00000183230,gencode
PRR36,ENSG00000183248,gencode
PTTG1IP,ENSG00000183255,gencode
DDX41,ENSG00000183258,gencode
ABHD16B,ENSG00000183260,gencode
OR52E8,ENSG00000183269,gencode
CCDC60,ENSG00000183273,gencode
PLGLB1,ENSG00000183281,gencode
DAZAP2,ENSG00000183283,gencode
CCBE1,ENSG00000183287,gencode
SELENOF,ENSG00000183291,gencode
OR5P2,ENSG00000183303,gencode
FAM9A,ENSG00000183304,gencode
TMEM121B,ENSG00000183307,gencode
ZNF623,ENSG00000183309,gencode
OR2T34,ENSG00000183310,gencode
OR52L1,ENSG00000183313,gencode
EPHA10,ENSG00000183317,gencode
SPDYE4,ENSG00000183318,gencode
CCDC125,ENSG00000183323,gencode
REC114,ENSG00000183324,gencode
BCOR,ENSG00000183337,gencode
JRKL,ENSG00000183340,gencode
CABCOCO1,ENSG00000183346,gencode
GBP6,ENSG00000183347,gencode
KIAA2026,ENSG00000183354,gencode
OVCH2,ENSG00000183378,gencode
SYNDIG1L,ENSG00000183379,gencode
FHL3,ENSG00000183386,gencode
OR56A4,ENSG00000183389,gencode
PMCH,ENSG00000183395,gencode
TMEM89,ENSG00000183396,gencode
C19orf71,ENSG00000183397,gencode
CCDC159,ENSG00000183401,gencode
RIPK4,ENSG00000183421,gencode
LRIT3,ENSG00000183423,gencode
SF3A3,ENSG00000183431,gencode
TFDP3,ENSG00000183434,gencode
TRIM61,ENSG00000183439,gencode
GRIN2A,ENSG00000183454,gencode
URAD,ENSG00000183463,gencode
GTF2H2C,ENSG00000183474,gencode
ASB7,ENSG00000183475,gencode
SH2D7,ENSG00000183476,gencode
TREX2,ENSG00000183479,gencode
GPR132,ENSG00000183484,gencode
MX2,ENSG00000183486,gencode
EP400,ENSG00000183495,gencode
MEX3B,ENSG00000183496,gencode
TENT5C,ENSG00000183508,gencode
COA5,ENSG00000183513,gencode
UTP11,ENSG00000183520,gencode
PSMG1,ENSG00000183527,gencode
PRR14L,ENSG00000183530,gencode
KLRC4,ENSG00000183542,gencode
ACSM5,ENSG00000183549,gencode
C10orf120,ENSG00000183559,gencode
IZUMO1R,ENSG00000183560,gencode
SERHL2,ENSG00000183569,gencode
PCBP3,ENSG00000183570,gencode
PGPEP1L,ENSG00000183571,gencode
SETD3,ENSG00000183576,gencode
TNFAIP8L3,ENSG00000183578,gencode
ZNRF3,ENSG00000183579,gencode
FBXL7,ENSG00000183580,gencode
TANGO2,ENSG00000183597,gencode
SFXN4,ENSG00000183605,gencode
GKN2,ENSG00000183607,gencode
FAM167B,ENSG00000183615,gencode
ZNF438,ENSG00000183621,gencode
HMCES,ENSG00000183624,gencode
CCR3,ENSG00000183625,gencode
DGCR6,ENSG00000183628,gencode
PRR32,ENSG00000183631,gencode
RP1L1,ENSG00000183638,gencode
KRTAP8-1,ENSG00000183640,gencode
C11orf88,ENSG00000183644,gencode
ZNF530,ENSG00000183647,gencode
NDUFB1,ENSG00000183648,gencode
MARCH11,ENSG00000183654,gencode
KLHL25,ENSG00000183655,gencode
TAFA1,ENSG00000183662,gencode
TRMT12,ENSG00000183665,gencode
PSG9,ENSG00000183668,gencode
GPR1,ENSG00000183671,gencode
BMP8A,ENSG00000183682,gencode
ALYREF,ENSG00000183684,gencode
RFLNB,ENSG00000183688,gencode
EFHC2,ENSG00000183690,gencode
NOG,ENSG00000183691,gencode
MRGPRX2,ENSG00000183695,gencode
UPP1,ENSG00000183696,gencode
OR4N4,ENSG00000183706,gencode
IFNL2,ENSG00000183709,gencode
OPCML,ENSG00000183715,gencode
TRIM52,ENSG00000183718,gencode
LHFPL6,ENSG00000183722,gencode
CMTM4,ENSG00000183723,gencode
TMEM50A,ENSG00000183726,gencode
NPBWR1,ENSG00000183729,gencode
FIGLA,ENSG00000183733,gencode
ASCL2,ENSG00000183734,gencode
TBK1,ENSG00000183735,gencode
CBX6,ENSG00000183741,gencode
MACC1,ENSG00000183742,gencode
ACSM2A,ENSG00000183747,gencode
TBL3,ENSG00000183751,gencode
ACP7,ENSG00000183760,gencode
KREMEN1,ENSG00000183762,gencode
TRAIP,ENSG00000183763,gencode
CHEK2,ENSG00000183765,gencode
FOXL2,ENSG00000183770,gencode
AIFM3,ENSG00000183773,gencode
KCTD16,ENSG00000183775,gencode
B3GALT5,ENSG00000183778,gencode
ZNF703,ENSG00000183779,gencode
SLC35F3,ENSG00000183780,gencode
KCTD8,ENSG00000183783,gencode
DOCK8-AS1,ENSG00000183784,gencode
ELOA3,ENSG00000183791,gencode
EMILIN3,ENSG00000183798,gencode
OLFML1,ENSG00000183801,gencode
FAM162B,ENSG00000183807,gencode
RBM12B,ENSG00000183808,gencode
CCR4,ENSG00000183813,gencode
LIN9,ENSG00000183814,gencode
BTBD9,ENSG00000183826,gencode
NUDT14,ENSG00000183828,gencode
ANKRD45,ENSG00000183831,gencode
MAATS1,ENSG00000183833,gencode
PNMA3,ENSG00000183837,gencode
GPR39,ENSG00000183840,gencode
FAM3B,ENSG00000183844,gencode
ZNF730,ENSG00000183850,gencode
KIRREL1,ENSG00000183853,gencode
IQGAP3,ENSG00000183856,gencode
CNGA2,ENSG00000183862,gencode
TOB2,ENSG00000183864,gencode
SCN5A,ENSG00000183873,gencode
ARSI,ENSG00000183876,gencode
UTY,ENSG00000183878,gencode
SRARP,ENSG00000183888,gencode
TTC32,ENSG00000183891,gencode
LRRC55,ENSG00000183908,gencode
SH2D1A,ENSG00000183918,gencode
PRKX,ENSG00000183943,gencode
KMT5A,ENSG00000183955,gencode
KCNH8,ENSG00000183960,gencode
SMTN,ENSG00000183963,gencode
NPW,ENSG00000183971,gencode
PP2D1,ENSG00000183977,gencode
COA3,ENSG00000183978,gencode
NPB,ENSG00000183979,gencode
ST6GALNAC3,ENSG00000184005,gencode
ACTG1,ENSG00000184009,gencode
TMPRSS2,ENSG00000184012,gencode
DENND5A,ENSG00000184014,gencode
OR2T10,ENSG00000184022,gencode
KRTAP20-2,ENSG00000184032,gencode
VPS33B,ENSG00000184056,gencode
TBX1,ENSG00000184058,gencode
ADAP2,ENSG00000184060,gencode
UQCR10,ENSG00000184076,gencode
FAM120C,ENSG00000184083,gencode
TRIML1,ENSG00000184108,gencode
CLDN5,ENSG00000184113,gencode
NIPSNAP1,ENSG00000184117,gencode
OR4F6,ENSG00000184140,gencode
CNTN2,ENSG00000184144,gencode
SPRR4,ENSG00000184148,gencode
LRTOMT,ENSG00000184154,gencode
OR10J5,ENSG00000184155,gencode
KCNQ3,ENSG00000184156,gencode
ADRA2C,ENSG00000184160,gencode
NR2C2AP,ENSG00000184162,gencode
C1QTNF12,ENSG00000184163,gencode
CRELD2,ENSG00000184164,gencode
OR1D2,ENSG00000184166,gencode
SCFD2,ENSG00000184178,gencode
UBE2F,ENSG00000184182,gencode
KCNJ12,ENSG00000184185,gencode
GPR173,ENSG00000184194,gencode
PPP1R2,ENSG00000184203,gencode
TSPYL2,ENSG00000184205,gencode
GOLGA6L4,ENSG00000184206,gencode
PGP,ENSG00000184207,gencode
SNRNP35,ENSG00000184209,gencode
DGAT2L6,ENSG00000184210,gencode
IRAK1,ENSG00000184216,gencode
CMSS1,ENSG00000184220,gencode
OLIG1,ENSG00000184221,gencode
PCDH9,ENSG00000184226,gencode
ACOT1,ENSG00000184227,gencode
OAF,ENSG00000184232,gencode
ALDH1A3,ENSG00000184254,gencode
CDR1,ENSG00000184258,gencode
KCNK12,ENSG00000184261,gencode
POU6F1,ENSG00000184271,gencode
DEFB108B,ENSG00000184276,gencode
TM2D3,ENSG00000184277,gencode
TSSC4,ENSG00000184281,gencode
TACSTD2,ENSG00000184292,gencode
CLECL1,ENSG00000184293,gencode
SIX6,ENSG00000184302,gencode
PRKD1,ENSG00000184304,gencode
CCSER1,ENSG00000184305,gencode
ZDHHC23,ENSG00000184307,gencode
MROH7,ENSG00000184313,gencode
S100A7A,ENSG00000184330,gencode
SRPK3,ENSG00000184343,gencode
GDF3,ENSG00000184344,gencode
IQCF2,ENSG00000184345,gencode
SLIT3,ENSG00000184347,gencode
EFNA5,ENSG00000184349,gencode
MRGPRE,ENSG00000184350,gencode
KRTAP19-1,ENSG00000184351,gencode
HIST1H1B,ENSG00000184357,gencode
SPATA32,ENSG00000184361,gencode
PKP3,ENSG00000184363,gencode
MAP7D2,ENSG00000184368,gencode
CSF1,ENSG00000184371,gencode
COLEC10,ENSG00000184374,gencode
ACTRT3,ENSG00000184378,gencode
PLA2G6,ENSG00000184381,gencode
MAML2,ENSG00000184384,gencode
PABPC1L2B,ENSG00000184388,gencode
A3GALT2,ENSG00000184389,gencode
OR4N5,ENSG00000184394,gencode
SS18L1,ENSG00000184402,gencode
KCND2,ENSG00000184408,gencode
TOP1MT,ENSG00000184428,gencode
COPB2,ENSG00000184432,gencode
LRRC19,ENSG00000184434,gencode
THAP7,ENSG00000184436,gencode
KNTC1,ENSG00000184445,gencode
CCR10,ENSG00000184451,gencode
NCMAP,ENSG00000184454,gencode
BPIFC,ENSG00000184459,gencode
WDR27,ENSG00000184465,gencode
TXNRD2,ENSG00000184470,gencode
C1QTNF8,ENSG00000184471,gencode
OR56A3,ENSG00000184478,gencode
FOXO4,ENSG00000184481,gencode
POU3F2,ENSG00000184486,gencode
PTP4A3,ENSG00000184489,gencode
FOXD4L1,ENSG00000184492,gencode
TMEM255B,ENSG00000184497,gencode
PROS1,ENSG00000184500,gencode
GAST,ENSG00000184502,gencode
NUTM1,ENSG00000184507,gencode
HDDC3,ENSG00000184508,gencode
BEX5,ENSG00000184515,gencode
ZFP1,ENSG00000184517,gencode
CEND1,ENSG00000184524,gencode
C6orf58,ENSG00000184530,gencode
DHRS7C,ENSG00000184544,gencode
DUSP8,ENSG00000184545,gencode
SOCS3,ENSG00000184557,gencode
SPEM2,ENSG00000184560,gencode
SLITRK6,ENSG00000184564,gencode
PIWIL3,ENSG00000184571,gencode
LPAR5,ENSG00000184574,gencode
XPOT,ENSG00000184575,gencode
TMEM173,ENSG00000184584,gencode
PDE4B,ENSG00000184588,gencode
TAFA3,ENSG00000184599,gencode
C14orf180,ENSG00000184601,gencode
SNN,ENSG00000184602,gencode
KCNH7,ENSG00000184611,gencode
NELL2,ENSG00000184613,gencode
KRBA2,ENSG00000184619,gencode
MED12,ENSG00000184634,gencode
ZNF93,ENSG00000184635,gencode
SEPTIN9,ENSG00000184640,gencode
PRSS55,ENSG00000184647,gencode
ODF4,ENSG00000184650,gencode
FOXD4L4,ENSG00000184659,gencode
CDCA2,ENSG00000184661,gencode
RALYL,ENSG00000184672,gencode
AMER1,ENSG00000184675,gencode
ZBTB40,ENSG00000184677,gencode
HIST2H2BE,ENSG00000184678,gencode
CLDN6,ENSG00000184697,gencode
SEPTIN5,ENSG00000184702,gencode
EIF4ENIF1,ENSG00000184708,gencode
LRRC26,ENSG00000184709,gencode
SERINC4,ENSG00000184716,gencode
RNLS,ENSG00000184719,gencode
KRTAP6-1,ENSG00000184724,gencode
APOBR,ENSG00000184730,gencode
FAM110C,ENSG00000184731,gencode
DDX53,ENSG00000184735,gencode
ATL3,ENSG00000184743,gencode
NDUFA12,ENSG00000184752,gencode
SMIM10,ENSG00000184785,gencode
TCTE3,ENSG00000184786,gencode
UBE2G2,ENSG00000184787,gencode
OSBP2,ENSG00000184792,gencode
TRARG1,ENSG00000184811,gencode
PRR23B,ENSG00000184814,gencode
ZBTB7C,ENSG00000184828,gencode
APOO,ENSG00000184831,gencode
PRR16,ENSG00000184838,gencode
TMED9,ENSG00000184840,gencode
DRD1,ENSG00000184845,gencode
TMEM186,ENSG00000184857,gencode
SDR42E1,ENSG00000184860,gencode
RBM33,ENSG00000184863,gencode
ARMCX2,ENSG00000184867,gencode
BTBD6,ENSG00000184887,gencode
SRY,ENSG00000184895,gencode
H1FX,ENSG00000184897,gencode
RBM43,ENSG00000184898,gencode
SUMO3,ENSG00000184900,gencode
IMMP2L,ENSG00000184903,gencode
TCEAL2,ENSG00000184905,gencode
CLCNKB,ENSG00000184908,gencode
JAG2,ENSG00000184916,gencode
FMNL1,ENSG00000184922,gencode
NUTM2A,ENSG00000184923,gencode
PTRHD1,ENSG00000184924,gencode
LCN12,ENSG00000184925,gencode
OR6A2,ENSG00000184933,gencode
WT1,ENSG00000184937,gencode
ZFP90,ENSG00000184939,gencode
AQP12A,ENSG00000184945,gencode
FAM227A,ENSG00000184949,gencode
OR6C70,ENSG00000184954,gencode
MUC6,ENSG00000184956,gencode
NOC4L,ENSG00000184967,gencode
USP18,ENSG00000184979,gencode
NDUFA6,ENSG00000184983,gencode
CHRM5,ENSG00000184984,gencode
SORCS2,ENSG00000184985,gencode
TMEM121,ENSG00000184986,gencode
TMEM106A,ENSG00000184988,gencode
SIVA1,ENSG00000184990,gencode
BRI3BP,ENSG00000184992,gencode
IFNE,ENSG00000184995,gencode
SLC22A10,ENSG00000184999,gencode
DGAT1,ENSG00000185000,gencode
RFX6,ENSG00000185002,gencode
ROBO2,ENSG00000185008,gencode
AP3M1,ENSG00000185009,gencode
F8,ENSG00000185010,gencode
NT5C1B,ENSG00000185013,gencode
CA13,ENSG00000185015,gencode
UBOX5,ENSG00000185019,gencode
MAFF,ENSG00000185022,gencode
BRF1,ENSG00000185024,gencode
LRRC14B,ENSG00000185028,gencode
SEMA4B,ENSG00000185033,gencode
MROH2A,ENSG00000185038,gencode
SPDYE16,ENSG00000185040,gencode
CIB1,ENSG00000185043,gencode
ANKS1B,ENSG00000185046,gencode
NELFA,ENSG00000185049,gencode
SLC24A3,ENSG00000185052,gencode
SGCZ,ENSG00000185053,gencode
EFCAB10,ENSG00000185055,gencode
C5orf47,ENSG00000185056,gencode
KRT76,ENSG00000185069,gencode
FLRT2,ENSG00000185070,gencode
INTS5,ENSG00000185085,gencode
MANEAL,ENSG00000185090,gencode
ADSSL1,ENSG00000185100,gencode
ANO9,ENSG00000185101,gencode
FAF1,ENSG00000185104,gencode
MYADML2,ENSG00000185105,gencode
FAM43A,ENSG00000185112,gencode
NSMCE3,ENSG00000185115,gencode
HSF1,ENSG00000185122,gencode
C6orf120,ENSG00000185127,gencode
PURA,ENSG00000185129,gencode
INPP5J,ENSG00000185133,gencode
NPY2R,ENSG00000185149,gencode
MIXL1,ENSG00000185155,gencode
MFSD6L,ENSG00000185156,gencode
LRRC37B,ENSG00000185158,gencode
DDX51,ENSG00000185163,gencode
AQP12B,ENSG00000185176,gencode
ZNF479,ENSG00000185177,gencode
SIGIRR,ENSG00000185187,gencode
NRBP2,ENSG00000185189,gencode
PRSS57,ENSG00000185198,gencode
IFITM2,ENSG00000185201,gencode
TNFAIP2,ENSG00000185215,gencode
ZNF445,ENSG00000185219,gencode
PGBD2,ENSG00000185220,gencode
TCEAL9,ENSG00000185222,gencode
MC2R,ENSG00000185231,gencode
RAB11B,ENSG00000185236,gencode
PRMT3,ENSG00000185238,gencode
PRPF39,ENSG00000185246,gencode
MAGEA11,ENSG00000185247,gencode
PPIL6,ENSG00000185250,gencode
ZNF74,ENSG00000185252,gencode
KIAA0825,ENSG00000185261,gencode
UBALD2,ENSG00000185262,gencode
TEX33,ENSG00000185264,gencode
CDNF,ENSG00000185267,gencode
NOTUM,ENSG00000185269,gencode
KLHL33,ENSG00000185271,gencode
RBM11,ENSG00000185272,gencode
GALNT17,ENSG00000185274,gencode
ZBTB37,ENSG00000185278,gencode
NUPR2,ENSG00000185290,gencode
IL3RA,ENSG00000185291,gencode
SPPL2C,ENSG00000185294,gencode
CCDC137,ENSG00000185298,gencode
SFTPA2,ENSG00000185303,gencode
RGPD2,ENSG00000185304,gencode
ARL15,ENSG00000185305,gencode
C12orf56,ENSG00000185306,gencode
SCN10A,ENSG00000185313,gencode
SOCS1,ENSG00000185338,gencode
TCN2,ENSG00000185339,gencode
GAS2L1,ENSG00000185340,gencode
ATP6V0A2,ENSG00000185344,gencode
PRKN,ENSG00000185345,gencode
TEDC1,ENSG00000185347,gencode
HS6ST3,ENSG00000185352,gencode
HGS,ENSG00000185359,gencode
TNFAIP8L1,ENSG00000185361,gencode
OR2V1,ENSG00000185372,gencode
RAD51D,ENSG00000185379,gencode
OR7A17,ENSG00000185385,gencode
MAPK11,ENSG00000185386,gencode
SP140L,ENSG00000185404,gencode
TARSL2,ENSG00000185418,gencode
SMYD3,ENSG00000185420,gencode
METTL7A,ENSG00000185432,gencode
IFNLR1,ENSG00000185436,gencode
SH3BGR,ENSG00000185437,gencode
FAM174B,ENSG00000185442,gencode
FAM47A,ENSG00000185448,gencode
ZSWIM9,ENSG00000185453,gencode
KPNA7,ENSG00000185467,gencode
TMEM179B,ENSG00000185475,gencode
GPRIN3,ENSG00000185477,gencode
KRT6B,ENSG00000185479,gencode
PARPBP,ENSG00000185480,gencode
STAC3,ENSG00000185482,gencode
ROR1,ENSG00000185483,gencode
MUC1,ENSG00000185499,gencode
FAAP100,ENSG00000185504,gencode
IRF7,ENSG00000185507,gencode
L3MBTL1,ENSG00000185513,gencode
BRCC3,ENSG00000185515,gencode
SV2B,ENSG00000185518,gencode
FAM131C,ENSG00000185519,gencode
LMNTD2,ENSG00000185522,gencode
SPATA45,ENSG00000185523,gencode
PDE6G,ENSG00000185527,gencode
PRKG1,ENSG00000185532,gencode
NR2F2,ENSG00000185551,gencode
DLK1,ENSG00000185559,gencode
TLCD2,ENSG00000185561,gencode
LSAMP,ENSG00000185565,gencode
AHNAK2,ENSG00000185567,gencode
OLFML2A,ENSG00000185585,gencode
SP1,ENSG00000185591,gencode
SPATA8,ENSG00000185594,gencode
DBX2,ENSG00000185610,gencode
INKA1,ENSG00000185614,gencode
PDIA2,ENSG00000185615,gencode
PCGF3,ENSG00000185619,gencode
LMLN,ENSG00000185621,gencode
P4HB,ENSG00000185624,gencode
PSMD13,ENSG00000185627,gencode
PBX1,ENSG00000185630,gencode
NDUFA4L2,ENSG00000185633,gencode
SHC4,ENSG00000185634,gencode
KRT79,ENSG00000185640,gencode
ZFP36L1,ENSG00000185650,gencode
UBE2L3,ENSG00000185651,gencode
NTF3,ENSG00000185652,gencode
BRWD1,ENSG00000185658,gencode
SMIM23,ENSG00000185662,gencode
PMEL,ENSG00000185664,gencode
SYN3,ENSG00000185666,gencode
POU3F1,ENSG00000185668,gencode
SNAI3,ENSG00000185669,gencode
ZBTB3,ENSG00000185670,gencode
MORN5,ENSG00000185681,gencode
PRAME,ENSG00000185686,gencode
C6orf201,ENSG00000185689,gencode
MYBL1,ENSG00000185697,gencode
MOSMO,ENSG00000185716,gencode
DRG1,ENSG00000185721,gencode
ANKFY1,ENSG00000185722,gencode
YTHDF3,ENSG00000185728,gencode
ZNF696,ENSG00000185730,gencode
ADARB2,ENSG00000185736,gencode
NRG3,ENSG00000185737,gencode
SRL,ENSG00000185739,gencode
C11orf87,ENSG00000185742,gencode
IFIT1,ENSG00000185745,gencode
CXorf38,ENSG00000185753,gencode
CLDN24,ENSG00000185758,gencode
KCNQ5,ENSG00000185760,gencode
ADAMTSL5,ENSG00000185761,gencode
SPATA31A6,ENSG00000185775,gencode
MORF4L1,ENSG00000185787,gencode
NLRP9,ENSG00000185792,gencode
WDR53,ENSG00000185798,gencode
DMWD,ENSG00000185800,gencode
SLC52A2,ENSG00000185803,gencode
PIGP,ENSG00000185808,gencode
IKZF1,ENSG00000185811,gencode
PCYT2,ENSG00000185813,gencode
NAT8L,ENSG00000185818,gencode
OR6C76,ENSG00000185821,gencode
NPAP1,ENSG00000185823,gencode
BCAP31,ENSG00000185825,gencode
ARL17A,ENSG00000185829,gencode
GNB1L,ENSG00000185838,gencode
DNAH14,ENSG00000185842,gencode
CCDC190,ENSG00000185860,gencode
EVI2B,ENSG00000185862,gencode
TMEM210,ENSG00000185863,gencode
ZNF829,ENSG00000185869,gencode
TMPRSS11B,ENSG00000185873,gencode
THNSL1,ENSG00000185875,gencode
TRIM69,ENSG00000185880,gencode
ATP6V0C,ENSG00000185883,gencode
IFITM1,ENSG00000185885,gencode
PRSS38,ENSG00000185888,gencode
LAMP1,ENSG00000185896,gencode
FFAR3,ENSG00000185897,gencode
C16orf54,ENSG00000185905,gencode
KLHDC8B,ENSG00000185909,gencode
KLHL34,ENSG00000185915,gencode
SETD4,ENSG00000185917,gencode
PTCH1,ENSG00000185920,gencode
RTN4RL1,ENSG00000185924,gencode
OR4C46,ENSG00000185926,gencode
CALHM1,ENSG00000185933,gencode
KRTAP5-5,ENSG00000185940,gencode
NKAIN3,ENSG00000185942,gencode
RNPC3,ENSG00000185946,gencode
ZNF267,ENSG00000185947,gencode
IRS2,ENSG00000185950,gencode
C7orf61,ENSG00000185955,gencode
FAM186A,ENSG00000185958,gencode
SHOX,ENSG00000185960,gencode
LCE3A,ENSG00000185962,gencode
BICD2,ENSG00000185963,gencode
LCE3E,ENSG00000185966,gencode
CCIN,ENSG00000185972,gencode
TMLHE,ENSG00000185973,gencode
GRK1,ENSG00000185974,gencode
DEFB128,ENSG00000185982,gencode
SLITRK2,ENSG00000185985,gencode
PLK5,ENSG00000185988,gencode
RASA3,ENSG00000185989,gencode
LRCH3,ENSG00000186001,gencode
LEMD1,ENSG00000186007,gencode
ATP4B,ENSG00000186009,gencode
NDUFA13,ENSG00000186010,gencode
ZNF566,ENSG00000186017,gencode
ZNF529,ENSG00000186020,gencode
ZNF284,ENSG00000186026,gencode
HTR3E,ENSG00000186038,gencode
DLEU7,ENSG00000186047,gencode
KRT73,ENSG00000186049,gencode
TAL2,ENSG00000186051,gencode
AIDA,ENSG00000186063,gencode
C15orf41,ENSG00000186073,gencode
CD300LF,ENSG00000186074,gencode
ZPBP2,ENSG00000186075,gencode
KRT5,ENSG00000186081,gencode
GSAP,ENSG00000186088,gencode
HTR3D,ENSG00000186090,gencode
OR4F5,ENSG00000186092,gencode
AGBL4,ENSG00000186094,gencode
ARGFX,ENSG00000186103,gencode
CYP2R1,ENSG00000186104,gencode
LRRC70,ENSG00000186105,gencode
ANKRD46,ENSG00000186106,gencode
PIP5K1C,ENSG00000186111,gencode
OR5D14,ENSG00000186113,gencode
CYP4F2,ENSG00000186115,gencode
TEX38,ENSG00000186118,gencode
OR5D18,ENSG00000186119,gencode
ZBTB6,ENSG00000186130,gencode
C2orf76,ENSG00000186132,gencode
TAS2R42,ENSG00000186136,gencode
POLR3C,ENSG00000186141,gencode
PRR30,ENSG00000186143,gencode
DEFB131A,ENSG00000186146,gencode
UBL4B,ENSG00000186150,gencode
WWOX,ENSG00000186153,gencode
CYP4Z1,ENSG00000186160,gencode
CCDC84,ENSG00000186166,gencode
BCL9L,ENSG00000186174,gencode
POLR1D,ENSG00000186184,gencode
KIF18B,ENSG00000186185,gencode
ZNRF1,ENSG00000186187,gencode
FFAR4,ENSG00000186188,gencode
BPIFB3,ENSG00000186190,gencode
BPIFB4,ENSG00000186191,gencode
SAPCD2,ENSG00000186193,gencode
EDARADD,ENSG00000186197,gencode
SLC51B,ENSG00000186198,gencode
CYP4F12,ENSG00000186204,gencode
MARC1,ENSG00000186205,gencode
LCE5A,ENSG00000186207,gencode
SOWAHB,ENSG00000186212,gencode
BLOC1S4,ENSG00000186222,gencode
KLHL32,ENSG00000186231,gencode
MRTFB,ENSG00000186260,gencode
BTLA,ENSG00000186265,gencode
ZNF17,ENSG00000186272,gencode
KDM4D,ENSG00000186280,gencode
GPAT2,ENSG00000186281,gencode
TOR3A,ENSG00000186283,gencode
PABPC1L2A,ENSG00000186288,gencode
GABRA5,ENSG00000186297,gencode
PPP1CC,ENSG00000186298,gencode
ZNF555,ENSG00000186300,gencode
OR10T2,ENSG00000186306,gencode
NAP1L3,ENSG00000186310,gencode
PRELID2,ENSG00000186314,gencode
BACE1,ENSG00000186318,gencode
RGS9BP,ENSG00000186326,gencode
TMEM212,ENSG00000186329,gencode
SLC36A3,ENSG00000186334,gencode
SLC36A2,ENSG00000186335,gencode
THBS2,ENSG00000186340,gencode
RXRA,ENSG00000186350,gencode
ANKRD37,ENSG00000186352,gencode
NUDT17,ENSG00000186364,gencode
MINAR2,ENSG00000186367,gencode
ZNF75D,ENSG00000186376,gencode
CYP4X1,ENSG00000186377,gencode
KRT26,ENSG00000186393,gencode
KRT10,ENSG00000186395,gencode
GOLGA8R,ENSG00000186399,gencode
CD300E,ENSG00000186407,gencode
CCDC30,ENSG00000186409,gencode
NKRF,ENSG00000186416,gencode
GLDN,ENSG00000186417,gencode
FCAR,ENSG00000186431,gencode
KPNA4,ENSG00000186432,gencode
TRDN,ENSG00000186439,gencode
OR6P1,ENSG00000186440,gencode
KRT3,ENSG00000186442,gencode
ZNF501,ENSG00000186446,gencode
ZNF197,ENSG00000186448,gencode
SPATA12,ENSG00000186451,gencode
TMPRSS12,ENSG00000186452,gencode
FAM228A,ENSG00000186453,gencode
DEFB132,ENSG00000186458,gencode
NAP1L2,ENSG00000186462,gencode
GNG2,ENSG00000186469,gencode
BTN3A2,ENSG00000186470,gencode
AKAP14,ENSG00000186471,gencode
PCLO,ENSG00000186472,gencode
KLK12,ENSG00000186474,gencode
RGS7BP,ENSG00000186479,gencode
INSIG1,ENSG00000186480,gencode
ZNF396,ENSG00000186496,gencode
TMEM222,ENSG00000186501,gencode
OR9Q1,ENSG00000186509,gencode
CLCNKA,ENSG00000186510,gencode
OR9Q2,ENSG00000186513,gencode
ARHGAP30,ENSG00000186517,gencode
SEPTIN10,ENSG00000186522,gencode
FAM86B1,ENSG00000186523,gencode
CYP4F8,ENSG00000186526,gencode
CYP4F3,ENSG00000186529,gencode
SMYD4,ENSG00000186532,gencode
FOXD2,ENSG00000186564,gencode
GPATCH8,ENSG00000186566,gencode
CEACAM19,ENSG00000186567,gencode
NF2,ENSG00000186575,gencode
SMIM29,ENSG00000186577,gencode
SPATC1,ENSG00000186583,gencode
UBE2H,ENSG00000186591,gencode
HPDL,ENSG00000186603,gencode
KATNA1,ENSG00000186625,gencode
FSD2,ENSG00000186628,gencode
ARAP1,ENSG00000186635,gencode
KIF24,ENSG00000186638,gencode
PDE2A,ENSG00000186642,gencode
CARMIL3,ENSG00000186648,gencode
PRG2,ENSG00000186652,gencode
PRR5,ENSG00000186654,gencode
ZFP91,ENSG00000186660,gencode
C17orf58,ENSG00000186665,gencode
BCDIN3D,ENSG00000186666,gencode
MAGEE2,ENSG00000186675,gencode
CYP27C1,ENSG00000186684,gencode
LYRM7,ENSG00000186687,gencode
CFAP73,ENSG00000186710,gencode
CCDC73,ENSG00000186714,gencode
BCR,ENSG00000186716,gencode
OR10H1,ENSG00000186723,gencode
MPPED1,ENSG00000186732,gencode
FOXI2,ENSG00000186766,gencode
SPIN4,ENSG00000186767,gencode
ZNF732,ENSG00000186777,gencode
SPIN2B,ENSG00000186787,gencode
SPATA31D3,ENSG00000186788,gencode
FOXE3,ENSG00000186790,gencode
HYAL3,ENSG00000186792,gencode
KCNK18,ENSG00000186795,gencode
IFNA10,ENSG00000186803,gencode
VSIG10L,ENSG00000186806,gencode
CXCR3,ENSG00000186810,gencode
ZNF397,ENSG00000186812,gencode
ZSCAN30,ENSG00000186814,gencode
TPCN1,ENSG00000186815,gencode
LILRB4,ENSG00000186818,gencode
TNFRSF4,ENSG00000186827,gencode
KRT16,ENSG00000186832,gencode
HEXIM1,ENSG00000186834,gencode
SELENOV,ENSG00000186838,gencode
LCE1A,ENSG00000186844,gencode
KRT14,ENSG00000186847,gencode
TRABD2A,ENSG00000186854,gencode
KRTAP17-1,ENSG00000186860,gencode
PDZD7,ENSG00000186862,gencode
POFUT2,ENSG00000186866,gencode
QRFPR,ENSG00000186867,gencode
MAPT,ENSG00000186868,gencode
ERCC6L,ENSG00000186871,gencode
OR13F1,ENSG00000186881,gencode
OR5D3P,ENSG00000186886,gencode
TMEM17,ENSG00000186889,gencode
TNFRSF18,ENSG00000186891,gencode
FGF3,ENSG00000186895,gencode
C1QL4,ENSG00000186897,gencode
RTN4RL2,ENSG00000186907,gencode
ZDHHC17,ENSG00000186908,gencode
SERPINA11,ENSG00000186910,gencode
ZNF395,ENSG00000186918,gencode
ZACN,ENSG00000186919,gencode
KRTAP22-1,ENSG00000186924,gencode
KRTAP19-6,ENSG00000186925,gencode
KRTAP6-2,ENSG00000186930,gencode
OR13C8,ENSG00000186943,gencode
PPARA,ENSG00000186951,gencode
TMEM232,ENSG00000186952,gencode
KRTAP19-2,ENSG00000186965,gencode
KRTAP19-4,ENSG00000186967,gencode
KRTAP15-1,ENSG00000186970,gencode
KRTAP13-4,ENSG00000186971,gencode
FAM183A,ENSG00000186973,gencode
EFCAB6,ENSG00000186976,gencode
KRTAP19-5,ENSG00000186977,gencode
KRTAP23-1,ENSG00000186980,gencode
KANK3,ENSG00000186994,gencode
EMID1,ENSG00000186998,gencode
ACTL7A,ENSG00000187003,gencode
KRTAP21-1,ENSG00000187005,gencode
RHD,ENSG00000187010,gencode
ESPN,ENSG00000187017,gencode
PNLIPRP1,ENSG00000187021,gencode
PTRH1,ENSG00000187024,gencode
KRTAP21-2,ENSG00000187026,gencode
SAMD7,ENSG00000187033,gencode
GPR141,ENSG00000187037,gencode
TMPRSS6,ENSG00000187045,gencode
CYP4A11,ENSG00000187048,gencode
TMEM216,ENSG00000187049,gencode
TMPRSS11A,ENSG00000187054,gencode
TMEM262,ENSG00000187066,gencode
C3orf70,ENSG00000187068,gencode
TEAD1,ENSG00000187079,gencode
OR2AK2,ENSG00000187080,gencode
PLCD1,ENSG00000187091,gencode
CCK,ENSG00000187094,gencode
ENTPD5,ENSG00000187097,gencode
MITF,ENSG00000187098,gencode
HEATR4,ENSG00000187105,gencode
LILRA5,ENSG00000187116,gencode
CMC1,ENSG00000187118,gencode
SLIT1,ENSG00000187122,gencode
LYPD6,ENSG00000187123,gencode
AKR1C1,ENSG00000187134,gencode
VSTM2B,ENSG00000187135,gencode
FOXD3,ENSG00000187140,gencode
SPATA21,ENSG00000187144,gencode
RNF220,ENSG00000187147,gencode
ANGPTL5,ENSG00000187151,gencode
SHTN1,ENSG00000187164,gencode
H1FNT,ENSG00000187166,gencode
LCE4A,ENSG00000187170,gencode
LCE2A,ENSG00000187173,gencode
KRTAP12-1,ENSG00000187175,gencode
LCE2C,ENSG00000187180,gencode
AL162231.1,ENSG00000187186,gencode
ZNF546,ENSG00000187187,gencode
TSPYL4,ENSG00000187189,gencode
MT1X,ENSG00000187193,gencode
GCNT1,ENSG00000187210,gencode
LCE2D,ENSG00000187223,gencode
SESTD1,ENSG00000187231,gencode
LCE3B,ENSG00000187238,gencode
FNBP1,ENSG00000187239,gencode
DYNC2H1,ENSG00000187240,gencode
KRT12,ENSG00000187242,gencode
BCAM,ENSG00000187244,gencode
RSBN1L,ENSG00000187257,gencode
NPSR1,ENSG00000187258,gencode
WDR86,ENSG00000187260,gencode
FAM9C,ENSG00000187268,gencode
KRTAP9-8,ENSG00000187272,gencode
CIDEC,ENSG00000187288,gencode
DCC,ENSG00000187323,gencode
TAF9B,ENSG00000187325,gencode
PCDHB13,ENSG00000187372,gencode
MAGI2,ENSG00000187391,gencode
LUZP2,ENSG00000187398,gencode
LHFPL3,ENSG00000187416,gencode
CHP1,ENSG00000187446,gencode
FPR3,ENSG00000187474,gencode
C11orf96,ENSG00000187479,gencode
KCNJ11,ENSG00000187486,gencode
CDHR4,ENSG00000187492,gencode
COL4A1,ENSG00000187498,gencode
C12orf74,ENSG00000187510,gencode
GJA4,ENSG00000187513,gencode
HYPM,ENSG00000187516,gencode
HSPA14,ENSG00000284024,reference_var
ATP13A5,ENSG00000187527,gencode
SIRT7,ENSG00000187531,gencode
PRR27,ENSG00000187533,gencode
IFT140,ENSG00000187535,gencode
PRAMEF10,ENSG00000187545,gencode
AGMO,ENSG00000187546,gencode
SBK2,ENSG00000187550,gencode
CYP26C1,ENSG00000187553,gencode
TLR5,ENSG00000187554,gencode
USP7,ENSG00000187555,gencode
NANOS3,ENSG00000187556,gencode
FOXD4L3,ENSG00000187559,gencode
NHLRC1,ENSG00000187566,gencode
DPPA3,ENSG00000187569,gencode
COX8C,ENSG00000187581,gencode
PLEKHN1,ENSG00000187583,gencode
ZNF385C,ENSG00000187595,gencode
MAGEH1,ENSG00000187601,gencode
TET3,ENSG00000187605,gencode
ZNF286A,ENSG00000187607,gencode
ISG15,ENSG00000187608,gencode
EXD3,ENSG00000187609,gencode
OR5W2,ENSG00000187612,gencode
MYMK,ENSG00000187616,gencode
C17orf97,ENSG00000187624,gencode
ZKSCAN4,ENSG00000187626,gencode
DHRS4L2,ENSG00000187630,gencode
SAMD11,ENSG00000187634,gencode
PERM1,ENSG00000187642,gencode
VMAC,ENSG00000187650,gencode
C5orf52,ENSG00000187658,gencode
HAPLN4,ENSG00000187664,gencode
ERC2,ENSG00000187672,gencode
B3GLCT,ENSG00000187676,gencode
SPRY4,ENSG00000187678,gencode
ERAS,ENSG00000187682,gencode
TRPV2,ENSG00000187688,gencode
AMTN,ENSG00000187689,gencode
EZHIP,ENSG00000187690,gencode
C2orf88,ENSG00000187699,gencode
OR2T27,ENSG00000187701,gencode
TMEM203,ENSG00000187713,gencode
SLC18A3,ENSG00000187714,gencode
KBTBD12,ENSG00000187715,gencode
THSD4,ENSG00000187720,gencode
DNAJB13,ENSG00000187726,gencode
GABRD,ENSG00000187730,gencode
NHEJ1,ENSG00000187736,gencode
FANCA,ENSG00000187741,gencode
SECISBP2,ENSG00000187742,gencode
OR52B6,ENSG00000187747,gencode
C9orf153,ENSG00000187753,gencode
SSX7,ENSG00000187754,gencode
ADH1A,ENSG00000187758,gencode
SEMA4D,ENSG00000187764,gencode
KRTAP10-8,ENSG00000187766,gencode
LIN28B,ENSG00000187772,gencode
DIPK1C,ENSG00000187773,gencode
DNAH17,ENSG00000187775,gencode
MCRS1,ENSG00000187778,gencode
TMEM72,ENSG00000187783,gencode
FANCM,ENSG00000187790,gencode
FAM205C,ENSG00000187791,gencode
ZNF70,ENSG00000187792,gencode
CARD9,ENSG00000187796,gencode
PEAR1,ENSG00000187800,gencode
ZFP69B,ENSG00000187801,gencode
TMEM202,ENSG00000187806,gencode
SOWAHD,ENSG00000187808,gencode
ZFP69,ENSG00000187815,gencode
HELT,ENSG00000187821,gencode
RTL4,ENSG00000187823,gencode
TMEM220,ENSG00000187824,gencode
C2orf78,ENSG00000187833,gencode
HIST1H1C,ENSG00000187837,gencode
PLSCR3,ENSG00000187838,gencode
EIF4EBP1,ENSG00000187840,gencode
P2RX2,ENSG00000187848,gencode
ASCL4,ENSG00000187855,gencode
OR6C75,ENSG00000187857,gencode
CCDC157,ENSG00000187860,gencode
TTC24,ENSG00000187862,gencode
FAM122A,ENSG00000187866,gencode
PALM3,ENSG00000187867,gencode
GFRAL,ENSG00000187871,gencode
FYB2,ENSG00000187889,gencode
SHISA7,ENSG00000187902,gencode
LRRC74B,ENSG00000187905,gencode
DMBT1,ENSG00000187908,gencode
CLEC17A,ENSG00000187912,gencode
LCN10,ENSG00000187922,gencode
C2orf66,ENSG00000187944,gencode
OVCH1,ENSG00000187950,gencode
CYHR1,ENSG00000187954,gencode
COL14A1,ENSG00000187955,gencode
DNER,ENSG00000187957,gencode
CPSF4L,ENSG00000187959,gencode
KLHL17,ENSG00000187961,gencode
ZCCHC13,ENSG00000187969,gencode
PLA2G2C,ENSG00000187980,gencode
ZSCAN23,ENSG00000187987,gencode
RINL,ENSG00000187994,gencode
C17orf99,ENSG00000187997,gencode
OR7D2,ENSG00000188000,gencode
TPRG1,ENSG00000188001,gencode
MORN2,ENSG00000188010,gencode
RTP5,ENSG00000188011,gencode
S100A3,ENSG00000188015,gencode
UBQLN2,ENSG00000188021,gencode
RILPL1,ENSG00000188026,gencode
C19orf67,ENSG00000188032,gencode
ZNF490,ENSG00000188033,gencode
CLCN1,ENSG00000188037,gencode
NRN1L,ENSG00000188038,gencode
NWD1,ENSG00000188039,gencode
ARL4C,ENSG00000188042,gencode
RNF133,ENSG00000188050,gencode
TMEM221,ENSG00000188051,gencode
TREML4,ENSG00000188056,gencode
RAB42,ENSG00000188060,gencode
WNT7B,ENSG00000188064,gencode
C11orf95,ENSG00000188070,gencode
SCGB1C1,ENSG00000188076,gencode
PRSS45P,ENSG00000188086,gencode
PLA2G4E,ENSG00000188089,gencode
GPR89B,ENSG00000188092,gencode
MESP2,ENSG00000188095,gencode
FAM25A,ENSG00000188100,gencode
EYS,ENSG00000188107,gencode
C6orf132,ENSG00000188112,gencode
OR2AG2,ENSG00000188124,gencode
MAPK12,ENSG00000188130,gencode
TMEM215,ENSG00000188133,gencode
NUTM2G,ENSG00000188152,gencode
COL4A5,ENSG00000188153,gencode
KRTAP10-6,ENSG00000188155,gencode
AGRN,ENSG00000188157,gencode
NHS,ENSG00000188158,gencode
OTOG,ENSG00000188162,gencode
FAM166A,ENSG00000188163,gencode
TMPPE,ENSG00000188167,gencode
ZNF626,ENSG00000188171,gencode
HEPACAM2,ENSG00000188175,gencode
SMTNL2,ENSG00000188176,gencode
ZC3H6,ENSG00000188177,gencode
LAMTOR4,ENSG00000188186,gencode
PRKAR1B,ENSG00000188191,gencode
NUTM2B,ENSG00000188199,gencode
NCR3LG1,ENSG00000188211,gencode
DCUN1D3,ENSG00000188215,gencode
POTEE,ENSG00000188219,gencode
ZNF793,ENSG00000188227,gencode
TUBB4B,ENSG00000188229,gencode
AGAP4,ENSG00000188234,gencode
COMMD6,ENSG00000188243,gencode
PLA2G2A,ENSG00000188257,gencode
IL17REL,ENSG00000188263,gencode
HYKK,ENSG00000188266,gencode
OR7A5,ENSG00000188269,gencode
C15orf62,ENSG00000188277,gencode
RUFY4,ENSG00000188282,gencode
ZNF383,ENSG00000188283,gencode
HES4,ENSG00000188290,gencode
IGFL1,ENSG00000188293,gencode
ZNF669,ENSG00000188295,gencode
PEAK3,ENSG00000188305,gencode
LRRIQ4,ENSG00000188306,gencode
CENPP,ENSG00000188312,gencode
PLSCR1,ENSG00000188313,gencode
C3orf62,ENSG00000188315,gencode
ENO4,ENSG00000188316,gencode
ZNF559,ENSG00000188321,gencode
SBK1,ENSG00000188322,gencode
OR6C6,ENSG00000188324,gencode
BSPH1,ENSG00000188334,gencode
SLC38A3,ENSG00000188338,gencode
OR6N2,ENSG00000188340,gencode
GTF2F2,ENSG00000188342,gencode
FAM92A,ENSG00000188343,gencode
FOCAD,ENSG00000188352,gencode
PRR19,ENSG00000188368,gencode
ZP3,ENSG00000188372,gencode
C10orf99,ENSG00000188373,gencode
H3F3C,ENSG00000188375,gencode
IFNA2,ENSG00000188379,gencode
JAKMIP3,ENSG00000188385,gencode
PPP3R2,ENSG00000188386,gencode
PDCD1,ENSG00000188389,gencode
CLEC2A,ENSG00000188393,gencode
TCTEX1D4,ENSG00000188396,gencode
SELL,ENSG00000188404,gencode
MAGEB5,ENSG00000188408,gencode
CHM,ENSG00000188419,gencode
NANOS2,ENSG00000188425,gencode
BLOC1S5,ENSG00000188428,gencode
CERKL,ENSG00000188452,gencode
IER5L,ENSG00000188483,gencode
H2AFX,ENSG00000188486,gencode
INSC,ENSG00000188487,gencode
SERPINA5,ENSG00000188488,gencode
C19orf54,ENSG00000188493,gencode
NCCRP1,ENSG00000188505,gencode
KRTDAP,ENSG00000188508,gencode
COL25A1,ENSG00000188517,gencode
FAM83G,ENSG00000188522,gencode
CFAP77,ENSG00000188523,gencode
SRSF10,ENSG00000188529,gencode
HBA2,ENSG00000188536,gencode
DUSP28,ENSG00000188542,gencode
CCDC9B,ENSG00000188549,gencode
NBR1,ENSG00000188554,gencode
OR2G6,ENSG00000188558,gencode
RALGAPA2,ENSG00000188559,gencode
NDOR1,ENSG00000188566,gencode
FBLL1,ENSG00000188573,gencode
NKAIN2,ENSG00000188580,gencode
KRTAP1-1,ENSG00000188581,gencode
PAQR9,ENSG00000188582,gencode
CLEC20A,ENSG00000188585,gencode
CFAP54,ENSG00000188596,gencode
CLN3,ENSG00000188603,gencode
FAM72B,ENSG00000188610,gencode
ASAH2,ENSG00000188611,gencode
SUMO2,ENSG00000188612,gencode
NANOS1,ENSG00000188613,gencode
HMX3,ENSG00000188620,gencode
IGFL3,ENSG00000188624,gencode
GOLGA8M,ENSG00000188626,reference_var
ZNF177,ENSG00000188629,gencode
RTL6,ENSG00000188636,gencode
DPYD,ENSG00000188641,gencode
S100A16,ENSG00000188643,gencode
PTAR1,ENSG00000188647,gencode
CC2D2B,ENSG00000188649,gencode
RNASE9,ENSG00000188655,gencode
SAXO2,ENSG00000188659,gencode
RHCE,ENSG00000188672,gencode
C2orf80,ENSG00000188674,gencode
IDO2,ENSG00000188676,gencode
PARVB,ENSG00000188677,gencode
SLC4A5,ENSG00000188687,gencode
UROS,ENSG00000188690,gencode
OR56A5,ENSG00000188691,gencode
KRTAP24-1,ENSG00000188694,gencode
ZDHHC9,ENSG00000188706,gencode
ZBED6CL,ENSG00000188707,gencode
QRFP,ENSG00000188710,gencode
DUPD1,ENSG00000188716,gencode
SMIM15,ENSG00000188725,gencode
OSTN,ENSG00000188729,gencode
VWC2,ENSG00000188730,gencode
FAM221A,ENSG00000188732,gencode
TMEM120B,ENSG00000188735,gencode
FSIP2,ENSG00000188738,gencode
RBM34,ENSG00000188739,gencode
NOXA1,ENSG00000188747,gencode
TMEM198,ENSG00000188760,gencode
BCL2L15,ENSG00000188761,gencode
FZD9,ENSG00000188763,gencode
SPRED3,ENSG00000188766,gencode
OPTC,ENSG00000188770,gencode
PLET1,ENSG00000188771,gencode
ADRB3,ENSG00000188778,gencode
SKOR1,ENSG00000188779,gencode
CATSPER4,ENSG00000188782,gencode
PRELP,ENSG00000188783,gencode
PLA2G2E,ENSG00000188784,gencode
ZNF548,ENSG00000188785,gencode
MTF1,ENSG00000188786,gencode
TMCO2,ENSG00000188800,gencode
SHISA6,ENSG00000188803,gencode
TMEM201,ENSG00000188807,gencode
NHLRC3,ENSG00000188811,gencode
HMX2,ENSG00000188816,gencode
SNTN,ENSG00000188817,gencode
ZDHHC11,ENSG00000188818,gencode
CALHM6,ENSG00000188820,gencode
CNR2,ENSG00000188822,gencode
SLX4,ENSG00000188827,gencode
GLRA4,ENSG00000188828,gencode
ENTPD8,ENSG00000188833,gencode
BEND4,ENSG00000188848,gencode
FAM78B,ENSG00000188859,gencode
ZNF563,ENSG00000188868,gencode
TMC3,ENSG00000188869,gencode
FBF1,ENSG00000188878,gencode
KLRG2,ENSG00000188883,gencode
ASTL,ENSG00000188886,gencode
MSL1,ENSG00000188895,gencode
AC099489.1,ENSG00000188897,gencode
LRRK2,ENSG00000188906,gencode
BSX,ENSG00000188909,gencode
GJB3,ENSG00000188910,gencode
INSYN2A,ENSG00000188916,gencode
TRMT2B,ENSG00000188917,gencode
HACD4,ENSG00000188921,gencode
CFAP126,ENSG00000188931,gencode
NYX,ENSG00000188937,gencode
FAM120AOS,ENSG00000188938,gencode
UTS2B,ENSG00000188958,gencode
C9orf152,ENSG00000188959,gencode
NOC2L,ENSG00000188976,gencode
MSANTD1,ENSG00000188981,gencode
AADACL3,ENSG00000188984,gencode
NELFB,ENSG00000188986,gencode
SLC15A5,ENSG00000188991,gencode
LIPI,ENSG00000188992,gencode
LRRC66,ENSG00000188993,gencode
ZNF292,ENSG00000188994,gencode
HUS1B,ENSG00000188996,gencode
KCTD21,ENSG00000188997,gencode
SBSN,ENSG00000189001,gencode
ADAT2,ENSG00000189007,gencode
KIR2DL4,ENSG00000189013,gencode
MAGEB16,ENSG00000189023,gencode
VHLL,ENSG00000189030,gencode
DUSP21,ENSG00000189037,gencode
ZNF567,ENSG00000189042,gencode
NDUFA4,ENSG00000189043,gencode
ANKDD1B,ENSG00000189045,gencode
ALKBH2,ENSG00000189046,gencode
RNFT1,ENSG00000189050,gencode
CGB5,ENSG00000189052,gencode
RELN,ENSG00000189056,gencode
FAM111B,ENSG00000189057,gencode
APOD,ENSG00000189058,gencode
H1F0,ENSG00000189060,gencode
LITAF,ENSG00000189067,gencode
VSTM1,ENSG00000189068,gencode
TMEM120A,ENSG00000189077,gencode
ARID2,ENSG00000189079,gencode
SF3B3,ENSG00000189091,gencode
PRSS48,ENSG00000189099,gencode
IL1RAPL2,ENSG00000189108,gencode
BLOC1S3,ENSG00000189114,gencode
SP6,ENSG00000189120,gencode
ANKRD34B,ENSG00000189127,gencode
PLAC9,ENSG00000189129,gencode
FAM47B,ENSG00000189132,gencode
NKAPL,ENSG00000189134,gencode
FSCB,ENSG00000189139,gencode
CLDN4,ENSG00000189143,gencode
ZNF573,ENSG00000189144,gencode
FAM47E,ENSG00000189157,gencode
JPT1,ENSG00000189159,gencode
ZNF527,ENSG00000189164,gencode
ZAR1L,ENSG00000189167,gencode
KRTAP10-12,ENSG00000189169,gencode
S100A13,ENSG00000189171,gencode
ZNF33A,ENSG00000189180,gencode
OR14I1,ENSG00000189181,gencode
KRT77,ENSG00000189182,gencode
PCDH18,ENSG00000189184,gencode
DCAF8L2,ENSG00000189186,gencode
ZNF600,ENSG00000189190,gencode
BTBD8,ENSG00000189195,gencode
MAOA,ENSG00000189221,gencode
C15orf61,ENSG00000189227,gencode
NUGGC,ENSG00000189233,gencode
TSPYL1,ENSG00000189241,gencode
SPANXN3,ENSG00000189252,gencode
TRIM64B,ENSG00000189253,gencode
PNRC2,ENSG00000189266,gencode
DRICH1,ENSG00000189269,gencode
GJB5,ENSG00000189280,gencode
FHIT,ENSG00000189283,gencode
ALKAL2,ENSG00000189292,gencode
ZKSCAN3,ENSG00000189298,gencode
FOXR2,ENSG00000189299,gencode
RRP7A,ENSG00000189306,gencode
LIN54,ENSG00000189308,gencode
FAM53B,ENSG00000189319,gencode
FAM180A,ENSG00000189320,gencode
BNIP5,ENSG00000189325,gencode
SPANXN4,ENSG00000189326,gencode
S100A14,ENSG00000189334,gencode
KAZN,ENSG00000189337,gencode
SLC35E2B,ENSG00000189339,gencode
TOGARAM2,ENSG00000189350,gencode
SPATA31D4,ENSG00000189357,gencode
NEMP2,ENSG00000189362,gencode
ALG1L,ENSG00000189366,gencode
KIAA0408,ENSG00000189367,gencode
GSPT2,ENSG00000189369,gencode
TBC1D28,ENSG00000189375,gencode
C8orf76,ENSG00000189376,gencode
CXCL17,ENSG00000189377,gencode
OTUD6A,ENSG00000189401,gencode
MMP23B,ENSG00000189409,gencode
SH2D5,ENSG00000189410,gencode
ZFP92,ENSG00000189420,gencode
NCR1,ENSG00000189430,gencode
RASSF10,ENSG00000189431,gencode
GJB4,ENSG00000189433,gencode
OR2L13,ENSG00000196071,gencode
BLOC1S2,ENSG00000196072,gencode
SYCP2,ENSG00000196074,gencode
ZNF724,ENSG00000196081,gencode
IL1RAP,ENSG00000196083,gencode
PTPRT,ENSG00000196090,gencode
MYBPC1,ENSG00000196091,gencode
PAX5,ENSG00000196092,gencode
OR5K4,ENSG00000196098,gencode
OR6M1,ENSG00000196099,gencode
SPOCK3,ENSG00000196104,gencode
ZNF676,ENSG00000196109,gencode
ZNF699,ENSG00000196110,gencode
TDRD7,ENSG00000196116,gencode
CCDC189,ENSG00000196118,gencode
OR8A1,ENSG00000196119,gencode
KIAA0895L,ENSG00000196123,gencode
VN1R2,ENSG00000196131,gencode
MYT1,ENSG00000196132,gencode
SERPINA3,ENSG00000196136,gencode
AKR1C3,ENSG00000196139,gencode
SPATS2L,ENSG00000196141,gencode
ZNF250,ENSG00000196150,gencode
WDSUB1,ENSG00000196151,gencode
ZNF79,ENSG00000196152,gencode
S100A4,ENSG00000196154,gencode
PLEKHG4,ENSG00000196155,gencode
KRTAP4-3,ENSG00000196156,gencode
FAT4,ENSG00000196159,gencode
KIF19,ENSG00000196169,gencode
OR6K2,ENSG00000196171,gencode
ZNF681,ENSG00000196172,gencode
ACADSB,ENSG00000196177,gencode
STK40,ENSG00000196182,gencode
OR10J1,ENSG00000196184,gencode
TMEM63A,ENSG00000196187,gencode
CTSE,ENSG00000196188,gencode
SEMA4A,ENSG00000196189,gencode
HRCT1,ENSG00000196196,gencode
MPHOSPH8,ENSG00000196199,gencode
GREB1,ENSG00000196208,gencode
SIRPB2,ENSG00000196209,gencode
ZNF766,ENSG00000196214,gencode
RYR1,ENSG00000196218,gencode
SRGAP3,ENSG00000196220,gencode
KRTAP5-3,ENSG00000196224,gencode
FAM217B,ENSG00000196227,gencode
SULT1C3,ENSG00000196228,gencode
TUBB,ENSG00000196230,gencode
LCOR,ENSG00000196233,gencode
SUPT5H,ENSG00000196235,gencode
XPNPEP3,ENSG00000196236,gencode
OR2T2,ENSG00000196240,gencode
OR2C3,ENSG00000196242,gencode
ZNF107,ENSG00000196247,gencode
OR10S1,ENSG00000196248,gencode
SFTA2,ENSG00000196260,gencode
PPIA,ENSG00000196262,gencode
ZNF471,ENSG00000196263,gencode
ZNF836,ENSG00000196267,gencode
ZNF493,ENSG00000196268,gencode
GTF2IRD2,ENSG00000196275,gencode
GRM7,ENSG00000196277,gencode
SUPT3H,ENSG00000196284,gencode
BECN2,ENSG00000196289,gencode
NIF3L1,ENSG00000196290,gencode
ATP2A1,ENSG00000196296,gencode
IARS,ENSG00000196305,gencode
MFSD14C,ENSG00000196312,gencode
POM121,ENSG00000196313,gencode
ZBTB44,ENSG00000196323,gencode
GIMAP5,ENSG00000196329,gencode
STK31,ENSG00000196335,gencode
CGB7,ENSG00000196337,gencode
NLGN3,ENSG00000196338,gencode
OR8D1,ENSG00000196341,gencode
ADH7,ENSG00000196344,gencode
ZKSCAN7,ENSG00000196345,gencode
ZNF729,ENSG00000196350,gencode
CD55,ENSG00000196352,gencode
CPNE4,ENSG00000196353,gencode
ZNF565,ENSG00000196357,gencode
NTNG2,ENSG00000196358,gencode
ELAVL3,ENSG00000196361,gencode
WDR5,ENSG00000196363,gencode
LONP1,ENSG00000196365,gencode
TRRAP,ENSG00000196367,gencode
NUDT11,ENSG00000196368,gencode
SRGAP2B,ENSG00000196369,gencode
FUT4,ENSG00000196371,gencode
ASB13,ENSG00000196372,gencode
SLC35F1,ENSG00000196376,gencode
ZNF34,ENSG00000196378,gencode
ZNF781,ENSG00000196381,gencode
ZNF140,ENSG00000196387,gencode
INCA1,ENSG00000196388,gencode
ZNF774,ENSG00000196391,gencode
PTPN1,ENSG00000196396,gencode
EVL,ENSG00000196405,gencode
SPANXD,ENSG00000196406,gencode
THEM5,ENSG00000196407,gencode
NOXO1,ENSG00000196408,gencode
EPHB4,ENSG00000196411,gencode
PRTN3,ENSG00000196415,gencode
ZNF765,ENSG00000196417,gencode
ZNF124,ENSG00000196418,gencode
XRCC6,ENSG00000196419,gencode
S100A5,ENSG00000196420,gencode
C20orf204,ENSG00000196421,gencode
PPP1R26,ENSG00000196422,gencode
NBPF4,ENSG00000196427,gencode
TSC22D2,ENSG00000196428,gencode
CRYBA4,ENSG00000196431,gencode
ASMT,ENSG00000196433,gencode
NPIPB15,ENSG00000196436,gencode
ZNF569,ENSG00000196437,gencode
ARMCX4,ENSG00000196440,gencode
YRDC,ENSG00000196449,gencode
ZNF777,ENSG00000196453,gencode
PIK3R4,ENSG00000196455,gencode
ZNF775,ENSG00000196456,gencode
ZNF605,ENSG00000196458,gencode
TRAPPC2,ENSG00000196459,gencode
RFX8,ENSG00000196460,gencode
MYL6B,ENSG00000196465,gencode
ZNF799,ENSG00000196466,gencode
FGF16,ENSG00000196468,gencode
SIAH1,ENSG00000196470,gencode
GK2,ENSG00000196475,gencode
C20orf96,ENSG00000196476,gencode
ESRRG,ENSG00000196482,gencode
IPO4,ENSG00000196497,gencode
NCOR2,ENSG00000196498,gencode
SULT1A1,ENSG00000196502,gencode
ARL9,ENSG00000196503,gencode
PRPF40A,ENSG00000196504,gencode
GDAP2,ENSG00000196505,gencode
TCEAL3,ENSG00000196507,gencode
ANAPC7,ENSG00000196510,gencode
TPK1,ENSG00000196511,gencode
SLC6A9,ENSG00000196517,gencode
AFAP1,ENSG00000196526,gencode
MYO18A,ENSG00000196535,gencode
OR2T3,ENSG00000196539,gencode
SPTSSB,ENSG00000196542,gencode
BORCS6,ENSG00000196544,gencode
MAN2A2,ENSG00000196547,gencode
MME,ENSG00000196549,gencode
CCDC196,ENSG00000196553,gencode
CACNA1H,ENSG00000196557,gencode
SULF2,ENSG00000196562,gencode
HBG2,ENSG00000196565,gencode
LAMA2,ENSG00000196569,gencode
PFN3,ENSG00000196570,gencode
PLXNB2,ENSG00000196576,gencode
OR5AC2,ENSG00000196578,gencode
AJAP1,ENSG00000196581,gencode
XRCC2,ENSG00000196584,gencode
MYO6,ENSG00000196586,gencode
MRTFA,ENSG00000196588,gencode
MBD3L2B,ENSG00000196589,gencode
HDAC2,ENSG00000196591,gencode
ZNF782,ENSG00000196597,gencode
SLC22A25,ENSG00000196600,gencode
POTEF,ENSG00000196604,gencode
MMP1,ENSG00000196611,gencode
ADH1B,ENSG00000196616,gencode
UGT2B15,ENSG00000196620,gencode
TCF4,ENSG00000196628,gencode
WNK3,ENSG00000196632,gencode
SDHAF3,ENSG00000196636,gencode
HRH1,ENSG00000196639,gencode
RABL6,ENSG00000196642,gencode
ZNF136,ENSG00000196646,gencode
ZKSCAN5,ENSG00000196652,gencode
ZNF502,ENSG00000196653,gencode
TRAPPC4,ENSG00000196655,gencode
TTC30B,ENSG00000196659,gencode
SLC30A10,ENSG00000196660,gencode
TECPR2,ENSG00000196663,gencode
TLR7,ENSG00000196664,gencode
FAM180B,ENSG00000196666,gencode
ZFP62,ENSG00000196670,gencode
ERI2,ENSG00000196678,gencode
TOMM7,ENSG00000196683,gencode
HSH2D,ENSG00000196684,gencode
TRPV1,ENSG00000196689,gencode
ZNF33B,ENSG00000196693,gencode
ZNF512B,ENSG00000196700,gencode
AMZ2,ENSG00000196704,gencode
ZNF431,ENSG00000196705,gencode
ALKAL1,ENSG00000196711,gencode
NF1,ENSG00000196712,gencode
VKORC1L1,ENSG00000196715,gencode
ZNF418,ENSG00000196724,gencode
DAPK1,ENSG00000196730,gencode
LCE1B,ENSG00000196734,gencode
COL27A1,ENSG00000196739,gencode
GM2A,ENSG00000196743,gencode
HIST1H2AI,ENSG00000196747,gencode
CLPSL2,ENSG00000196748,gencode
S100A2,ENSG00000196754,gencode
ZNF700,ENSG00000196757,gencode
POU3F4,ENSG00000196767,gencode
OR14A16,ENSG00000196772,gencode
CD47,ENSG00000196776,gencode
OR52K1,ENSG00000196778,gencode
TLE1,ENSG00000196781,gencode
MAML3,ENSG00000196782,gencode
HIST1H2AG,ENSG00000196787,gencode
STRN3,ENSG00000196792,gencode
ZNF239,ENSG00000196793,gencode
SPINK14,ENSG00000196800,gencode
SPRR2B,ENSG00000196805,gencode
CHRNG,ENSG00000196811,gencode
ZSCAN16,ENSG00000196812,gencode
MVB12B,ENSG00000196814,gencode
ILRUN,ENSG00000196821,gencode
OR11G2,ENSG00000196832,gencode
POTEI,ENSG00000196834,gencode
ADA,ENSG00000196839,gencode
ARID5A,ENSG00000196843,gencode
PATE2,ENSG00000196844,gencode
PPTC7,ENSG00000196850,gencode
KRT39,ENSG00000196859,gencode
TOMM20L,ENSG00000196860,gencode
RGPD4,ENSG00000196862,gencode
NHLRC2,ENSG00000196865,gencode
ZFP28,ENSG00000196867,gencode
KIAA1211L,ENSG00000196872,gencode
CBWD3,ENSG00000196873,gencode
SCN8A,ENSG00000196876,gencode
LAMB3,ENSG00000196878,gencode
HIST3H2BB,ENSG00000196890,gencode
TEX43,ENSG00000196900,gencode
KPNA5,ENSG00000196911,gencode
ANKRD36B,ENSG00000196912,gencode
ARHGEF12,ENSG00000196914,gencode
HCAR1,ENSG00000196917,gencode
PDLIM7,ENSG00000196923,gencode
FLNA,ENSG00000196924,gencode
TMEM26,ENSG00000196932,gencode
SRGAP1,ENSG00000196935,gencode
FAM3C,ENSG00000196937,gencode
NOP9,ENSG00000196943,gencode
OR2T4,ENSG00000196944,gencode
ZNF705A,ENSG00000196946,gencode
SLC39A10,ENSG00000196950,gencode
CASP4,ENSG00000196954,gencode
AP2A1,ENSG00000196961,gencode
ZNF585A,ENSG00000196967,gencode
FUT11,ENSG00000196968,gencode
SMIM10L2B,ENSG00000196972,gencode
ANXA4,ENSG00000196975,gencode
LAGE3,ENSG00000196976,gencode
WDR5B,ENSG00000196981,gencode
FAM163B,ENSG00000196990,gencode
WDR45,ENSG00000196998,gencode
METTL9,ENSG00000197006,gencode
ZNF138,ENSG00000197008,gencode
ZNF429,ENSG00000197013,gencode
ZNF470,ENSG00000197016,gencode
SERTAD1,ENSG00000197019,gencode
ZNF100,ENSG00000197020,gencode
CXorf40B,ENSG00000197021,gencode
ZNF398,ENSG00000197024,gencode
ZSCAN25,ENSG00000197037,gencode
ANXA6,ENSG00000197043,gencode
ZNF441,ENSG00000197044,gencode
GMFB,ENSG00000197045,gencode
SIGLEC15,ENSG00000197046,gencode
ZNF420,ENSG00000197050,gencode
ZNF763,ENSG00000197054,gencode
ZMYM1,ENSG00000197056,gencode
DTHD1,ENSG00000197057,gencode
HIST1H4C,ENSG00000197061,gencode
ZSCAN26,ENSG00000197062,gencode
MAFG,ENSG00000197063,gencode
ARRDC1,ENSG00000197070,gencode
KIAA1671,ENSG00000197077,gencode
KRT35,ENSG00000197079,gencode
IGF2R,ENSG00000197081,gencode
LCE1C,ENSG00000197084,gencode
GAL3ST4,ENSG00000197093,gencode
DYNC1H1,ENSG00000197102,gencode
SLC6A17,ENSG00000197106,gencode
IFNL3,ENSG00000197110,gencode
PCBP2,ENSG00000197111,gencode
ZGPAT,ENSG00000197114,gencode
SLC25A29,ENSG00000197119,gencode
PGAP1,ENSG00000197121,gencode
SRC,ENSG00000197122,gencode
ZNF679,ENSG00000197123,gencode
ZNF682,ENSG00000197124,gencode
OR8B8,ENSG00000197125,gencode
ZNF772,ENSG00000197128,gencode
ZNF257,ENSG00000197134,gencode
PCNX3,ENSG00000197136,gencode
ADAM32,ENSG00000197140,gencode
ACSL5,ENSG00000197142,gencode
LRRC8B,ENSG00000197147,gencode
ABCB8,ENSG00000197150,gencode
HIST1H3J,ENSG00000197153,gencode
SND1,ENSG00000197157,gencode
ZNF785,ENSG00000197162,gencode
SULT1A2,ENSG00000197165,gencode
PSMD12,ENSG00000197170,gencode
MAGEA6,ENSG00000197172,gencode
ADGRA1,ENSG00000197177,gencode
PIWIL2,ENSG00000197181,gencode
NOL4L,ENSG00000197183,gencode
CYSRT1,ENSG00000197191,gencode
SLC22A4,ENSG00000197208,gencode
ZSCAN5B,ENSG00000197213,gencode
ENTPD4,ENSG00000197217,gencode
C1D,ENSG00000197223,gencode
TBC1D9B,ENSG00000197226,gencode
HIST1H4J,ENSG00000197238,gencode
SLC2A7,ENSG00000197241,gencode
FAM110D,ENSG00000197245,gencode
SERPINA1,ENSG00000197249,gencode
TPSB2,ENSG00000197253,gencode
KANK2,ENSG00000197256,gencode
C6orf141,ENSG00000197261,gencode
GTF2E2,ENSG00000197265,gencode
IL27,ENSG00000197272,gencode
GUCA2A,ENSG00000197273,gencode
RAD54B,ENSG00000197275,gencode
ZNF165,ENSG00000197279,gencode
SYNGAP1,ENSG00000197283,gencode
FITM2,ENSG00000197296,gencode
BLM,ENSG00000197299,gencode
ZNF720,ENSG00000197302,gencode
OR10D3,ENSG00000197309,gencode
DDI2,ENSG00000197312,gencode
SVIL,ENSG00000197321,gencode
TRIM33,ENSG00000197323,gencode
LRP10,ENSG00000197324,gencode
PELI1,ENSG00000197329,gencode
ZNF655,ENSG00000197343,gencode
LYPD2,ENSG00000197353,gencode
UAP1L1,ENSG00000197355,gencode
ZNF98,ENSG00000197360,gencode
FBXL22,ENSG00000197361,gencode
ZNF786,ENSG00000197362,gencode
ZNF517,ENSG00000197363,gencode
S100A7L2,ENSG00000197364,gencode
ZNF675,ENSG00000197372,gencode
SLC22A5,ENSG00000197375,gencode
DACT3,ENSG00000197380,gencode
ADARB1,ENSG00000197381,gencode
ZNF860,ENSG00000197385,gencode
HTT,ENSG00000197386,gencode
OR6N1,ENSG00000197403,gencode
C5AR1,ENSG00000197405,gencode
DIO3,ENSG00000197406,gencode
CYP2B6,ENSG00000197408,gencode
DCHS2,ENSG00000197410,gencode
VEPH1,ENSG00000197415,gencode
FABP12,ENSG00000197416,gencode
SHPK,ENSG00000197417,gencode
OR51D1,ENSG00000197428,gencode
IPP,ENSG00000197429,gencode
OPALIN,ENSG00000197430,gencode
OR13G1,ENSG00000197437,gencode
MAP3K5,ENSG00000197442,gencode
OGDHL,ENSG00000197444,gencode
CYP2F1,ENSG00000197446,gencode
GSTK1,ENSG00000197448,gencode
HNRNPAB,ENSG00000197451,gencode
OR2L5,ENSG00000197454,gencode
STMN3,ENSG00000197457,gencode
PDGFA,ENSG00000197461,gencode
GYPE,ENSG00000197465,gencode
COL13A1,ENSG00000197467,gencode
SPN,ENSG00000197471,gencode
ZNF695,ENSG00000197472,gencode
PCDHB11,ENSG00000197479,gencode
ZNF628,ENSG00000197483,gencode
GALP,ENSG00000197487,gencode
SLC2A10,ENSG00000197496,gencode
ZNF665,ENSG00000197497,gencode
RPF2,ENSG00000197498,gencode
SLC28A3,ENSG00000197506,gencode
FAM177B,ENSG00000197520,gencode
MIB2,ENSG00000197530,gencode
OR6Y1,ENSG00000197532,gencode
MYO5A,ENSG00000197535,gencode
GZMM,ENSG00000197540,gencode
ATG7,ENSG00000197548,gencode
SIPA1L1,ENSG00000197555,gencode
TTC30A,ENSG00000197557,gencode
SSPO,ENSG00000197558,gencode
ELANE,ENSG00000197561,gencode
RAB40C,ENSG00000197562,gencode
PIGN,ENSG00000197563,gencode
COL4A6,ENSG00000197565,gencode
ZNF624,ENSG00000197566,gencode
HHLA3,ENSG00000197568,gencode
HOXA4,ENSG00000197576,gencode
TOPORS,ENSG00000197579,gencode
BCO2,ENSG00000197580,gencode
KCNMB2,ENSG00000197584,gencode
ENTPD6,ENSG00000197586,gencode
DMBX1,ENSG00000197587,gencode
OR11L1,ENSG00000197591,gencode
ENPP1,ENSG00000197594,gencode
CCDC154,ENSG00000197599,gencode
FAR1,ENSG00000197601,gencode
CPLANE1,ENSG00000197603,gencode
ZNF841,ENSG00000197608,gencode
MFAP5,ENSG00000197614,gencode
ZNF615,ENSG00000197619,gencode
CXorf40A,ENSG00000197620,gencode
CDC42SE1,ENSG00000197622,gencode
MPEG1,ENSG00000197629,gencode
SERPINB2,ENSG00000197632,gencode
DPP4,ENSG00000197635,gencode
SERPINB13,ENSG00000197641,gencode
PDCD1LG2,ENSG00000197646,gencode
ZNF433,ENSG00000197647,gencode
CCER1,ENSG00000197651,gencode
DNAH10,ENSG00000197653,gencode
SLC22A24,ENSG00000197658,gencode
OR51C1P,ENSG00000197674,gencode
KRTAP26-1,ENSG00000197683,gencode
SPTAN1,ENSG00000197694,gencode
NMB,ENSG00000197696,gencode
PARVA,ENSG00000197702,gencode
KLHL14,ENSG00000197705,gencode
OR6C74,ENSG00000197706,gencode
FAM114A1,ENSG00000197712,gencode
RPE,ENSG00000197713,gencode
ZNF460,ENSG00000197714,gencode
CR1L,ENSG00000197721,gencode
PHF2,ENSG00000197724,gencode
C14orf178,ENSG00000197734,gencode
SCGB1D4,ENSG00000197745,gencode
PSAP,ENSG00000197746,gencode
S100A10,ENSG00000197747,gencode
CFAP43,ENSG00000197748,gencode
HOXC6,ENSG00000197757,gencode
TXNRD3,ENSG00000197763,gencode
CFD,ENSG00000197766,gencode
STPG3,ENSG00000197768,gencode
MAP1LC3C,ENSG00000197769,gencode
MCMBP,ENSG00000197771,gencode
EME2,ENSG00000197774,gencode
KLHDC1,ENSG00000197776,gencode
ZNF81,ENSG00000197779,gencode
TAF13,ENSG00000197780,gencode
ZNF780A,ENSG00000197782,gencode
ATAD3A,ENSG00000197785,gencode
OR5B17,ENSG00000197786,gencode
OR52M1,ENSG00000197790,gencode
FAM118B,ENSG00000197798,gencode
ZNF461,ENSG00000197808,gencode
CCDC180,ENSG00000197816,gencode
SLC9A8,ENSG00000197818,gencode
OCLN,ENSG00000197822,gencode
CFAP299,ENSG00000197826,gencode
HIST4H4,ENSG00000197837,gencode
CYP2A13,ENSG00000197838,gencode
ZNF181,ENSG00000197841,gencode
OR8G1,ENSG00000197849,gencode
INKA2,ENSG00000197852,gencode
ZNF44,ENSG00000197857,gencode
GPAA1,ENSG00000197858,gencode
ADAMTSL2,ENSG00000197859,gencode
SGTB,ENSG00000197860,gencode
ZNF790,ENSG00000197863,gencode
PRB3,ENSG00000197870,gencode
FAM49A,ENSG00000197872,gencode
MYO1C,ENSG00000197879,gencode
NKIRAS1,ENSG00000197885,gencode
OR1S2,ENSG00000197887,gencode
UGT2B17,ENSG00000197888,gencode
MEIG1,ENSG00000197889,gencode
SLC22A12,ENSG00000197891,gencode
KIF13B,ENSG00000197892,gencode
NRAP,ENSG00000197893,gencode
ADH5,ENSG00000197894,gencode
SLC22A6,ENSG00000197901,gencode
TEAD4,ENSG00000197905,gencode
SPG7,ENSG00000197912,gencode
HRNR,ENSG00000197915,gencode
IFNA1,ENSG00000197919,gencode
HES5,ENSG00000197921,gencode
ZNF677,ENSG00000197928,gencode
ERO1A,ENSG00000197930,gencode
ZNF823,ENSG00000197933,gencode
ZNF311,ENSG00000197935,gencode
ZNF347,ENSG00000197937,gencode
OR5H2,ENSG00000197938,gencode
PLCG2,ENSG00000197943,gencode
FCHSD1,ENSG00000197948,gencode
ZNF71,ENSG00000197951,gencode
AADACL2,ENSG00000197953,gencode
S100A6,ENSG00000197956,gencode
DNM3,ENSG00000197959,gencode
ZNF121,ENSG00000197961,gencode
MPZL1,ENSG00000197965,gencode
VPS13A,ENSG00000197969,gencode
MBP,ENSG00000197971,gencode
AKAP17A,ENSG00000197976,gencode
ELOVL2,ENSG00000197977,gencode
LEKR1,ENSG00000197980,gencode
C1orf122,ENSG00000197982,gencode
CLEC9A,ENSG00000197992,gencode
KEL,ENSG00000197993,gencode
NOL8,ENSG00000198000,gencode
IRAK4,ENSG00000198001,gencode
CCDC151,ENSG00000198003,gencode
DLGAP2,ENSG00000198010,gencode
ENTPD7,ENSG00000198018,gencode
FCGR1B,ENSG00000198019,gencode
ZNF335,ENSG00000198026,gencode
ZNF560,ENSG00000198028,gencode
TUBA3C,ENSG00000198033,gencode
ZNF273,ENSG00000198039,gencode
ZNF84,ENSG00000198040,gencode
MAK16,ENSG00000198042,gencode
ZNF667,ENSG00000198046,gencode
AVPR1B,ENSG00000198049,gencode
SIRPA,ENSG00000198053,gencode
GRK6,ENSG00000198055,gencode
PRIM1,ENSG00000198056,gencode
MARCH5,ENSG00000198060,gencode
POTEH,ENSG00000198062,gencode
AKR1B10,ENSG00000198074,gencode
SULT1C4,ENSG00000198075,gencode
CYP2A7,ENSG00000198077,gencode
ZBTB14,ENSG00000198081,gencode
KRTAP9-9,ENSG00000198083,gencode
CD2AP,ENSG00000198087,gencode
NUP62CL,ENSG00000198088,gencode
SFI1,ENSG00000198089,gencode
KRTAP4-6,ENSG00000198090,gencode
TMPRSS11F,ENSG00000198092,gencode
ZNF649,ENSG00000198093,gencode
ADH4,ENSG00000198099,gencode
OR2T6,ENSG00000198104,gencode
ZNF248,ENSG00000198105,gencode
CHSY3,ENSG00000198108,gencode
TOR4A,ENSG00000198113,gencode
LPAR1,ENSG00000198121,gencode
MB,ENSG00000198125,gencode
OR2L3,ENSG00000198128,gencode
HIBCH,ENSG00000198130,gencode
ZNF544,ENSG00000198131,gencode
TMEM229B,ENSG00000198133,gencode
SOWAHC,ENSG00000198142,gencode
ZNF770,ENSG00000198146,gencode
HMGN5,ENSG00000198157,gencode
MIER1,ENSG00000198160,gencode
MAN1A2,ENSG00000198162,gencode
SVIP,ENSG00000198168,gencode
ZNF251,ENSG00000198169,gencode
DDRGK1,ENSG00000198171,gencode
FAM47C,ENSG00000198173,gencode
TFDP1,ENSG00000198176,gencode
CLEC4C,ENSG00000198178,gencode
ZNF607,ENSG00000198182,gencode
BPIFA1,ENSG00000198183,gencode
ZNF334,ENSG00000198185,gencode
HSD17B11,ENSG00000198189,gencode
SZT2,ENSG00000198198,gencode
SULT1C2,ENSG00000198203,gencode
ZXDA,ENSG00000198205,gencode
CACNA1E,ENSG00000198216,gencode
QRICH1,ENSG00000198218,gencode
CSF2RA,ENSG00000198223,gencode
FKBP1C,ENSG00000198225,gencode
DDX42,ENSG00000198231,gencode
SLC29A3,ENSG00000198246,gencode
STYX,ENSG00000198252,gencode
UBL5,ENSG00000198258,gencode
HELZ,ENSG00000198265,gencode
TMEM116,ENSG00000198270,gencode
KRTAP4-5,ENSG00000198271,gencode
UCKL1,ENSG00000198276,gencode
OR5B21,ENSG00000198283,gencode
CARD11,ENSG00000198286,gencode
ZNF485,ENSG00000198298,gencode
PEG3,ENSG00000198300,gencode
SDAD1,ENSG00000198301,gencode
ZKSCAN8,ENSG00000198315,gencode
PHETA1,ENSG00000198324,gencode
TMEM239,ENSG00000198326,gencode
HYLS1,ENSG00000198331,gencode
MYL4,ENSG00000198336,gencode
ZNF442,ENSG00000198342,gencode
ZNF813,ENSG00000198346,gencode
HOXC4,ENSG00000198353,gencode
DCAF12L2,ENSG00000198354,gencode
PIM3,ENSG00000198355,gencode
GET3,ENSG00000198356,gencode
ASPH,ENSG00000198363,gencode
SPRED2,ENSG00000198369,gencode
WWP2,ENSG00000198373,gencode
GFPT1,ENSG00000198380,gencode
UVRAG,ENSG00000198382,gencode
KRTAP13-1,ENSG00000198390,gencode
ZNF26,ENSG00000198393,gencode
TMEM207,ENSG00000198398,gencode
ITSN2,ENSG00000198399,gencode
NTRK1,ENSG00000198400,gencode
OGA,ENSG00000198408,gencode
MT1F,ENSG00000198417,gencode
TCAF1,ENSG00000198420,gencode
ZNF69,ENSG00000198429,gencode
TXNRD1,ENSG00000198431,gencode
NRARP,ENSG00000198435,gencode
ZNF583,ENSG00000198440,gencode
KRTAP4-1,ENSG00000198443,gencode
CCT8L2,ENSG00000198445,gencode
ZNF568,ENSG00000198453,gencode
ZXDB,ENSG00000198455,gencode
ZNF480,ENSG00000198464,gencode
ZNF587,ENSG00000198466,gencode
TPM2,ENSG00000198467,gencode
RTP2,ENSG00000198471,gencode
SH3BGRL2,ENSG00000198478,gencode
ZNF808,ENSG00000198482,gencode
ANKRD35,ENSG00000198483,gencode
B3GNT6,ENSG00000198488,gencode
YTHDF2,ENSG00000198492,gencode
TMA16,ENSG00000198498,gencode
ATL1,ENSG00000198513,gencode
CNGA1,ENSG00000198515,gencode
MAFK,ENSG00000198517,gencode
ARMH1,ENSG00000198520,gencode
ZNF43,ENSG00000198521,gencode
GPN1,ENSG00000198522,gencode
PLN,ENSG00000198523,gencode
C2CD4A,ENSG00000198535,gencode
ZNF28,ENSG00000198538,gencode
ITGBL1,ENSG00000198542,gencode
ZNF511,ENSG00000198546,gencode
ZNF627,ENSG00000198551,gencode
KCNRG,ENSG00000198553,gencode
WDHD1,ENSG00000198554,gencode
ZNF789,ENSG00000198556,gencode
CTNND1,ENSG00000198561,gencode
DDX39B,ENSG00000198563,gencode
SLC34A3,ENSG00000198569,gencode
RD3,ENSG00000198570,gencode
SPANXC,ENSG00000198573,gencode
SH2D1B,ENSG00000198574,gencode
ARC,ENSG00000198576,gencode
NUDT16,ENSG00000198585,gencode
TLK1,ENSG00000198586,gencode
LRBA,ENSG00000198589,gencode
ZNF536,ENSG00000198597,gencode
MMP17,ENSG00000198598,gencode
OR2M2,ENSG00000198601,gencode
BAZ1A,ENSG00000198604,gencode
AKR1C4,ENSG00000198610,gencode
COPS8,ENSG00000198612,gencode
CCDC69,ENSG00000198624,gencode
MDM4,ENSG00000198625,gencode
RYR2,ENSG00000198626,gencode
ZNF534,ENSG00000198633,gencode
KLHL9,ENSG00000198642,gencode
FAM3D,ENSG00000198643,gencode
NCOA6,ENSG00000198646,gencode
STK39,ENSG00000198648,gencode
TAT,ENSG00000198650,gencode
C6orf89,ENSG00000198663,gencode
CALM1,ENSG00000198668,gencode
TAFA2,ENSG00000198673,gencode
OR10G6,ENSG00000198674,gencode
TTC37,ENSG00000198677,gencode
OR5BS1P,ENSG00000198678,gencode
TUSC1,ENSG00000198680,gencode
MAGEA1,ENSG00000198681,gencode
PAPSS2,ENSG00000198682,gencode
SLC9A6,ENSG00000198689,gencode
FAN1,ENSG00000198690,gencode
ABCA4,ENSG00000198691,gencode
EIF1AY,ENSG00000198692,gencode
MT-ND6,ENSG00000198695,gencode
IPO9,ENSG00000198700,gencode
GPX6,ENSG00000198704,gencode
CEP290,ENSG00000198707,gencode
MT-CO2,ENSG00000198712,gencode
GLMP,ENSG00000198715,gencode
TOGARAM1,ENSG00000198718,gencode
DLL1,ENSG00000198719,gencode
ANKRD13B,ENSG00000198720,gencode
ECI2,ENSG00000198721,gencode
UNC13B,ENSG00000198722,gencode
TEX45,ENSG00000198723,gencode
MT-CYB,ENSG00000198727,gencode
LDB1,ENSG00000198728,gencode
PPP1R14C,ENSG00000198729,gencode
CTR9,ENSG00000198730,gencode
SMOC1,ENSG00000198732,gencode
F5,ENSG00000198734,gencode
MSRB1,ENSG00000198736,gencode
LRRTM3,ENSG00000198739,gencode
ZNF652,ENSG00000198740,gencode
SMURF1,ENSG00000198742,gencode
SLC5A3,ENSG00000198743,gencode
GPATCH3,ENSG00000198746,gencode
CDC42BPB,ENSG00000198752,gencode
OXCT2,ENSG00000198754,gencode
COLGALT2,ENSG00000198756,gencode
EPS8L3,ENSG00000198758,gencode
EGFL6,ENSG00000198759,gencode
MT-ND2,ENSG00000198763,gencode
SYCP1,ENSG00000198765,gencode
APCDD1L,ENSG00000198768,gencode
RCSD1,ENSG00000198771,gencode
RASSF9,ENSG00000198774,gencode
FAM169A,ENSG00000198780,gencode
ZNF830,ENSG00000198783,gencode
GRIN3A,ENSG00000198785,gencode
MT-ND5,ENSG00000198786,gencode
MUC2,ENSG00000198788,gencode
CNOT7,ENSG00000198791,gencode
TMEM184B,ENSG00000198792,gencode
MTOR,ENSG00000198793,gencode
SCAMP5,ENSG00000198794,gencode
ZNF521,ENSG00000198795,gencode
ALPK2,ENSG00000198796,gencode
BRINP2,ENSG00000198797,gencode
MAGEB3,ENSG00000198798,gencode
LRIG2,ENSG00000198799,gencode
MT-CO1,ENSG00000198804,gencode
PNP,ENSG00000198805,gencode
PAX9,ENSG00000198807,gencode
LRRC10,ENSG00000198812,gencode
GK,ENSG00000198814,gencode
FOXJ3,ENSG00000198815,gencode
ZNF358,ENSG00000198816,gencode
SFT2D1,ENSG00000198818,gencode
CD247,ENSG00000198821,gencode
GRM3,ENSG00000198822,gencode
CHAMP1,ENSG00000198824,gencode
INPP5F,ENSG00000198825,gencode
ARHGAP11A,ENSG00000198826,gencode
SUCNR1,ENSG00000198829,gencode
SELENOM,ENSG00000198832,gencode
UBE2J1,ENSG00000198833,gencode
GJC2,ENSG00000198835,gencode
OPA1,ENSG00000198836,gencode
DENND4B,ENSG00000198837,gencode
RYR3,ENSG00000198838,gencode
ZNF277,ENSG00000198839,gencode
MT-ND3,ENSG00000198840,gencode
KTI12,ENSG00000198841,gencode
DUSP27,ENSG00000198842,gencode
SELENOT,ENSG00000198843,gencode
ARHGEF15,ENSG00000198844,gencode
TOX,ENSG00000198846,gencode
CES1,ENSG00000198848,gencode
CD3E,ENSG00000198851,gencode
RUSC2,ENSG00000198853,gencode
C1orf68,ENSG00000198854,gencode
FICD,ENSG00000198855,gencode
OSTC,ENSG00000198856,gencode
R3HDM4,ENSG00000198858,gencode
TSEN15,ENSG00000198860,gencode
LTN1,ENSG00000198862,gencode
RUNDC1,ENSG00000198863,gencode
CCDC152,ENSG00000198865,gencode
STKLD1,ENSG00000198870,gencode
GRK5,ENSG00000198873,gencode
TYW1,ENSG00000198874,gencode
DCAF12,ENSG00000198876,gencode
SFMBT2,ENSG00000198879,gencode
ASB12,ENSG00000198881,gencode
PNMA5,ENSG00000198883,gencode
ITPRIPL1,ENSG00000198885,gencode
MT-ND4,ENSG00000198886,gencode
SMC5,ENSG00000198887,gencode
MT-ND1,ENSG00000198888,gencode
DCAF12L1,ENSG00000198889,gencode
PRMT6,ENSG00000198890,gencode
SHISA4,ENSG00000198892,gencode
CIPC,ENSG00000198894,gencode
CAPZA2,ENSG00000198898,gencode
MT-ATP6,ENSG00000198899,gencode
TOP1,ENSG00000198900,gencode
PRC1,ENSG00000198901,gencode
MAP3K3,ENSG00000198909,gencode
L1CAM,ENSG00000198910,gencode
SREBF2,ENSG00000198911,gencode
C1orf174,ENSG00000198912,gencode
POU3F3,ENSG00000198914,gencode
RASGEF1A,ENSG00000198915,gencode
SPOUT1,ENSG00000198917,gencode
DZIP3,ENSG00000198919,gencode
KIAA0753,ENSG00000198920,gencode
DCLRE1A,ENSG00000198924,gencode
ATG9A,ENSG00000198925,gencode
NOS1AP,ENSG00000198929,gencode
CSAG1,ENSG00000198930,gencode
APRT,ENSG00000198931,gencode
GPRASP1,ENSG00000198932,gencode
TBKBP1,ENSG00000198933,gencode
MAGEE1,ENSG00000198934,gencode
CCDC167,ENSG00000198937,gencode
MT-CO3,ENSG00000198938,gencode
ZFP2,ENSG00000198939,gencode
SOWAHA,ENSG00000198944,gencode
L3MBTL3,ENSG00000198945,gencode
DMD,ENSG00000198947,gencode
MFAP3L,ENSG00000198948,gencode
NAGA,ENSG00000198951,gencode
SMG5,ENSG00000198952,gencode
KIF1BP,ENSG00000198954,gencode
TGM2,ENSG00000198959,gencode
ARMCX6,ENSG00000198960,gencode
PJA2,ENSG00000198961,gencode
RORB,ENSG00000198963,gencode
SGMS1,ENSG00000198964,gencode
OR10R2,ENSG00000198965,gencode
OR10Z1,ENSG00000198967,gencode
INF2,ENSG00000203485,gencode
IQANK1,ENSG00000203499,gencode
GP1BB,ENSG00000203618,gencode
OR2T5,ENSG00000203661,gencode
OR2L2,ENSG00000203663,gencode
EFCAB2,ENSG00000203666,gencode
COX20,ENSG00000203667,gencode
CHML,ENSG00000203668,gencode
STUM,ENSG00000203685,gencode
TCP10,ENSG00000203690,gencode
CAPN8,ENSG00000203697,gencode
TATDN3,ENSG00000203705,gencode
CR1,ENSG00000203710,gencode
RAET1G,ENSG00000203722,gencode
C1orf53,ENSG00000203724,gencode
SAMD5,ENSG00000203727,gencode
TEDDM1,ENSG00000203730,gencode
GJE1,ENSG00000203733,gencode
ECT2L,ENSG00000203734,gencode
METTL11B,ENSG00000203740,gencode
FCGR3A,ENSG00000203747,gencode
TMEM244,ENSG00000203756,gencode
OR6K3,ENSG00000203757,gencode
CENPW,ENSG00000203760,gencode
SPRN,ENSG00000203772,gencode
FAM229B,ENSG00000203778,gencode
FANK1,ENSG00000203780,gencode
LOR,ENSG00000203782,gencode
PRR9,ENSG00000203783,gencode
LELP1,ENSG00000203784,gencode
SPRR2E,ENSG00000203785,gencode
KPRP,ENSG00000203786,gencode
EEF1AKMT2,ENSG00000203791,gencode
FAM24A,ENSG00000203795,gencode
DDO,ENSG00000203797,gencode
PLPP4,ENSG00000203805,gencode
PNLIPRP3,ENSG00000203837,gencode
HSD3B1,ENSG00000203857,gencode
HSD3B2,ENSG00000203859,gencode
RBM20,ENSG00000203867,gencode
SMIM9,ENSG00000203870,gencode
C6orf163,ENSG00000203872,gencode
RIPPLY2,ENSG00000203877,gencode
GDI1,ENSG00000203879,gencode
PCMTD2,ENSG00000203880,gencode
SOX18,ENSG00000203883,gencode
LIME1,ENSG00000203896,gencode
OOEP,ENSG00000203907,gencode
KHDC3L,ENSG00000203908,gencode
DPPA5,ENSG00000203909,gencode
C1orf146,ENSG00000203910,gencode
SPANXN1,ENSG00000203923,gencode
CXorf66,ENSG00000203933,gencode
C10orf62,ENSG00000203942,gencode
SAMD13,ENSG00000203943,gencode
RTL8A,ENSG00000203950,gencode
CCDC160,ENSG00000203952,gencode
C1orf141,ENSG00000203963,gencode
EFCAB7,ENSG00000203965,gencode
DEFB110,ENSG00000203970,gencode
GLYATL3,ENSG00000203972,gencode
LDLRAD1,ENSG00000203985,gencode
RHOXF2B,ENSG00000203989,gencode
ZYG11A,ENSG00000203995,gencode
LCN8,ENSG00000204001,gencode
C1orf185,ENSG00000204006,gencode
GLT6D1,ENSG00000204007,gencode
IFIT1B,ENSG00000204010,gencode
CT83,ENSG00000204019,gencode
LIPN,ENSG00000204020,gencode
LIPK,ENSG00000204021,gencode
LIPJ,ENSG00000204022,gencode
TRPC5OS,ENSG00000204025,gencode
LRIT2,ENSG00000204033,gencode
LRRC73,ENSG00000204052,gencode
FOXO6,ENSG00000204060,gencode
TCEAL5,ENSG00000204065,gencode
SYS1,ENSG00000204070,gencode
TCEAL6,ENSG00000204071,gencode
INPP5B,ENSG00000204084,gencode
RPA4,ENSG00000204086,gencode
NEU4,ENSG00000204099,gencode
MAFB,ENSG00000204103,gencode
TRAF3IP1,ENSG00000204104,gencode
CHIC1,ENSG00000204116,gencode
GIGYF2,ENSG00000204120,gencode
C2orf72,ENSG00000204128,gencode
RUFY2,ENSG00000204130,gencode
NHSL2,ENSG00000204131,gencode
PHACTR4,ENSG00000204138,gencode
CLPSL1,ENSG00000204140,gencode
ASAH2B,ENSG00000204147,gencode
ZDHHC18,ENSG00000204160,gencode
TMEM273,ENSG00000204161,gencode
CXorf65,ENSG00000204165,gencode
AGAP9,ENSG00000204172,gencode
GPRIN2,ENSG00000204175,gencode
SYT15,ENSG00000204176,gencode
MACO1,ENSG00000204178,gencode
PTPN20,ENSG00000204179,gencode
GDF5OS,ENSG00000204183,gencode
ZDBF2,ENSG00000204186,gencode
TXNDC8,ENSG00000204193,gencode
AWAT1,ENSG00000204195,gencode
DAXX,ENSG00000204209,gencode
BMPR2,ENSG00000204217,gencode
TCEA3,ENSG00000204219,gencode
PFDN6,ENSG00000204220,gencode
RING1,ENSG00000204227,gencode
HSD17B8,ENSG00000204228,gencode
RXRB,ENSG00000204231,gencode
OXLD1,ENSG00000204237,gencode
OR13C3,ENSG00000204246,gencode
COL11A2,ENSG00000204248,gencode
BRD2,ENSG00000204256,gencode
COL5A2,ENSG00000204262,gencode
PSMB8,ENSG00000204264,gencode
TAP2,ENSG00000204267,gencode
SPIN3,ENSG00000204271,gencode
NBDY,ENSG00000204272,gencode
TMEM235,ENSG00000204278,gencode
PAGE3,ENSG00000204279,gencode
BTNL2,ENSG00000204290,gencode
COL15A1,ENSG00000204291,gencode
TSBP1,ENSG00000204296,gencode
TMEM225,ENSG00000204300,gencode
PBX2,ENSG00000204304,gencode
AGER,ENSG00000204305,gencode
RNF5,ENSG00000204308,gencode
AGPAT1,ENSG00000204310,gencode
PJVK,ENSG00000204311,gencode
PRRT1,ENSG00000204314,gencode
FKBPL,ENSG00000204315,gencode
SMIM5,ENSG00000204323,gencode
ERICH2,ENSG00000204334,gencode
SP5,ENSG00000204335,gencode
STK19,ENSG00000204344,gencode
CD300LD,ENSG00000204345,gencode
BTBD17,ENSG00000204347,gencode
DXO,ENSG00000204348,gencode
SKIV2L,ENSG00000204351,gencode
C9orf129,ENSG00000204352,gencode
NELFE,ENSG00000204356,gencode
NXPE2,ENSG00000204361,gencode
SPANXN5,ENSG00000204363,gencode
ZBTB12,ENSG00000204366,gencode
EHMT2,ENSG00000204371,gencode
LAYN,ENSG00000204381,gencode
SLC44A4,ENSG00000204385,gencode
NEU1,ENSG00000204386,gencode
SNHG32,ENSG00000204387,gencode
HSPA1B,ENSG00000204388,gencode
HSPA1A,ENSG00000204389,gencode
HSPA1L,ENSG00000204390,gencode
LSM2,ENSG00000204392,gencode
VARS,ENSG00000204394,gencode
VWA7,ENSG00000204396,gencode
CARD16,ENSG00000204397,gencode
MBD5,ENSG00000204406,gencode
MSH5,ENSG00000204410,gencode
CSHL1,ENSG00000204414,gencode
MPIG6B,ENSG00000204420,gencode
LY6G6C,ENSG00000204421,gencode
LY6G6F,ENSG00000204424,gencode
ABHD16A,ENSG00000204427,gencode
LY6G5C,ENSG00000204428,gencode
CSNK2B,ENSG00000204435,gencode
GPANK1,ENSG00000204438,gencode
C6orf47,ENSG00000204439,gencode
FAM155A,ENSG00000204442,gencode
APOM,ENSG00000204444,gencode
TRIM49C,ENSG00000204449,gencode
TRIM64,ENSG00000204450,gencode
BAG6,ENSG00000204463,gencode
PRRC2A,ENSG00000204469,gencode
AIF1,ENSG00000204472,gencode
NCR3,ENSG00000204475,gencode
PRAMEF20,ENSG00000204478,gencode
PRAMEF17,ENSG00000204479,gencode
PRAMEF19,ENSG00000204480,gencode
PRAMEF14,ENSG00000204481,gencode
LST1,ENSG00000204482,gencode
NFKBIL1,ENSG00000204498,gencode
PRAMEF15,ENSG00000204501,gencode
PRAMEF9,ENSG00000204505,gencode
PRAMEF7,ENSG00000204510,gencode
MCCD1,ENSG00000204511,gencode
ZNF814,ENSG00000204514,gencode
MICB,ENSG00000204516,gencode
AADACL4,ENSG00000204518,gencode
ZNF551,ENSG00000204519,gencode
MICA,ENSG00000204520,gencode
ZNF805,ENSG00000204524,gencode
POU5F1,ENSG00000204531,gencode
ZSCAN5C,ENSG00000204532,gencode
CCHCR1,ENSG00000204536,gencode
PSORS1C2,ENSG00000204538,gencode
CDSN,ENSG00000204539,gencode
PSORS1C1,ENSG00000204540,gencode
C6orf15,ENSG00000204542,gencode
MUC21,ENSG00000204544,gencode
DEFB121,ENSG00000204548,gencode
DHX16,ENSG00000204560,gencode
C6orf136,ENSG00000204564,gencode
PPP1R10,ENSG00000204569,gencode
KRTAP5-11,ENSG00000204571,gencode
KRTAP5-10,ENSG00000204572,gencode
ABCF1,ENSG00000204574,gencode
PRR3,ENSG00000204576,gencode
DDR1,ENSG00000204580,gencode
LRCOL1,ENSG00000204583,gencode
GNL1,ENSG00000204590,gencode
DPRX,ENSG00000204595,gencode
TRIM39,ENSG00000204599,gencode
ZNF468,ENSG00000204604,gencode
TRIM15,ENSG00000204610,gencode
ZNF616,ENSG00000204611,gencode
FOXB2,ENSG00000204612,gencode
TRIM10,ENSG00000204613,gencode
TRIM40,ENSG00000204614,gencode
TRIM31,ENSG00000204616,gencode
RNF39,ENSG00000204618,gencode
PPP1R11,ENSG00000204619,gencode
DISP3,ENSG00000204624,gencode
RACK1,ENSG00000204628,gencode
TBC1D8,ENSG00000204634,gencode
NMS,ENSG00000204640,gencode
ZFP57,ENSG00000204644,gencode
ASPDH,ENSG00000204653,gencode
MOG,ENSG00000204655,gencode
OR2H2,ENSG00000204657,gencode
CBY3,ENSG00000204659,gencode
C5orf60,ENSG00000204661,gencode
C9orf57,ENSG00000204669,gencode
IL31,ENSG00000204671,gencode
AKT1S1,ENSG00000204673,gencode
GABBR1,ENSG00000204681,gencode
MIR1915HG,ENSG00000204682,gencode
MAS1L,ENSG00000204687,gencode
OR2H1,ENSG00000204688,gencode
OR11A1,ENSG00000204694,gencode
OR14J1,ENSG00000204695,gencode
OR2J2,ENSG00000204700,gencode
OR2J3,ENSG00000204701,gencode
OR2J1,ENSG00000204702,gencode
OR2B3,ENSG00000204703,gencode
OR2W1,ENSG00000204704,gencode
SPDYC,ENSG00000204710,gencode
C9orf135,ENSG00000204711,gencode
TRIM27,ENSG00000204713,gencode
MALRD1,ENSG00000204740,gencode
RANBP17,ENSG00000204764,gencode
INSYN2B,ENSG00000204767,gencode
FOXD4L5,ENSG00000204779,gencode
TTC25,ENSG00000204815,gencode
MROH6,ENSG00000204839,gencode
ATXN2,ENSG00000204842,gencode
DCTN1,ENSG00000204843,gencode
SPATA31A1,ENSG00000204849,gencode
PNMA8B,ENSG00000204851,gencode
TCTN1,ENSG00000204852,gencode
FAM216A,ENSG00000204856,gencode
ZBTB48,ENSG00000204859,gencode
IGFL2,ENSG00000204866,gencode
IGFL4,ENSG00000204869,gencode
KRTAP9-3,ENSG00000204873,gencode
KRTAP4-8,ENSG00000204880,gencode
GPR20,ENSG00000204882,gencode
KRTAP1-4,ENSG00000204887,gencode
KRT40,ENSG00000204889,gencode
KRT25,ENSG00000204897,gencode
MZT1,ENSG00000204899,gencode
SPINK9,ENSG00000204909,gencode
LRRC3C,ENSG00000204913,gencode
ZNF155,ENSG00000204920,gencode
UQCC3,ENSG00000204922,gencode
FBXO48,ENSG00000204923,gencode
GRXCR2,ENSG00000204928,gencode
FAM221B,ENSG00000204930,gencode
CD177,ENSG00000204936,gencode
PSG5,ENSG00000204941,gencode
ZNF783,ENSG00000204946,gencode
ZNF425,ENSG00000204947,gencode
LRRC10B,ENSG00000204950,gencode
FBXO47,ENSG00000204952,gencode
C12orf73,ENSG00000204954,gencode
PCDHGA1,ENSG00000204956,gencode
PCDHA9,ENSG00000204961,gencode
PCDHA8,ENSG00000204962,gencode
PCDHA7,ENSG00000204963,gencode
PCDHA5,ENSG00000204965,gencode
PCDHA4,ENSG00000204967,gencode
PCDHA2,ENSG00000204969,gencode
PCDHA1,ENSG00000204970,gencode
TRIM13,ENSG00000204977,gencode
ERICH4,ENSG00000204978,gencode
MS4A13,ENSG00000204979,gencode
PRSS1,ENSG00000204983,gencode
SPIRE2,ENSG00000204991,gencode
AARD,ENSG00000205002,gencode
PABPN1L,ENSG00000205022,gencode
OR5D16,ENSG00000205029,gencode
OR5L2,ENSG00000205030,gencode
SLFN12L,ENSG00000205045,gencode
CLLU1OS,ENSG00000205057,gencode
SLC35B4,ENSG00000205060,gencode
LGALS7,ENSG00000205076,gencode
SYCE1L,ENSG00000205078,gencode
TMEM231,ENSG00000205084,gencode
FAM71F2,ENSG00000205085,gencode
C2orf91,ENSG00000205086,gencode
CCNI2,ENSG00000205089,gencode
TMEM240,ENSG00000205090,gencode
FRG2,ENSG00000205097,gencode
FAM205A,ENSG00000205108,gencode
CDKL4,ENSG00000205111,gencode
TMEM88B,ENSG00000205116,gencode
ACCSL,ENSG00000205126,gencode
C4orf47,ENSG00000205129,gencode
TRIQK,ENSG00000205133,gencode
SDHAF1,ENSG00000205138,gencode
ARID3C,ENSG00000205143,gencode
PSENEN,ENSG00000205155,gencode
C11orf91,ENSG00000205177,gencode
FABP9,ENSG00000205186,gencode
ZBTB10,ENSG00000205189,gencode
C4orf46,ENSG00000205208,gencode
SCGB2B2,ENSG00000205209,gencode
CCDC144NL,ENSG00000205212,gencode
LGR4,ENSG00000205213,gencode
PSMB10,ENSG00000205220,gencode
VIT,ENSG00000205221,gencode
E2F4,ENSG00000205250,gencode
PDE7A,ENSG00000205268,gencode
TMEM170B,ENSG00000205269,gencode
MUC12,ENSG00000205277,gencode
CTXN3,ENSG00000205279,gencode
MGAT4D,ENSG00000205301,gencode
SNX2,ENSG00000205302,gencode
SAP25,ENSG00000205307,gencode
NT5M,ENSG00000205309,gencode
SARNP,ENSG00000205323,gencode
OR6C68,ENSG00000205327,gencode
OR6C65,ENSG00000205328,gencode
OR6C3,ENSG00000205329,gencode
OR6C1,ENSG00000205330,gencode
ADGRG1,ENSG00000205336,gencode
TECPR1,ENSG00000205356,gencode
MT1H,ENSG00000205358,gencode
SLCO6A1,ENSG00000205359,gencode
MT1A,ENSG00000205362,gencode
INSYN1,ENSG00000205363,gencode
MT1M,ENSG00000205364,gencode
CFI,ENSG00000205403,gencode
SAMD9,ENSG00000205413,gencode
KRT6A,ENSG00000205420,gencode
CNEP1R1,ENSG00000205423,gencode
KRT81,ENSG00000205426,gencode
EXOC3L4,ENSG00000205436,gencode
KRTAP12-3,ENSG00000205439,gencode
IZUMO3,ENSG00000205442,gencode
KRTAP10-2,ENSG00000205445,gencode
TP53TG3D,ENSG00000205456,gencode
ATP6AP1L,ENSG00000205464,gencode
CCDC85C,ENSG00000205476,gencode
OR52J3,ENSG00000205495,gencode
OR51A2,ENSG00000205496,gencode
OR51A4,ENSG00000205497,gencode
C2CD4B,ENSG00000205502,gencode
RGL3,ENSG00000205517,gencode
NAP1L4,ENSG00000205531,gencode
TMSB4X,ENSG00000205542,gencode
TMEM256,ENSG00000205544,gencode
C9orf92,ENSG00000205549,gencode
CPT1B,ENSG00000205560,gencode
HMGN1,ENSG00000205581,gencode
MUC19,ENSG00000205592,gencode
DENND6B,ENSG00000205593,gencode
EIF3CL,ENSG00000205609,gencode
LCMT1,ENSG00000205629,gencode
MFSD2B,ENSG00000205639,gencode
VCX3B,ENSG00000205642,gencode
CDPF1,ENSG00000205643,gencode
HTN3,ENSG00000205649,gencode
LIN52,ENSG00000205659,gencode
ARSH,ENSG00000205667,gencode
ACOT6,ENSG00000205669,gencode
TECRL,ENSG00000205678,gencode
DPF3,ENSG00000205683,gencode
MANSC4,ENSG00000205693,gencode
C17orf107,ENSG00000205710,gencode
ITSN1,ENSG00000205726,gencode
ITPRIPL2,ENSG00000205730,gencode
DENND1C,ENSG00000205744,gencode
CRLF2,ENSG00000205755,gencode
CRYZL1,ENSG00000205758,gencode
C5orf51,ENSG00000205765,gencode
GAGE1,ENSG00000205777,gencode
ARRDC5,ENSG00000205784,gencode
CYS1,ENSG00000205795,gencode
PLPP6,ENSG00000205808,gencode
KLRC2,ENSG00000205809,gencode
KLRC3,ENSG00000205810,gencode
C16orf96,ENSG00000205832,gencode
GMNC,ENSG00000205835,gencode
TTC23L,ENSG00000205838,gencode
CLEC6A,ENSG00000205846,gencode
C22orf42,ENSG00000205856,gencode
NANOGNB,ENSG00000205857,gencode
LRRC72,ENSG00000205858,gencode
C1QTNF9B,ENSG00000205863,gencode
KRTAP5-6,ENSG00000205864,gencode
KRTAP5-2,ENSG00000205867,gencode
KRTAP5-1,ENSG00000205869,gencode
DEFB134,ENSG00000205882,gencode
DEFB135,ENSG00000205883,gencode
DEFB136,ENSG00000205884,gencode
BHLHA9,ENSG00000205899,gencode
ZNF316,ENSG00000205903,gencode
ONECUT3,ENSG00000205922,gencode
CEMP1,ENSG00000205923,gencode
OLIG2,ENSG00000205927,gencode
RNPS1,ENSG00000205937,gencode
DAZ2,ENSG00000205944,gencode
NYNRIN,ENSG00000205978,gencode
DNAJC19,ENSG00000205981,gencode
IFITM5,ENSG00000206013,gencode
SMIM21,ENSG00000206026,gencode
C18orf63,ENSG00000206043,gencode
DOK6,ENSG00000206052,gencode
JPT2,ENSG00000206053,gencode
TMEM211,ENSG00000206069,gencode
SERPINB11,ENSG00000206072,gencode
SERPINB4,ENSG00000206073,gencode
SERPINB5,ENSG00000206075,gencode
ZDHHC11B,ENSG00000206077,gencode
KRTAP19-8,ENSG00000206102,gencode
KRTAP20-3,ENSG00000206104,gencode
KRTAP20-4,ENSG00000206105,gencode
KRTAP22-2,ENSG00000206106,gencode
KRTAP27-1,ENSG00000206107,gencode
CFAP99,ENSG00000206113,gencode
GOLGA8O,ENSG00000206127,gencode
TMEM191C,ENSG00000206140,gencode
RNASE13,ENSG00000206150,gencode
HBA1,ENSG00000206172,gencode
HBM,ENSG00000206177,gencode
ELOA2,ENSG00000206181,gencode
ATP10A,ENSG00000206190,gencode
ANKUB1,ENSG00000206199,gencode
TSSK2,ENSG00000206203,gencode
PRR23A,ENSG00000206260,gencode
FOXL2NB,ENSG00000206262,gencode
COL6A6,ENSG00000206384,gencode
RAB12,ENSG00000206418,gencode
LRRC30,ENSG00000206422,gencode
TMEM200C,ENSG00000206432,gencode
OR10C1,ENSG00000206474,gencode
HACD2,ENSG00000206527,gencode
CFAP44,ENSG00000206530,gencode
CD200R1L,ENSG00000206531,gencode
LNP1,ENSG00000206535,gencode
OR5K3,ENSG00000206536,gencode
VGLL3,ENSG00000206538,gencode
TRIM71,ENSG00000206557,gencode
ZCWPW2,ENSG00000206559,gencode
ANKRD28,ENSG00000206560,gencode
COLQ,ENSG00000206561,gencode
METTL6,ENSG00000206562,gencode
XKR4,ENSG00000206579,gencode
GPX3,ENSG00000211445,gencode
DIO2,ENSG00000211448,gencode
SELENOH,ENSG00000211450,gencode
DIO1,ENSG00000211452,gencode
STK38L,ENSG00000211455,gencode
SACM1L,ENSG00000211456,gencode
TSN,ENSG00000211460,gencode
SLC48A1,ENSG00000211584,gencode
IGKC,ENSG00000211592,gencode
IGLC1,ENSG00000211675,gencode
IGLC2,ENSG00000211677,gencode
IGLC3,ENSG00000211679,gencode
IGLC7,ENSG00000211685,gencode
TRGJP2,ENSG00000211688,gencode
TRGC1,ENSG00000211689,gencode
TRGJP1,ENSG00000211692,gencode
TRBC1,ENSG00000211751,gencode
TRBC2,ENSG00000211772,gencode
TRDC,ENSG00000211829,gencode
IGHA2,ENSG00000211890,gencode
IGHE,ENSG00000211891,gencode
IGHG2,ENSG00000211893,gencode
IGHA1,ENSG00000211895,gencode
IGHG1,ENSG00000211896,gencode
IGHG3,ENSG00000211897,gencode
IGHD,ENSG00000211898,gencode
IGHM,ENSG00000211899,gencode
TSSK1B,ENSG00000212122,gencode
PRR22,ENSG00000212123,gencode
TAS2R50,ENSG00000212126,gencode
TAS2R14,ENSG00000212127,gencode
KRTAP16-1,ENSG00000212657,gencode
KRTAP29-1,ENSG00000212658,gencode
KRTAP9-6,ENSG00000212659,gencode
CTAGE1,ENSG00000212710,gencode
LINC02693,ENSG00000212719,gencode
KRTAP4-11,ENSG00000212721,gencode
KRTAP4-9,ENSG00000212722,gencode
KRTAP2-3,ENSG00000212724,gencode
RTL8B,ENSG00000212747,gencode
OR2A42,ENSG00000212807,gencode
RNF208,ENSG00000212864,gencode
KRTAP3-3,ENSG00000212899,gencode
KRTAP3-2,ENSG00000212900,gencode
KRTAP3-1,ENSG00000212901,gencode
MT-ND4L,ENSG00000212907,gencode
MAP10,ENSG00000212916,gencode
KRTAP12-4,ENSG00000212933,gencode
KRTAP10-3,ENSG00000212935,gencode
KRTAP6-3,ENSG00000212938,gencode
POU5F1B,ENSG00000212993,gencode
ZNF580,ENSG00000213015,gencode
ZNF611,ENSG00000213020,gencode
KLK9,ENSG00000213022,gencode
SYT3,ENSG00000213023,gencode
NUP62,ENSG00000213024,gencode
DENND1B,ENSG00000213047,gencode
SFT2D2,ENSG00000213064,gencode
FGFR1OP,ENSG00000213066,gencode
SCAF8,ENSG00000213079,gencode
CFAP45,ENSG00000213085,gencode
ACKR1,ENSG00000213088,gencode
ZNF254,ENSG00000213096,gencode
TCTEX1D2,ENSG00000213123,gencode
CRYGS,ENSG00000213139,gencode
CRIP1,ENSG00000213145,gencode
KLHL23,ENSG00000213160,gencode
LINGO4,ENSG00000213171,gencode
FAM24B,ENSG00000213185,gencode
TRIM59,ENSG00000213186,gencode
MLLT11,ENSG00000213190,gencode
ASIC3,ENSG00000213199,gencode
GIMAP1,ENSG00000213203,gencode
CCDC183,ENSG00000213213,gencode
ARHGEF35,ENSG00000213214,gencode
OR2F1,ENSG00000213215,gencode
CSH2,ENSG00000213218,gencode
DNLZ,ENSG00000213221,gencode
TCL1B,ENSG00000213231,gencode
SUPT4H1,ENSG00000213246,gencode
TSGA13,ENSG00000213265,gencode
NRAS,ENSG00000213281,gencode
LTC4S,ENSG00000213316,gencode
ANKRD39,ENSG00000213337,gencode
QTRT1,ENSG00000213339,gencode
CHUK,ENSG00000213341,gencode
MXD3,ENSG00000213347,gencode
GSTM2,ENSG00000213366,gencode
COG8,ENSG00000213380,gencode
ARHGAP19,ENSG00000213390,gencode
HAUS7,ENSG00000213397,gencode
LCAT,ENSG00000213398,gencode
MAGEA12,ENSG00000213401,gencode
PVRIG,ENSG00000213413,gencode
KRTAP4-12,ENSG00000213416,gencode
KRTAP2-4,ENSG00000213417,gencode
GPC2,ENSG00000213420,gencode
KRT222,ENSG00000213424,gencode
SIPA1,ENSG00000213445,gencode
ERV3-1,ENSG00000213462,gencode
SYNJ2BP,ENSG00000213463,gencode
ARL2,ENSG00000213465,gencode
TTLL13P,ENSG00000213471,gencode
GBP7,ENSG00000213512,gencode
RBMXL1,ENSG00000213516,gencode
SRA1,ENSG00000213523,gencode
STIMATE,ENSG00000213533,gencode
DNAJC9,ENSG00000213551,gencode
C8orf82,ENSG00000213563,gencode
CPLX3,ENSG00000213578,gencode
VDAC1,ENSG00000213585,gencode
ZBTB9,ENSG00000213588,gencode
TMX2,ENSG00000213593,gencode
HEXA,ENSG00000213614,gencode
NDUFS3,ENSG00000213619,gencode
LEPROT,ENSG00000213625,gencode
LBH,ENSG00000213626,gencode
ADAT3,ENSG00000213638,gencode
PPP1CB,ENSG00000213639,gencode
GPSM3,ENSG00000213654,gencode
LAT,ENSG00000213658,gencode
NCKIPSD,ENSG00000213672,gencode
ATF6B,ENSG00000213676,gencode
S1PR3,ENSG00000213694,gencode
SLC35F6,ENSG00000213699,gencode
FAM209B,ENSG00000213714,gencode
CLIC1,ENSG00000213719,gencode
DDAH2,ENSG00000213722,gencode
UGT2B11,ENSG00000213759,gencode
ATP6V1G2,ENSG00000213760,gencode
ZNF134,ENSG00000213762,gencode
GTF2H4,ENSG00000213780,gencode
ZNF888,ENSG00000213793,gencode
ZNF845,ENSG00000213799,gencode
KLRK1,ENSG00000213809,gencode
EMP2,ENSG00000213853,gencode
KCTD11,ENSG00000213859,gencode
UBD,ENSG00000213886,gencode
PPM1N,ENSG00000213889,gencode
CEACAM16,ENSG00000213892,gencode
SLC23A3,ENSG00000213901,gencode
LTB4R,ENSG00000213903,gencode
LTB4R2,ENSG00000213906,gencode
DNASE1,ENSG00000213918,gencode
MDP1,ENSG00000213920,gencode
LEUTX,ENSG00000213921,gencode
CSNK1E,ENSG00000213923,gencode
CCL27,ENSG00000213927,gencode
IRF9,ENSG00000213928,gencode
GALT,ENSG00000213930,gencode
HBE1,ENSG00000213931,gencode
HBG1,ENSG00000213934,gencode
CLDN9,ENSG00000213937,gencode
ITGA1,ENSG00000213949,gencode
NUDT19,ENSG00000213965,gencode
ZNF726,ENSG00000213967,gencode
ZNF99,ENSG00000213973,gencode
TAX1BP3,ENSG00000213977,gencode
AP1G2,ENSG00000213983,gencode
ZNF90,ENSG00000213988,gencode
NAXD,ENSG00000213995,gencode
TM6SF2,ENSG00000213996,gencode
MEF2B,ENSG00000213999,gencode
GANC,ENSG00000214013,gencode
TTLL3,ENSG00000214021,gencode
REPIN1,ENSG00000214022,gencode
ZNF891,ENSG00000214029,gencode
IFNA7,ENSG00000214042,gencode
SMIM7,ENSG00000214046,gencode
FBXO16,ENSG00000214050,gencode
TSPAN4,ENSG00000214063,gencode
CPNE1,ENSG00000214078,gencode
ARL16,ENSG00000214087,gencode
SMCO1,ENSG00000214097,gencode
WEE2,ENSG00000214102,gencode
MAGEB1,ENSG00000214107,gencode
LYRM4,ENSG00000214113,gencode
MYCBP,ENSG00000214114,gencode
TMEM213,ENSG00000214128,gencode
PRCD,ENSG00000214140,gencode
ALG3,ENSG00000214160,gencode
SH3D21,ENSG00000214193,gencode
SMIM30,ENSG00000214194,gencode
C19orf38,ENSG00000214212,gencode
IQCJ,ENSG00000214216,gencode
C17orf67,ENSG00000214226,gencode
MINDY4B,ENSG00000214237,gencode
FIS1,ENSG00000214253,gencode
ANG,ENSG00000214274,gencode
SCART1,ENSG00000214279,gencode
NPS,ENSG00000214285,gencode
COLCA2,ENSG00000214290,gencode
C3orf56,ENSG00000214324,gencode
FOXI3,ENSG00000214336,gencode
SOGA3,ENSG00000214338,gencode
NEURL1B,ENSG00000214357,gencode
EFCAB9,ENSG00000214360,gencode
HAUS3,ENSG00000214367,gencode
VSTM5,ENSG00000214376,gencode
LCNL1,ENSG00000214402,gencode
BBIP1,ENSG00000214413,gencode
TRIM77,ENSG00000214414,gencode
GNAT3,ENSG00000214415,gencode
AS3MT,ENSG00000214435,gencode
PLIN5,ENSG00000214456,gencode
SEC14L6,ENSG00000214491,gencode
SPINK13,ENSG00000214510,gencode
HIGD1C,ENSG00000214511,gencode
NOTO,ENSG00000214513,gencode
PPME1,ENSG00000214517,gencode
KRTAP2-2,ENSG00000214518,gencode
STARD10,ENSG00000214530,gencode
ZNF705E,ENSG00000214534,gencode
NUTM2D,ENSG00000214562,gencode
CPEB1,ENSG00000214575,gencode
EML6,ENSG00000214595,gencode
DEFB113,ENSG00000214642,gencode
DEFB133,ENSG00000214643,gencode
ZNF727,ENSG00000214652,gencode
B3GNT10,ENSG00000214654,gencode
ZSWIM8,ENSG00000214655,gencode
IQCF5,ENSG00000214681,gencode
IQCF6,ENSG00000214686,gencode
C10orf105,ENSG00000214688,gencode
ARHGEF33,ENSG00000214694,gencode
C12orf71,ENSG00000214700,gencode
IFRD2,ENSG00000214706,gencode
CAPN14,ENSG00000214711,gencode
ZBED1,ENSG00000214717,gencode
AL096814.1,ENSG00000214732,gencode
TOMM6,ENSG00000214736,gencode
HNRNPUL2,ENSG00000214753,gencode
CSKMT,ENSG00000214756,gencode
MS4A18,ENSG00000214782,gencode
MS4A4E,ENSG00000214787,gencode
FER1L6,ENSG00000214814,gencode
CDRT15L2,ENSG00000214819,gencode
MTCP1,ENSG00000214827,gencode
RAD51AP2,ENSG00000214842,gencode
EVPLL,ENSG00000214860,gencode
DCDC2C,ENSG00000214866,gencode
SMTNL1,ENSG00000214872,gencode
TRIM64C,ENSG00000214891,gencode
PNMA6E,ENSG00000214897,gencode
SPATA31D1,ENSG00000214929,gencode
ZSWIM7,ENSG00000214941,gencode
GPR33,ENSG00000214943,gencode
ARHGEF28,ENSG00000214944,gencode
TBC1D26,ENSG00000214946,gencode
LRRC69,ENSG00000214954,gencode
CRPPA,ENSG00000214960,gencode
GSG1L2,ENSG00000214978,gencode
ACSM4,ENSG00000215009,gencode
RTL10,ENSG00000215012,gencode
COL28A1,ENSG00000215018,gencode
PHB2,ENSG00000215021,gencode
TCP11X2,ENSG00000215029,gencode
NEURL4,ENSG00000215041,gencode
GRID2IP,ENSG00000215045,gencode
UBXN2B,ENSG00000215114,gencode
C16orf90,ENSG00000215131,gencode
PRSS41,ENSG00000215148,gencode
NLRP2B,ENSG00000215174,gencode
MUC5AC,ENSG00000215182,gencode
MSMP,ENSG00000215183,gencode
GOLGA6B,ENSG00000215186,gencode
FAM166B,ENSG00000215187,gencode
PEX26,ENSG00000215193,gencode
GRXCR1,ENSG00000215203,gencode
C5orf49,ENSG00000215217,gencode
UBE2QL1,ENSG00000215218,gencode
FASTKD5,ENSG00000215251,gencode
GOLGA8B,ENSG00000215252,gencode
KCNU1,ENSG00000215262,gencode
HOMEZ,ENSG00000215271,gencode
GAGE10,ENSG00000215274,gencode
RNF212B,ENSG00000215277,gencode
DDX3X,ENSG00000215301,gencode
VPS16,ENSG00000215305,gencode
ZNF705D,ENSG00000215343,gencode
ZNF705B,ENSG00000215356,gencode
ZNF705G,ENSG00000215372,gencode
MYL5,ENSG00000215375,gencode
SCRT2,ENSG00000215397,gencode
ZNF407,ENSG00000215421,gencode
NPEPL1,ENSG00000215440,gencode
KRTAP10-1,ENSG00000215455,gencode
SKOR2,ENSG00000215474,gencode
SIAH3,ENSG00000215475,gencode
EFCAB8,ENSG00000215529,gencode
DEFB116,ENSG00000215545,gencode
DEFB115,ENSG00000215547,gencode
GAB4,ENSG00000215568,gencode
C20orf202,ENSG00000215595,gencode
HMX1,ENSG00000215612,gencode
GCGR,ENSG00000215644,gencode
CELA2B,ENSG00000215704,gencode
TMEM242,ENSG00000215712,gencode
TMEM167B,ENSG00000215717,gencode
FAM72D,ENSG00000215784,gencode
TNFRSF25,ENSG00000215788,gencode
SLC35E2A,ENSG00000215790,gencode
ZC3H11B,ENSG00000215817,gencode
TSTD1,ENSG00000215845,gencode
RPTN,ENSG00000215853,gencode
CYB5RL,ENSG00000215883,gencode
LACTBL1,ENSG00000215906,gencode
C1orf167,ENSG00000215910,gencode
ATAD3C,ENSG00000215915,gencode
IFI30,ENSG00000216490,gencode
IGSF23,ENSG00000216588,gencode
FAM240C,ENSG00000216921,gencode
CCDC7,ENSG00000216937,gencode
FNIP1,ENSG00000217128,gencode
SP9,ENSG00000217236,gencode
SYCE3,ENSG00000217442,gencode
CKLF,ENSG00000217555,gencode
PAM16,ENSG00000217930,gencode
CDC14C,ENSG00000218305,gencode
TENM3,ENSG00000218336,gencode
CEBPZOS,ENSG00000218739,gencode
TDRD15,ENSG00000218819,gencode
PAPOLB,ENSG00000218823,gencode
ZNF579,ENSG00000218891,gencode
CELA3B,ENSG00000219073,gencode
RNASEK,ENSG00000219200,gencode
CATSPERZ,ENSG00000219435,gencode
TAFA5,ENSG00000219438,gencode
NBPF1,ENSG00000219481,gencode
UMAD1,ENSG00000219545,gencode
PPP1R3G,ENSG00000219607,gencode
FAM228B,ENSG00000219626,gencode
LINGO3,ENSG00000220008,gencode
ZGLP1,ENSG00000220201,gencode
VAMP2,ENSG00000220205,gencode
TRIM51GP,ENSG00000220948,gencode
OR6B1,ENSG00000221813,gencode
EBF2,ENSG00000221818,gencode
C6orf226,ENSG00000221821,gencode
PPP3R1,ENSG00000221823,gencode
PSG3,ENSG00000221826,gencode
FANCG,ENSG00000221829,gencode
OR2A5,ENSG00000221836,gencode
KRTAP10-9,ENSG00000221837,gencode
AP4M1,ENSG00000221838,gencode
OR4A5,ENSG00000221840,gencode
C2orf16,ENSG00000221843,gencode
KRTAP1-5,ENSG00000221852,gencode
OR2A12,ENSG00000221858,gencode
KRTAP10-10,ENSG00000221859,gencode
KRTAP12-2,ENSG00000221864,gencode
PLXNA4,ENSG00000221866,gencode
MAGEA3,ENSG00000221867,gencode
CEBPD,ENSG00000221869,gencode
PSG7,ENSG00000221878,gencode
KRTAP1-3,ENSG00000221880,gencode
OR3A2,ENSG00000221882,gencode
ARIH2OS,ENSG00000221883,gencode
ZBED8,ENSG00000221886,gencode
HMSD,ENSG00000221887,gencode
OR1C1,ENSG00000221888,gencode
NPTXR,ENSG00000221890,gencode
POM121L12,ENSG00000221900,gencode
FAM200A,ENSG00000221909,gencode
OR2F2,ENSG00000221910,gencode
PPP2R2A,ENSG00000221914,gencode
C19orf73,ENSG00000221916,gencode
ZNF880,ENSG00000221923,gencode
TRIM16,ENSG00000221926,gencode
OR6X1,ENSG00000221931,gencode
HEPN1,ENSG00000221932,gencode
OR2A25,ENSG00000221933,gencode
TAS2R40,ENSG00000221937,gencode
OR2A14,ENSG00000221938,gencode
TIGD1,ENSG00000221944,gencode
FXYD7,ENSG00000221946,gencode
XKR9,ENSG00000221947,gencode
OR4C12,ENSG00000221954,gencode
SLC12A8,ENSG00000221955,gencode
APOL6,ENSG00000221963,gencode
FADS3,ENSG00000221968,gencode
OR2A1,ENSG00000221970,gencode
OR4E2,ENSG00000221977,gencode
CCNL2,ENSG00000221978,gencode
UBA52,ENSG00000221983,gencode
MYBPHL,ENSG00000221986,gencode
PPT2,ENSG00000221988,gencode
OR2A2,ENSG00000221989,gencode
ZNF630,ENSG00000221994,gencode
TIAF1,ENSG00000221995,gencode
OR52B4,ENSG00000221996,gencode
BTBD19,ENSG00000222009,gencode
FAM185A,ENSG00000222011,gencode
RAB6C,ENSG00000222014,gencode
PSMB11,ENSG00000222028,gencode
POTEM,ENSG00000222036,gencode
POTEJ,ENSG00000222038,gencode
DCDC2B,ENSG00000222046,gencode
C10orf55,ENSG00000222047,gencode
TRIM49D1,ENSG00000223417,gencode
USP17L2,ENSG00000223443,gencode
EXOSC6,ENSG00000223496,gencode
VPS52,ENSG00000223501,gencode
CDRT15,ENSG00000223510,gencode
ZNF844,ENSG00000223547,gencode
USP17L15,ENSG00000223569,gencode
CKMT1A,ENSG00000223572,gencode
TINCR,ENSG00000223573,gencode
HBD,ENSG00000223609,gencode
ZNF735,ENSG00000223614,gencode
RFPL4A,ENSG00000223638,gencode
C1GALT1C1L,ENSG00000223658,gencode
CERS1,ENSG00000223802,gencode
CPTP,ENSG00000224051,gencode
CENPVL3,ENSG00000224109,gencode
PRR29,ENSG00000224383,gencode
C4B,ENSG00000224389,gencode
ADM5,ENSG00000224420,gencode
ATXN1L,ENSG00000224470,gencode
SMIM13,ENSG00000224531,gencode
GPX5,ENSG00000224586,gencode
NDUFAF8,ENSG00000224877,gencode
PRRT4,ENSG00000224940,gencode
PPP4R3C,ENSG00000224960,gencode
PNMA6F,ENSG00000225110,gencode
PVALEF,ENSG00000225180,gencode
PLEKHM1,ENSG00000225190,gencode
USP17L3,ENSG00000225327,gencode
CT62,ENSG00000225362,gencode
MKRN2OS,ENSG00000225526,gencode
Z82206.1,ENSG00000225528,gencode
C2CD4D,ENSG00000225556,gencode
ZNF469,ENSG00000225614,gencode
MCRIP1,ENSG00000225663,gencode
SLC26A6,ENSG00000225697,gencode
OR6V1,ENSG00000225781,gencode
DEFB131B,ENSG00000225805,gencode
FAM229A,ENSG00000225828,gencode
ERCC6,ENSG00000225830,gencode
FRG2B,ENSG00000225899,gencode
NOL7,ENSG00000225921,gencode
C5orf67,ENSG00000225940,gencode
NTF4,ENSG00000225950,gencode
ELFN1,ENSG00000225968,gencode
PIGBOS1,ENSG00000225973,gencode
CT47A6,ENSG00000226023,gencode
FTCDNL1,ENSG00000226124,gencode
TEX22,ENSG00000226174,gencode
OR52I2,ENSG00000226288,gencode
CROCC2,ENSG00000226321,gencode
DCAF8L1,ENSG00000226372,gencode
USP17L7,ENSG00000226430,gencode
TMEM185B,ENSG00000226479,gencode
AC138647.1,ENSG00000226490,gencode
KIF4B,ENSG00000226650,gencode
AC013470.2,ENSG00000226690,gencode
HSBP1L1,ENSG00000226742,gencode
SRRM5,ENSG00000226763,gencode
FAM30A,ENSG00000226777,gencode
PGAM4,ENSG00000226784,gencode
C13orf42,ENSG00000226792,gencode
ERVMER34-1,ENSG00000226887,gencode
RBMY1J,ENSG00000226941,gencode
LTA,ENSG00000226979,gencode
C14orf132,ENSG00000227051,gencode
WDR46,ENSG00000227057,gencode
ANHX,ENSG00000227059,gencode
ZNF717,ENSG00000227124,gencode
TRGC2,ENSG00000227191,gencode
SPANXB1,ENSG00000227234,gencode
KLLN,ENSG00000227268,gencode
PARG,ENSG00000227345,gencode
AKR1B15,ENSG00000227471,gencode
SCAMP4,ENSG00000227500,gencode
LTB,ENSG00000227507,gencode
RD3L,ENSG00000227729,gencode
TEX46,ENSG00000227868,gencode
MRLN,ENSG00000227877,gencode
POLR2J2,ENSG00000228049,gencode
BOD1L2,ENSG00000228075,gencode
IFNA14,ENSG00000228083,gencode
OR2M3,ENSG00000228198,gencode
ORM2,ENSG00000228278,gencode
FAM174C,ENSG00000228300,gencode
OST4,ENSG00000228474,gencode
C2orf92,ENSG00000228486,gencode
VN1R4,ENSG00000228567,gencode
NUTM2E,ENSG00000228570,gencode
FNDC10,ENSG00000228594,gencode
CLDN25,ENSG00000228607,gencode
PROB1,ENSG00000228672,gencode
ARL17B,ENSG00000228696,gencode
DHFR,ENSG00000228716,gencode
SAPCD1,ENSG00000228727,gencode
PGA4,ENSG00000229183,gencode
RFPL4AL1,ENSG00000229292,gencode
ORM1,ENSG00000229314,gencode
SFTA3,ENSG00000229415,reference_var
SPINK8,ENSG00000229453,gencode
PATL2,ENSG00000229474,gencode
NKX1-2,ENSG00000229544,gencode
PRAC2,ENSG00000229637,gencode
AL121578.2,ENSG00000229674,gencode
ZNF492,ENSG00000229676,gencode
ZNF688,ENSG00000229809,gencode
PET100,ENSG00000229833,gencode
PGA3,ENSG00000229859,gencode
GK3P,ENSG00000229894,gencode
FAM90A26,ENSG00000229924,gencode
PRPS1L1,ENSG00000229937,gencode
IQCF3,ENSG00000229972,gencode
TEX53,ENSG00000230054,gencode
ANKRD66,ENSG00000230062,gencode
ACBD6,ENSG00000230124,gencode
SSU72P8,ENSG00000230268,gencode
OR5H6,ENSG00000230301,gencode
SPDYE21P,ENSG00000230358,gencode
ANKRD18B,ENSG00000230453,gencode
PPP5D1,ENSG00000230510,gencode
MBD3L2,ENSG00000230522,gencode
USP17L1,ENSG00000230549,gencode
CCDC192,ENSG00000230561,gencode
TEX48,ENSG00000230601,gencode
AC011005.1,ENSG00000230626,gencode
PRB4,ENSG00000230657,gencode
SETSIP,ENSG00000230667,gencode
ANKRD63,ENSG00000230778,gencode
YY2,ENSG00000230797,gencode
STMND1,ENSG00000230873,gencode
HSBP1,ENSG00000230989,gencode
OR5H1,ENSG00000231192,gencode
PLSCR5,ENSG00000231213,gencode
CFAP97D1,ENSG00000231256,gencode
SBK3,ENSG00000231274,gencode
USP17L10,ENSG00000231396,gencode
TSPAN19,ENSG00000231738,gencode
AKAIN1,ENSG00000231824,gencode
CYP21A2,ENSG00000231852,gencode
OR5K2,ENSG00000231861,gencode
PSG1,ENSG00000231924,gencode
TAPBP,ENSG00000231925,gencode
PPP1R2B,ENSG00000231989,gencode
MAGEB6B,ENSG00000232030,gencode
ZBED9,ENSG00000232040,gencode
TMEM253,ENSG00000232070,gencode
TMA7,ENSG00000232112,gencode
TEX50,ENSG00000232113,gencode
MCTS1,ENSG00000232119,gencode
DYTN,ENSG00000232125,gencode
ASCL5,ENSG00000232237,gencode
TMEM114,ENSG00000232258,gencode
KRTAP25-1,ENSG00000232263,gencode
OR52I1,ENSG00000232268,gencode
OR5K1,ENSG00000232382,gencode
SMIM26,ENSG00000232388,gencode
USP17L13,ENSG00000232399,gencode
PRAMEF6,ENSG00000232423,gencode
AJM1,ENSG00000232434,gencode
KANTR,ENSG00000232593,gencode
GOLGA8N,ENSG00000232653,gencode
TNF,ENSG00000232810,gencode
PET117,ENSG00000232838,gencode
LYRM9,ENSG00000232859,gencode
PHGR1,ENSG00000233041,gencode
RAB6D,ENSG00000233087,gencode
RNF224,ENSG00000233198,gencode
OR5H15,ENSG00000233412,gencode
BTBD18,ENSG00000233436,gencode
TMEM238,ENSG00000233493,gencode
TWIST2,ENSG00000233608,gencode
PIRT,ENSG00000233670,gencode
PRR23C,ENSG00000233701,gencode
MYCNOS,ENSG00000233718,gencode
AC092835.1,ENSG00000233757,gencode
IFNA13,ENSG00000233816,gencode
HIST1H2BN,ENSG00000233822,gencode
CTXN2,ENSG00000233932,gencode
UQCRHL,ENSG00000233954,gencode
PAGE2,ENSG00000234068,gencode
TRIM26,ENSG00000234127,gencode
TMEM229A,ENSG00000234224,gencode
ZNF879,ENSG00000234284,gencode
CCDC188,ENSG00000234409,gencode
KBTBD13,ENSG00000234438,gencode
ZNF736,ENSG00000234444,gencode
PINLYP,ENSG00000234465,gencode
CLDN34,ENSG00000234469,gencode
C5orf58,ENSG00000234511,gencode
FAM133B,ENSG00000234545,gencode
OR10G8,ENSG00000234560,gencode
MCIDAS,ENSG00000234602,gencode
JRK,ENSG00000234616,gencode
NPIPB2,ENSG00000234719,gencode
C11orf94,ENSG00000234776,gencode
IQCM,ENSG00000234828,gencode
IFNA17,ENSG00000234829,gencode
APOC2,ENSG00000234906,gencode
SHISA8,ENSG00000234965,gencode
C19orf81,ENSG00000235034,gencode
ANKRD65,ENSG00000235098,gencode
BRD3OS,ENSG00000235106,gencode
ZSCAN31,ENSG00000235109,gencode
FAM237A,ENSG00000235118,gencode
C12orf75,ENSG00000235162,gencode
SMIM1,ENSG00000235169,gencode
HGH1,ENSG00000235173,gencode
PPP1R3E,ENSG00000235194,gencode
KDM4E,ENSG00000235268,gencode
RAMACL,ENSG00000235272,gencode
RPEL1,ENSG00000235376,gencode
SPAAR,ENSG00000235387,gencode
SMIM27,ENSG00000235453,gencode
NFAM1,ENSG00000235568,gencode
NKX1-1,ENSG00000235608,gencode
RNF148,ENSG00000235631,gencode
AL109810.2,ENSG00000235710,gencode
ANKRD34C,ENSG00000235711,gencode
MFRP,ENSG00000235718,gencode
KIAA0040,ENSG00000235750,gencode
B3GALT4,ENSG00000235863,gencode
LCE6A,ENSG00000235942,gencode
PNMA6A,ENSG00000235961,gencode
PATE3,ENSG00000236027,gencode
OR5H14,ENSG00000236032,gencode
ZBTB22,ENSG00000236104,gencode
USP17L4,ENSG00000236125,gencode
CLEC2L,ENSG00000236279,gencode
ZBED5,ENSG00000236287,gencode
SLFN14,ENSG00000236320,gencode
PPIAL4G,ENSG00000236334,gencode
CCDC200,ENSG00000236383,gencode
SLC35G4,ENSG00000236396,gencode
TAS2R39,ENSG00000236398,gencode
UBE2L5,ENSG00000236444,gencode
CT47B1,ENSG00000236446,gencode
AL354761.1,ENSG00000236543,gencode
ZNF853,ENSG00000236609,gencode
IFNA4,ENSG00000236637,gencode
ARHGEF38,ENSG00000236699,gencode
CTAGE9,ENSG00000236761,gencode
AL391650.1,ENSG00000236782,gencode
C3orf84,ENSG00000236980,gencode
OR10G9,ENSG00000236981,gencode
USP17L8,ENSG00000237038,gencode
TAAR9,ENSG00000237110,gencode
C4orf51,ENSG00000237136,gencode
B3GNT9,ENSG00000237172,gencode
CDKN2AIPNL,ENSG00000237190,gencode
MBD3L5,ENSG00000237247,gencode
CKMT1B,ENSG00000237289,gencode
RNF223,ENSG00000237330,gencode
PATE4,ENSG00000237353,gencode
AL445989.1,ENSG00000237378,gencode
OR4A47,ENSG00000237388,gencode
PRSS56,ENSG00000237412,gencode
ZNF737,ENSG00000237440,gencode
RGL2,ENSG00000237441,gencode
BHMG1,ENSG00000237452,gencode
C10orf143,ENSG00000237489,gencode
SHISA9,ENSG00000237515,gencode
OR7E24,ENSG00000237521,gencode
TEX51,ENSG00000237524,gencode
KIFC1,ENSG00000237649,gencode
C2orf74,ENSG00000237651,gencode
IRGM,ENSG00000237693,gencode
PRAMEF33,ENSG00000237700,gencode
FAM200B,ENSG00000237765,gencode
OR2I1P,ENSG00000237988,gencode
LRRC37A2,ENSG00000238083,gencode
MPC1L,ENSG00000238205,gencode
ETDA,ENSG00000238210,gencode
TMEM250,ENSG00000238227,gencode
PAGE2B,ENSG00000238269,gencode
TXNDC5,ENSG00000239264,gencode
CASTOR1,ENSG00000239282,gencode
RNF103,ENSG00000239305,gencode
RBM14,ENSG00000239306,gencode
ALKBH6,ENSG00000239382,gencode
ASB14,ENSG00000239388,gencode
PCDHA13,ENSG00000239389,gencode
KLHL41,ENSG00000239474,gencode
CASTOR3,ENSG00000239521,gencode
PRR20G,ENSG00000239620,gencode
MEIKIN,ENSG00000239642,gencode
NME1,ENSG00000239672,gencode
TNFSF12,ENSG00000239697,gencode
CDRT4,ENSG00000239704,gencode
APOBEC3G,ENSG00000239713,gencode
TLR9,ENSG00000239732,gencode
WBP1,ENSG00000239779,gencode
PRAMEF11,ENSG00000239810,gencode
DEFA3,ENSG00000239839,gencode
KRTAP9-2,ENSG00000239886,gencode
C1orf226,ENSG00000239887,gencode
ADSL,ENSG00000239900,gencode
AC104389.5,ENSG00000239920,gencode
LILRA4,ENSG00000239961,gencode
LILRA2,ENSG00000239998,gencode
TEX35,ENSG00000240021,gencode
AMY2B,ENSG00000240038,gencode
STRIT1,ENSG00000240045,gencode
LY6G5B,ENSG00000240053,gencode
PSMB9,ENSG00000240065,gencode
PCDHGC3,ENSG00000240184,gencode
SMKR1,ENSG00000240204,gencode
UGT1A5,ENSG00000240224,gencode
COX19,ENSG00000240230,gencode
ACAD11,ENSG00000240303,gencode
PPIL3,ENSG00000240344,gencode
LCE1F,ENSG00000240386,gencode
KIR3DL2,ENSG00000240403,gencode
KRTAP13-3,ENSG00000240432,gencode
TNFRSF13B,ENSG00000240505,gencode
L1TD1,ENSG00000240563,gencode
AQP1,ENSG00000240583,gencode
C1QTNF9,ENSG00000240654,gencode
ISY1,ENSG00000240682,gencode
PNMA2,ENSG00000240694,gencode
LRRD1,ENSG00000240720,gencode
KRBOX1,ENSG00000240747,gencode
PCDHGC5,ENSG00000240764,gencode
ARHGEF25,ENSG00000240771,gencode
TMEM189,ENSG00000240849,gencode
RDH14,ENSG00000240857,gencode
KRTAP4-7,ENSG00000240871,gencode
PLCXD2,ENSG00000240891,gencode
MIF,ENSG00000240972,gencode
NSUN6,ENSG00000241058,gencode
UGT1A9,ENSG00000241119,gencode
KRTAP10-5,ENSG00000241123,gencode
YAE1,ENSG00000241127,gencode
OR14A2,ENSG00000241128,gencode
AC115220.1,ENSG00000241149,gencode
TDGF1,ENSG00000241186,gencode
C3orf85,ENSG00000241224,gencode
KRTAP5-8,ENSG00000241233,gencode
KRTAP4-16,ENSG00000241241,gencode
CRCP,ENSG00000241258,gencode
CDRT1,ENSG00000241322,gencode
PDXP,ENSG00000241360,gencode
RPP21,ENSG00000241370,gencode
CD302,ENSG00000241399,gencode
EGFL8,ENSG00000241404,gencode
ATP5MF,ENSG00000241468,gencode
ARHGAP8,ENSG00000241484,gencode
ARPC4,ENSG00000241553,gencode
CORT,ENSG00000241563,gencode
KRTAP9-4,ENSG00000241595,gencode
KRTAP5-4,ENSG00000241598,gencode
UGT1A1,ENSG00000241635,gencode
INMT,ENSG00000241644,gencode
ARPC1A,ENSG00000241685,gencode
TMEFF1,ENSG00000241697,gencode
SPRR2A,ENSG00000241794,gencode
ATP5PO,ENSG00000241837,gencode
PLEKHO2,ENSG00000241839,gencode
C8orf58,ENSG00000241852,gencode
PISD,ENSG00000241878,gencode
HOGA1,ENSG00000241935,gencode
PI4KA,ENSG00000241973,gencode
KIR3DL3,ENSG00000242019,gencode
HYPK,ENSG00000242028,gencode
AMACR,ENSG00000242110,gencode
MTFP1,ENSG00000242114,gencode
MDFIC2,ENSG00000242120,gencode
ARHGDIG,ENSG00000242173,gencode
TCP10L,ENSG00000242220,gencode
PSG2,ENSG00000242221,gencode
ARFGAP3,ENSG00000242247,gencode
BGLAP,ENSG00000242252,gencode
C22orf39,ENSG00000242259,gencode
PEG10,ENSG00000242265,gencode
UGT1A8,ENSG00000242366,gencode
EIF6,ENSG00000242372,gencode
RBMY1E,ENSG00000242389,gencode
GTF2A1L,ENSG00000242441,gencode
ARPIN,ENSG00000242498,gencode
UGT1A10,ENSG00000242515,gencode
SERPINB10,ENSG00000242550,gencode
DECR2,ENSG00000242612,gencode
GNG10,ENSG00000242616,gencode
CCDC169,ENSG00000242715,gencode
RTL5,ENSG00000242732,gencode
AP5Z1,ENSG00000242802,gencode
ZNF709,ENSG00000242852,gencode
STRC,ENSG00000242866,gencode
EIF4EBP3,ENSG00000243056,gencode
PRAMEF4,ENSG00000243073,gencode
PSG11,ENSG00000243130,gencode
UGT1A3,ENSG00000243135,gencode
PSG4,ENSG00000243137,gencode
MICAL3,ENSG00000243156,gencode
STON1,ENSG00000243244,gencode
PRAF2,ENSG00000243279,gencode
VSIG8,ENSG00000243284,gencode
STMP1,ENSG00000243317,gencode
KCTD7,ENSG00000243335,gencode
EFNA4,ENSG00000243364,gencode
TICAM2,ENSG00000243414,gencode
C4orf48,ENSG00000243449,gencode
NAA80,ENSG00000243477,gencode
AMY2A,ENSG00000243480,gencode
KRTAP10-11,ENSG00000243489,gencode
TNFRSF6B,ENSG00000243509,gencode
WFDC6,ENSG00000243543,gencode
UPK3B,ENSG00000243566,gencode
IL10RB,ENSG00000243646,gencode
CFB,ENSG00000243649,gencode
ZNF487,ENSG00000243660,gencode
WDR92,ENSG00000243667,gencode
NME2,ENSG00000243678,gencode
PLA2G4B,ENSG00000243708,gencode
LEFTY1,ENSG00000243709,gencode
CFAP57,ENSG00000243710,gencode
TTC4,ENSG00000243725,gencode
OR5V1,ENSG00000243729,gencode
TMEM35B,ENSG00000243749,gencode
APOBEC3D,ENSG00000243811,gencode
TUBA4B,ENSG00000243910,gencode
ZNF512,ENSG00000243943,gencode
GSTA1,ENSG00000243955,gencode
RTL9,ENSG00000243978,gencode
ACY1,ENSG00000243989,gencode
NFS1,ENSG00000244005,gencode
MT1HL1,ENSG00000244020,gencode
KRTAP19-3,ENSG00000244025,gencode
DDOST,ENSG00000244038,gencode
TMEM199,ENSG00000244045,gencode
LCE3C,ENSG00000244057,gencode
GSTA2,ENSG00000244067,gencode
SPRR2F,ENSG00000244094,gencode
P2RY11,ENSG00000244165,gencode
TMEM141,ENSG00000244187,gencode
TMEM225B,ENSG00000244219,gencode
GMCL2,ENSG00000244234,gencode
IFITM10,ENSG00000244242,gencode
DBNDD2,ENSG00000244274,gencode
LY6G6D,ENSG00000244355,gencode
KRTAP19-7,ENSG00000244362,gencode
RBMY1D,ENSG00000244395,gencode
ETV5,ENSG00000244405,gencode
KRTAP5-7,ENSG00000244411,gencode
RBM12,ENSG00000244462,gencode
UGT1A4,ENSG00000244474,gencode
ERVFRD-1,ENSG00000244476,gencode
LILRA6,ENSG00000244482,gencode
SCARF2,ENSG00000244486,gencode
APOBEC3C,ENSG00000244509,gencode
KRTAP4-2,ENSG00000244537,gencode
RAD21L1,ENSG00000244588,gencode
CCDC13,ENSG00000244607,gencode
ASPRV1,ENSG00000244617,gencode
OR2AE1,ENSG00000244623,gencode
KRTAP20-1,ENSG00000244624,gencode
UBE2V1,ENSG00000244687,gencode
PTCHD4,ENSG00000244694,gencode
HBB,ENSG00000244734,gencode
CRYBB2,ENSG00000244752,gencode
N4BP2L2,ENSG00000244754,gencode
ZNF585B,ENSG00000245680,gencode
CEBPA,ENSG00000245848,gencode
H2AFJ,ENSG00000246705,gencode
UBAP1L,ENSG00000246922,gencode
PGAM5,ENSG00000247077,gencode
ZCCHC3,ENSG00000247315,gencode
SPTY2D1OS,ENSG00000247595,gencode
TWF2,ENSG00000247596,gencode
MARS2,ENSG00000247626,gencode
USP51,ENSG00000247746,gencode
BCKDHA,ENSG00000248098,gencode
INSL3,ENSG00000248099,gencode
MARCOL,ENSG00000248109,gencode
ADH1C,ENSG00000248144,gencode
APELA,ENSG00000248329,gencode
CDK11B,ENSG00000248333,gencode
PCDHAC1,ENSG00000248383,gencode
TARM1,ENSG00000248385,gencode
POU5F2,ENSG00000248483,gencode
PCP4L1,ENSG00000248485,gencode
ABHD14A,ENSG00000248487,gencode
CCDC153,ENSG00000248712,gencode
C4orf54,ENSG00000248713,gencode
ACTN3,ENSG00000248746,gencode
AC187653.1,ENSG00000248767,gencode
SMIM31,ENSG00000248771,gencode
FMN1,ENSG00000248905,gencode
HAUS5,ENSG00000249115,gencode
TAF11L12,ENSG00000249156,gencode
PCDHA11,ENSG00000249158,gencode
ATP5MGL,ENSG00000249222,gencode
TMEM150C,ENSG00000249242,gencode
NAIP,ENSG00000249437,gencode
ZNF324B,ENSG00000249471,gencode
SPATS1,ENSG00000249481,gencode
CLRN2,ENSG00000249581,gencode
LINC02218,ENSG00000249662,gencode
THEGL,ENSG00000249693,gencode
ZNF564,ENSG00000249709,gencode
FER1L5,ENSG00000249715,gencode
ECSCR,ENSG00000249751,gencode
HS3ST5,ENSG00000249853,gencode
LGALS16,ENSG00000249861,gencode
PDCD6,ENSG00000249915,gencode
GOLGA8K,ENSG00000249931,gencode
TERB1,ENSG00000249961,gencode
TMEM158,ENSG00000249992,gencode
YJEFN3,ENSG00000250067,gencode
PCDHA10,ENSG00000250120,gencode
PTTG2,ENSG00000250254,gencode
GIMD1,ENSG00000250298,gencode
TRMT9B,ENSG00000250305,gencode
ZNF718,ENSG00000250312,gencode
SMIM20,ENSG00000250317,gencode
GYPB,ENSG00000250361,gencode
TUNAR,ENSG00000250366,gencode
TRIM75P,ENSG00000250374,gencode
KIAA1210,ENSG00000250423,gencode
CHCHD10,ENSG00000250479,gencode
FAM218A,ENSG00000250486,gencode
CDK3,ENSG00000250506,gencode
GPR162,ENSG00000250510,gencode
ATP6V1E2,ENSG00000250565,gencode
GLI4,ENSG00000250571,gencode
REELD1,ENSG00000250673,gencode
P3R3URF,ENSG00000250719,gencode
SELENOP,ENSG00000250722,gencode
TAF11L14,ENSG00000250782,gencode
PRODH2,ENSG00000250799,gencode
AC010255.3,ENSG00000250803,gencode
EXOC1L,ENSG00000250821,gencode
USP17L18,ENSG00000250844,gencode
USP17L23,ENSG00000250913,gencode
ZNF674,ENSG00000251192,gencode
ZNF345,ENSG00000251247,gencode
RFPL4B,ENSG00000251258,gencode
SHANK3,ENSG00000251322,gencode
ZNF550,ENSG00000251369,gencode
DCANP1,ENSG00000251380,gencode
FOXD1,ENSG00000251493,gencode
PRB1,ENSG00000251655,gencode
PCDHA12,ENSG00000251664,gencode
PTX4,ENSG00000251692,gencode
OC90,ENSG00000253117,gencode
RGS21,ENSG00000253148,gencode
PCDHGA12,ENSG00000253159,gencode
C8orf88,ENSG00000253250,gencode
SHLD3,ENSG00000253251,gencode
CCDC71L,ENSG00000253276,gencode
HOXA10,ENSG00000253293,gencode
TMEM200B,ENSG00000253304,gencode
PCDHGB6,ENSG00000253305,gencode
SERPINE3,ENSG00000253309,gencode
C1orf210,ENSG00000253313,gencode
TRNP1,ENSG00000253368,gencode
SMIM18,ENSG00000253457,gencode
PCDHGA5,ENSG00000253485,gencode
NACA2,ENSG00000253506,gencode
PCDHGA7,ENSG00000253537,gencode
PYDC2,ENSG00000253548,gencode
SLC10A5,ENSG00000253598,gencode
PRSS51,ENSG00000253649,gencode
ALG11,ENSG00000253710,gencode
ATXN7L3B,ENSG00000253719,gencode
PRKDC,ENSG00000253729,gencode
PCDHGA6,ENSG00000253731,gencode
PCDHGA8,ENSG00000253767,gencode
ETV3L,ENSG00000253831,gencode
PCDHGA10,ENSG00000253846,gencode
PCDHGA11,ENSG00000253873,gencode
PCDHGB2,ENSG00000253910,gencode
CLDN23,ENSG00000253958,gencode
ZNF260,ENSG00000254004,gencode
LYN,ENSG00000254087,gencode
PINX1,ENSG00000254093,reference_var
PCDHGB7,ENSG00000254122,gencode
CD8B2,ENSG00000254126,gencode
NPIPB11,ENSG00000254206,gencode
PCDHGA3,ENSG00000254245,gencode
LRRC24,ENSG00000254402,gencode
SIGLEC14,ENSG00000254415,gencode
PBOV1,ENSG00000254440,gencode
OR4D10,ENSG00000254466,gencode
AP002495.1,ENSG00000254469,gencode
CHMP4A,ENSG00000254505,gencode
SIGLEC12,ENSG00000254521,gencode
PABPC4L,ENSG00000254535,gencode
OMP,ENSG00000254550,gencode
MAGEL2,ENSG00000254585,gencode
CSNK2A3,ENSG00000254598,gencode
ARMS2,ENSG00000254636,gencode
INS,ENSG00000254647,gencode
RTL1,ENSG00000254656,gencode
FPGT,ENSG00000254685,gencode
MEX3A,ENSG00000254726,gencode
OR10G4,ENSG00000254737,gencode
EEF1G,ENSG00000254772,gencode
SLC22A18AS,ENSG00000254827,gencode
OR5M10,ENSG00000254834,gencode
MPV17L2,ENSG00000254858,gencode
BORCS8,ENSG00000254901,gencode
DPP3,ENSG00000254986,gencode
KRTAP5-9,ENSG00000254997,gencode
BRK1,ENSG00000254999,gencode
UBTFL1,ENSG00000255009,gencode
OR5M1,ENSG00000255012,gencode
CHMP1B,ENSG00000255112,gencode
EID3,ENSG00000255150,gencode
GLYATL1B,ENSG00000255151,gencode
CCDC166,ENSG00000255181,gencode
NANOGP8,ENSG00000255192,gencode
CARD17,ENSG00000255221,gencode
OR5M11,ENSG00000255223,gencode
SMIM35,ENSG00000255274,gencode
OR8G5,ENSG00000255298,gencode
EID1,ENSG00000255302,gencode
OR52B2,ENSG00000255307,gencode
NOX5,ENSG00000255346,gencode
CCDC179,ENSG00000255359,gencode
TAS2R43,ENSG00000255374,gencode
OOSP4B,ENSG00000255393,gencode
HCAR3,ENSG00000255398,gencode
PCDHA3,ENSG00000255408,gencode
EBLN2,ENSG00000255423,gencode
CARD18,ENSG00000255501,gencode
POLR2M,ENSG00000255529,gencode
LY6G6E,ENSG00000255552,gencode
FDXACB1,ENSG00000255561,gencode
OR10G2,ENSG00000255582,gencode
RAB44,ENSG00000255587,gencode
TRIL,ENSG00000255690,gencode
OR4D2,ENSG00000255713,gencode
OR6J1,ENSG00000255804,gencode
TIFAB,ENSG00000255833,gencode
KDM4F,ENSG00000255855,gencode
CYP2A6,ENSG00000255974,gencode
AL590560.2,ENSG00000256029,gencode
CTSO,ENSG00000256043,gencode
COA8,ENSG00000256053,gencode
TRAPPC2B,ENSG00000256060,gencode
DNAAF4,ENSG00000256061,gencode
ZNF432,ENSG00000256087,gencode
SMLR1,ENSG00000256162,gencode
TAS2R30,ENSG00000256188,gencode
ZNF10,ENSG00000256223,gencode
ZNF486,ENSG00000256229,gencode
SMIM3,ENSG00000256235,gencode
HMBS,ENSG00000256269,gencode
ZNF225,ENSG00000256294,gencode
ASIC5,ENSG00000256394,gencode
TAS2R31,ENSG00000256436,gencode
DND1,ENSG00000256453,gencode
SALL3,ENSG00000256463,gencode
POLG2,ENSG00000256525,gencode
SMIM10L1,ENSG00000256537,gencode
OR13A1,ENSG00000256574,gencode
CLEC12B,ENSG00000256660,gencode
ZNF350,ENSG00000256683,gencode
PGA5,ENSG00000256713,gencode
STH,ENSG00000256762,gencode
ZNF253,ENSG00000256771,gencode
KLRF2,ENSG00000256797,gencode
C17orf100,ENSG00000256806,gencode
CAPNS2,ENSG00000256812,gencode
SLC5A8,ENSG00000256870,gencode
KHDC1L,ENSG00000256980,gencode
GPR142,ENSG00000257008,gencode
HP,ENSG00000257017,gencode
C11orf97,ENSG00000257057,gencode
DENND11,ENSG00000257093,gencode
LSM14A,ENSG00000257103,gencode
NHLRC4,ENSG00000257108,gencode
OR11H12,ENSG00000257115,gencode
TAS2R38,ENSG00000257138,gencode
GATC,ENSG00000257218,gencode
ZBED6,ENSG00000257315,gencode
MGAM,ENSG00000257335,gencode
FNTB,ENSG00000257365,gencode
ZNF878,ENSG00000257446,gencode
ZNF625,ENSG00000257591,gencode
GALNT4,ENSG00000257594,gencode
INAFM1,ENSG00000257704,gencode
CNPY2,ENSG00000257727,gencode
MGAM2,ENSG00000257743,gencode
CUX1,ENSG00000257923,gencode
TEN1,ENSG00000257949,gencode
TEX49,ENSG00000257987,gencode
OR9A4,ENSG00000258083,gencode
PRSS58,ENSG00000258223,gencode
CLEC5A,ENSG00000258227,gencode
CHURC1,ENSG00000258289,gencode
C17orf49,ENSG00000258315,gencode
RTEL1,ENSG00000258366,gencode
ZNF578,ENSG00000258405,gencode
PDF,ENSG00000258429,gencode
RNASE12,ENSG00000258436,gencode
OR11H2,ENSG00000258453,gencode
AC005726.1,ENSG00000258472,gencode
SPESP1,ENSG00000258484,gencode
TRIM34,ENSG00000258659,gencode
C20orf141,ENSG00000258713,gencode
OR4C13,ENSG00000258817,gencode
RNASE4,ENSG00000258818,gencode
MC1R,ENSG00000258839,gencode
DUXA,ENSG00000258873,gencode
CEP95,ENSG00000258890,gencode
TUBB3,ENSG00000258947,gencode
TMEM179,ENSG00000258986,gencode
TSPY1,ENSG00000258992,gencode
SMIM6,ENSG00000259120,gencode
ITGB3,ENSG00000259207,gencode
SLC35G6,ENSG00000259224,gencode
INAFM2,ENSG00000259330,gencode
GH1,ENSG00000259384,gencode
CTXND1,ENSG00000259417,gencode
UBE2Q2L,ENSG00000259511,gencode
BLID,ENSG00000259571,gencode
SLC22A31,ENSG00000259803,gencode
LYPD8,ENSG00000259823,gencode
AL845331.2,ENSG00000259916,gencode
RBM15B,ENSG00000259956,gencode
TGFBR3L,ENSG00000260001,gencode
HOXB7,ENSG00000260027,gencode
SPDYE6,ENSG00000260097,gencode
CCDC187,ENSG00000260220,gencode
FRRS1L,ENSG00000260230,gencode
ARMH2,ENSG00000260286,gencode
MRC1,ENSG00000260314,gencode
HSPB9,ENSG00000260325,gencode
SCX,ENSG00000260428,gencode
C16orf95,ENSG00000260456,gencode
KCNJ18,ENSG00000260458,gencode
ANKRD20A1,ENSG00000260691,gencode
TLE7,ENSG00000260734,gencode
SERTM2,ENSG00000260802,gencode
XKR7,ENSG00000260903,gencode
CCPG1,ENSG00000260916,gencode
TMEM178B,ENSG00000261115,gencode
EPPK1,ENSG00000261150,gencode
CLEC19A,ENSG00000261210,gencode
BOP1,ENSG00000261236,gencode
MUC22,ENSG00000261272,gencode
FIGNL2,ENSG00000261308,gencode
AC010325.1,ENSG00000261341,gencode
PECAM1,ENSG00000261371,gencode
TUBB8,ENSG00000261456,gencode
TMEM249,ENSG00000261587,gencode
TPBGL,ENSG00000261594,gencode
GAN,ENSG00000261609,gencode
GOLGA6L7,ENSG00000261649,gencode
C15orf65,ENSG00000261652,gencode
LY6L,ENSG00000261667,gencode
SCRT1,ENSG00000261678,gencode
HPR,ENSG00000261701,gencode
TCF24,ENSG00000261787,gencode
GOLGA8H,ENSG00000261794,gencode
MIA,ENSG00000261857,gencode
SMIM36,ENSG00000261873,gencode
PCDHGA9,ENSG00000261934,gencode
GFY,ENSG00000261949,gencode
AC233723.1,ENSG00000262165,gencode
MYMX,ENSG00000262179,gencode
CORO7,ENSG00000262246,gencode
MMP12,ENSG00000262406,gencode
CCER2,ENSG00000262484,gencode
SMIM28,ENSG00000262543,gencode
OR1D5,ENSG00000262628,gencode
SPON1,ENSG00000262655,gencode
OVCA2,ENSG00000262664,gencode
C19orf84,ENSG00000262874,gencode
CCNQ,ENSG00000262919,gencode
GTF2I,ENSG00000263001,gencode
ZNF234,ENSG00000263002,gencode
MYZAP,ENSG00000263155,gencode
DPEP2NB,ENSG00000263201,gencode
AC119396.1,ENSG00000263264,gencode
PPIAL4A,ENSG00000263353,gencode
TMEM238L,ENSG00000263429,gencode
SRSF8,ENSG00000263465,gencode
FAM72C,ENSG00000263513,gencode
IKBKE,ENSG00000263528,gencode
MSMB,ENSG00000263639,gencode
GDF2,ENSG00000263761,gencode
LINC00672,ENSG00000263874,gencode
NBPF11,ENSG00000263956,gencode
RHEX,ENSG00000263961,gencode
AKR1C8P,ENSG00000264006,gencode
ANXA8L1,ENSG00000264230,gencode
DYNLL2,ENSG00000264364,gencode
MYH4,ENSG00000264424,gencode
OTUD7B,ENSG00000264522,gencode
GJA5,ENSG00000265107,gencode
ANXA8,ENSG00000265190,gencode
RBP3,ENSG00000265203,gencode
RBM8A,ENSG00000265241,gencode
TIMM23,ENSG00000265354,gencode
RNF115,ENSG00000265491,gencode
ZNF488,ENSG00000265763,gencode
SEC22B,ENSG00000265808,gencode
FSBP,ENSG00000265817,gencode
TXNIP,ENSG00000265972,gencode
SRGAP2,ENSG00000266028,gencode
BAHCC1,ENSG00000266074,gencode
RASSF5,ENSG00000266094,gencode
STRADA,ENSG00000266173,gencode
KLF14,ENSG00000266265,gencode
NBPF15,ENSG00000266338,gencode
NCOA4,ENSG00000266412,gencode
GDF10,ENSG00000266524,gencode
MYO15B,ENSG00000266714,gencode
AC011195.2,ENSG00000266826,gencode
FXYD1,ENSG00000266964,gencode
AARSD1,ENSG00000266967,gencode
ZNF850,ENSG00000267041,gencode
PTGES3L,ENSG00000267060,gencode
AC090360.1,ENSG00000267127,gencode
LCN6,ENSG00000267206,gencode
C17orf113,ENSG00000267221,gencode
UPK3BL1,ENSG00000267368,gencode
APOC4,ENSG00000267467,gencode
ZNF285,ENSG00000267508,gencode
S1PR2,ENSG00000267534,gencode
CGB1,ENSG00000267631,gencode
FDX2,ENSG00000267673,gencode
ZNF224,ENSG00000267680,gencode
EDDM13,ENSG00000267710,gencode
SMIM22,ENSG00000267795,gencode
LIN37,ENSG00000267796,gencode
NDUFA7,ENSG00000267855,gencode
CCDC177,ENSG00000267909,gencode
MAGEA9B,ENSG00000267978,gencode
ERFL,ENSG00000268041,gencode
NBPF12,ENSG00000268043,gencode
GABRQ,ENSG00000268089,gencode
SLC6A14,ENSG00000268104,gencode
SMIM17,ENSG00000268182,gencode
OPN1MW,ENSG00000268221,gencode
ARL14EPL,ENSG00000268223,gencode
TCP11X1,ENSG00000268235,gencode
SCGB1C2,ENSG00000268320,gencode
TEX13A,ENSG00000268629,gencode
CTAG1A,ENSG00000268651,gencode
AC008687.4,ENSG00000268655,gencode
ZNF723,ENSG00000268696,gencode
AC106774.4,ENSG00000268799,gencode
ERVV-2,ENSG00000268964,gencode
SPANXN2,ENSG00000268988,gencode
CALR3,ENSG00000269058,gencode
ZNF728,ENSG00000269067,gencode
TRABD2B,ENSG00000269113,gencode
FBXO17,ENSG00000269190,gencode
MAGIX,ENSG00000269313,gencode
IKBKG,ENSG00000269335,gencode
ZNF587B,ENSG00000269343,gencode
SPIB,ENSG00000269404,gencode
NXF2,ENSG00000269405,gencode
OPN1MW3,ENSG00000269433,gencode
NXF2B,ENSG00000269437,gencode
H3.Y,ENSG00000269466,gencode
ERVV-1,ENSG00000269526,gencode
TMEM185A,ENSG00000269556,gencode
ZIM2,ENSG00000269699,gencode
CCDC194,ENSG00000269720,gencode
SLC25A53,ENSG00000269743,gencode
RNF225,ENSG00000269855,gencode
EGLN2,ENSG00000269858,gencode
MEI4,ENSG00000269964,gencode
TERC,ENSG00000270141,gencode
NCBP2AS2,ENSG00000270170,gencode
PPIAL4H,ENSG00000270339,gencode
HEATR9,ENSG00000270379,gencode
PRAMEF5,ENSG00000270601,gencode
TAF15,ENSG00000270647,gencode
GAS2L2,ENSG00000270765,gencode
C17orf50,ENSG00000270806,gencode
RASL10B,ENSG00000270885,gencode
CTAGE15,ENSG00000271079,gencode
UGT2A2,ENSG00000271271,gencode
SRXN1,ENSG00000271303,gencode
CTAGE6,ENSG00000271321,gencode
NBPF19,ENSG00000271383,gencode
MMP28,ENSG00000271447,gencode
CCL5,ENSG00000271503,gencode
LIX1L,ENSG00000271601,gencode
MILR1,ENSG00000271605,gencode
SMIM32,ENSG00000271824,gencode
ANKRD34A,ENSG00000272031,gencode
GTF2H5,ENSG00000272047,gencode
NUDT3,ENSG00000272325,gencode
KMT2B,ENSG00000272333,gencode
POM121C,ENSG00000272391,gencode
CD24,ENSG00000272398,gencode
CFAP206,ENSG00000272514,gencode
MUSTN1,ENSG00000272573,gencode
ZNF595,ENSG00000272602,gencode
DOC2B,ENSG00000272636,gencode
PCDHB16,ENSG00000272674,gencode
KRTAP10-7,ENSG00000272804,gencode
DCP1A,ENSG00000272886,gencode
ATP6V1FNB,ENSG00000272899,gencode
C2orf15,ENSG00000273045,gencode
GRIN2B,ENSG00000273079,gencode
LYPD4,ENSG00000273111,gencode
NBPF26,ENSG00000273136,gencode
TMEM271,ENSG00000273238,gencode
ZBTB8B,ENSG00000273274,gencode
FOXD4L6,ENSG00000273514,gencode
AGBL1,ENSG00000273540,gencode
CWC25,ENSG00000273559,gencode
EPOP,ENSG00000273604,gencode
HIST1H2BM,ENSG00000273703,gencode
LHX1,ENSG00000273706,gencode
CYFIP1,ENSG00000273749,gencode
CEACAM20,ENSG00000273777,gencode
HIST1H2BG,ENSG00000273802,gencode
USP27X,ENSG00000273820,gencode
TAF9,ENSG00000273841,gencode
NOL12,ENSG00000273899,gencode
GOLGA6L1,ENSG00000273976,gencode
HIST1H3G,ENSG00000273983,gencode
CASTOR2,ENSG00000274070,gencode
OR4M2,ENSG00000274102,gencode
NATD1,ENSG00000274180,gencode
H2AFB1,ENSG00000274183,gencode
ANTXRL,ENSG00000274209,gencode
SOCS7,ENSG00000274211,gencode
GGTLC3,ENSG00000274252,gencode
ADRA2B,ENSG00000274286,gencode
ZNF658,ENSG00000274349,gencode
TMEM269,ENSG00000274386,gencode
TPTE,ENSG00000274391,gencode
C8orf89,ENSG00000274443,gencode
RCC1L,ENSG00000274523,gencode
SEBOX,ENSG00000274529,gencode
DGKK,ENSG00000274588,gencode
RIMBP3B,ENSG00000274600,gencode
CCL23,ENSG00000274736,gencode
ELOA3D,ENSG00000274744,gencode
KRTAP7-1,ENSG00000274749,gencode
HIST1H3E,ENSG00000274750,gencode
PRAMEF27,ENSG00000274764,gencode
TBC1D3B,ENSG00000274808,gencode
PANO1,ENSG00000274897,gencode
HIST1H2AH,ENSG00000274997,gencode
ZNF280B,ENSG00000275004,gencode
MLLT6,ENSG00000275023,gencode
PPP4R3B,ENSG00000275052,gencode
SYNRG,ENSG00000275066,gencode
NUDT18,ENSG00000275074,gencode
ZNF2,ENSG00000275111,gencode
CCL16,ENSG00000275152,gencode
LENG9,ENSG00000275183,gencode
HIST1H2AK,ENSG00000275221,gencode
CCL4,ENSG00000275302,gencode
PRAG1,ENSG00000275342,gencode
C7orf77,ENSG00000275356,gencode
HIST1H3I,ENSG00000275379,gencode
CCL18,ENSG00000275385,gencode
FCGBP,ENSG00000275395,gencode
HNF1B,ENSG00000275410,gencode
FP565260.1,ENSG00000275464,gencode
C17orf98,ENSG00000275489,gencode
GRIFIN,ENSG00000275572,gencode
XKR5,ENSG00000275591,gencode
HIST1H4G,ENSG00000275663,gencode
AATF,ENSG00000275700,gencode
HIST1H2BH,ENSG00000275713,gencode
CCL15,ENSG00000275718,gencode
LYZL6,ENSG00000275722,gencode
HNRNPCL2,ENSG00000275774,gencode
RIMBP3,ENSG00000275793,gencode
ARHGAP23,ENSG00000275832,gencode
TUBGCP5,ENSG00000275835,gencode
PRSS2,ENSG00000275896,gencode
SPATA31A3,ENSG00000275969,gencode
SIK1B,ENSG00000275993,gencode
DUSP14,ENSG00000276023,gencode
SPATA31A7,ENSG00000276040,gencode
UHRF1,ENSG00000276043,gencode
ORAI1,ENSG00000276045,gencode
CCL4L2,ENSG00000276070,gencode
CRYAA2,ENSG00000276076,gencode
CCL3L1,ENSG00000276085,gencode
OR13C2,ENSG00000276119,gencode
HIST1H4I,ENSG00000276180,gencode
PIK3R6,ENSG00000276231,gencode
TADA2A,ENSG00000276234,gencode
OR4E1,ENSG00000276240,gencode
KCNE1B,ENSG00000276289,gencode
PIP4K2B,ENSG00000276293,gencode
CCL14,ENSG00000276409,gencode
HIST1H2BB,ENSG00000276410,gencode
SPATA31A5,ENSG00000276581,gencode
RAB7B,ENSG00000276600,gencode
DACH1,ENSG00000276644,gencode
PADI6,ENSG00000276747,gencode
GSTT4,ENSG00000276950,gencode
HIST1H4E,ENSG00000276966,gencode
HNRNPCL3,ENSG00000277058,gencode
HIST1H2AE,ENSG00000277075,gencode
TYW1B,ENSG00000277149,gencode
PIGW,ENSG00000277161,gencode
F8A1,ENSG00000277203,gencode
PCGF2,ENSG00000277258,gencode
C10orf142,ENSG00000277288,gencode
GOLGA6L6,ENSG00000277322,gencode
SRCIN1,ENSG00000277363,gencode
GPR179,ENSG00000277399,gencode
MARCKS,ENSG00000277443,gencode
ZNF670,ENSG00000277462,gencode
PKD1L3,ENSG00000277481,gencode
GPIHBP1,ENSG00000277494,gencode
PNMA8C,ENSG00000277531,gencode
AL772284.2,ENSG00000277535,gencode
OR13C5,ENSG00000277556,gencode
NEFL,ENSG00000277586,gencode
CCL3,ENSG00000277632,gencode
AC007906.2,ENSG00000277639,gencode
TRAC,ENSG00000277734,gencode
PSMB3,ENSG00000277791,gencode
GOLGA6L22,ENSG00000277865,gencode
SRD5A2,ENSG00000277893,gencode
OR52E5,ENSG00000277932,gencode
CISD3,ENSG00000277972,gencode
RDM1,ENSG00000278023,gencode
DDX52,ENSG00000278053,gencode
TEX28,ENSG00000278057,gencode
ZNF8,ENSG00000278129,gencode
SSTR3,ENSG00000278195,gencode
MYO19,ENSG00000278259,gencode
GGNBP2,ENSG00000278311,gencode
ZNF229,ENSG00000278318,gencode
C17orf78,ENSG00000278505,gencode
POTEB3,ENSG00000278522,gencode
DHRS11,ENSG00000278535,gencode
ACACA,ENSG00000278540,gencode
TMEM191B,ENSG00000278558,gencode
NR2E3,ENSG00000278570,gencode
TBC1D3E,ENSG00000278599,gencode
C11orf98,ENSG00000278615,gencode
MRM1,ENSG00000278619,gencode
ELOA3B,ENSG00000278674,gencode
IQCA1L,ENSG00000278685,gencode
HIST1H4B,ENSG00000278705,gencode
AC236972.4,ENSG00000278803,gencode
HIST1H3H,ENSG00000278828,gencode
OR51G1,ENSG00000278870,gencode
OR2S2,ENSG00000278889,gencode
OR10A6,ENSG00000279000,gencode
OR6Q1,ENSG00000279051,gencode
OR10X1,ENSG00000279111,gencode
OR8D2,ENSG00000279116,gencode
PRAMEF13,ENSG00000279169,gencode
OR2L8,ENSG00000279263,gencode
OR52R1,ENSG00000279270,gencode
OR2T11,ENSG00000279301,gencode
OR5L1,ENSG00000279395,gencode
AC135068.3,ENSG00000279408,gencode
OR2AG1,ENSG00000279486,gencode
OR4C16,ENSG00000279514,gencode
OR5D13,ENSG00000279761,gencode
PRAMEF18,ENSG00000279804,gencode
OR5R1,ENSG00000279961,gencode
OR51F1,ENSG00000280021,gencode
GATD3B,ENSG00000280071,gencode
OR8B4,ENSG00000280090,gencode
OR1B1,ENSG00000280094,gencode
PCDH20,ENSG00000280165,gencode
OR1S1,ENSG00000280204,gencode
OR12D2,ENSG00000280236,gencode
OR8K3,ENSG00000280314,gencode
FP565260.6,ENSG00000280433,gencode
CCDC163,ENSG00000280670,gencode
PAGR1,ENSG00000280789,gencode
TMEM272,ENSG00000281106,gencode
BLACAT1,ENSG00000281406,gencode
TMEM265,ENSG00000281991,gencode
TEX13D,ENSG00000282419,gencode
ADORA3,ENSG00000282608,gencode
DUXB,ENSG00000282757,gencode
TEX13C,ENSG00000282815,gencode
C1orf232,ENSG00000282872,gencode
TMEM275,ENSG00000282881,gencode
KLF18,ENSG00000283039,gencode
LBHD2,ENSG00000283071,gencode
C13orf46,ENSG00000283199,gencode
AL353572.3,ENSG00000283205,gencode
SPRR5,ENSG00000283227,gencode
CCDC201,ENSG00000283247,gencode
FAM237B,ENSG00000283267,gencode
TEX54,ENSG00000283268,gencode
SMIM33,ENSG00000283288,gencode
TEX52,ENSG00000283297,gencode
CTXND2,ENSG00000283324,gencode
FAM240B,ENSG00000283329,gencode
CFAP97D2,ENSG00000283361,gencode
CNTNAP3C,ENSG00000283378,gencode
CCDC195,ENSG00000283428,gencode
CSNKA2IP,ENSG00000283434,gencode
SPEM3,ENSG00000283439,gencode
HSFX4,ENSG00000283463,gencode
FAM240A,ENSG00000283473,gencode
LITAFD,ENSG00000283516,gencode
PRRT1B,ENSG00000283526,gencode
AC021072.1,ENSG00000283536,gencode
C19orf85,ENSG00000283567,gencode
FAM169B,ENSG00000283597,gencode
BX276092.9,ENSG00000283599,gencode
EXOC3L2,ENSG00000283632,gencode
ETDC,ENSG00000283644,gencode
LMLN2,ENSG00000283654,gencode
MYOCOS,ENSG00000283683,gencode
HSFX3,ENSG00000283697,gencode
VSIG10L2,ENSG00000283703,gencode
TAF11L11,ENSG00000283740,gencode
CPHXL,ENSG00000283755,gencode
PMIS2,ENSG00000283758,gencode
TAF11L13,ENSG00000283776,gencode
PRR33,ENSG00000283787,gencode
TAF11L8,ENSG00000283967,gencode
GNG14,ENSG00000283980,gencode
TAF11L9,ENSG00000283988,gencode
SLURP2,ENSG00000283992,gencode
TAF11L6,ENSG00000284042,gencode
AL451007.3,ENSG00000284188,gencode
SCO2,ENSG00000284194,gencode
TAF11L4,ENSG00000284283,gencode
SSU72P2,ENSG00000284306,gencode
C2orf81,ENSG00000284308,gencode
TAF11L2,ENSG00000284373,gencode
AL032819.3,ENSG00000284395,gencode
SSU72P7,ENSG00000284438,gencode
TAF11L3,ENSG00000284439,gencode
AC025287.4,ENSG00000284484,gencode
THSD8,ENSG00000284491,gencode
SSU72P3,ENSG00000284546,gencode
OR8B3,ENSG00000284609,gencode
SCYGR4,ENSG00000284631,gencode
SCYGR8,ENSG00000284635,gencode
AC005551.1,ENSG00000284638,gencode
OR8B2,ENSG00000284680,gencode
AC092442.1,ENSG00000284684,gencode
AC073111.4,ENSG00000284691,gencode
TMEM247,ENSG00000284701,gencode
SCYGR3,ENSG00000284704,gencode
SMIM38,ENSG00000284713,gencode
OR8S1,ENSG00000284723,gencode
C12orf81,ENSG00000284730,gencode
EEF1AKMT4,ENSG00000284753,gencode
TBCE,ENSG00000285053,reference_var
AC132217.2,ENSG00000284779,gencode
SMIM41,ENSG00000284791,gencode
AC008397.1,ENSG00000284797,gencode
GCSAML-AS1,ENSG00000284824,gencode
AP000812.4,ENSG00000284844,gencode
CCDC39,ENSG00000284862,reference_var
OOSP1,ENSG00000284873,gencode
ARHGAP11B,ENSG00000284906,gencode
AC048338.2,ENSG00000284934,gencode
BX255925.3,ENSG00000284976,gencode
OOSP4A,ENSG00000285010,gencode
AC091057.6,ENSG00000285077,gencode
AC004593.3,ENSG00000285162,gencode
OOSP3,ENSG00000285231,gencode
AL160269.1,ENSG00000285269,gencode
AC025283.2,ENSG00000285329,gencode
POLR2J3,ENSG00000168255,gencode_hgnc_tiebreak
ZNF883,ENSG00000285447,reference_var
AC021097.2,ENSG00000285480,gencode
AC067752.1,ENSG00000285551,gencode
AL445238.1,ENSG00000285566,gencode
AC134684.8,ENSG00000285687,gencode
AC134684.9,ENSG00000285765,gencode
AC084121.9,ENSG00000285814,gencode
AC113348.1,ENSG00000285891,gencode
AC084121.12,ENSG00000285937,gencode
AC072022.2,ENSG00000285938,gencode
AL162596.1,ENSG00000285946,gencode
AC084121.13,ENSG00000285950,gencode
AC134684.11,ENSG00000285975,gencode
AL135905.2,ENSG00000285976,gencode
NOTCH2NLB,ENSG00000286019,gencode
GGT1,ENSG00000286070,reference_var
SPEGNB,ENSG00000286095,gencode
AP000552.4,ENSG00000286102,gencode
AC253572.1,ENSG00000286106,gencode
AL603764.2,ENSG00000286135,gencode
DERPC,ENSG00000286140,gencode
AC023490.5,ENSG00000286175,gencode
NOTCH2NLC,ENSG00000286219,gencode
AC007244.1,ENSG00000286265,gencode
GABARAPL2,ENSG00000034713,gencode
SLC39A4,ENSG00000147804,gencode
TKT,ENSG00000163931,gencode
PRH1,ENSG00000231887,gencode
